pl_name,hostname,tic_id,st_mass,st_masserr1,st_masserr2,sy_vmag,sy_vmagerr1,sy_vmagerr2,sy_kmag,sy_kmagerr1,sy_kmagerr2,pl_orbsmax,pl_orbsmaxerr1,pl_orbsmaxerr2,pl_orbeccen,pl_orbeccenerr1,pl_orbeccenerr2
Kepler-334 d,Kepler-334,TIC 158394479,1.022,0.0235,-0.0235,12.834,0.069,-0.069,11.409,0.013,-0.013,0.168,,,0.0,,
Kepler-251 d,Kepler-251,TIC 272489533,0.891,0.019,-0.027,15.541,0.275,-0.275,13.632,0.042,-0.042,0.182,,,0.0,,
Kepler-729 b,Kepler-729,TIC 158269049,0.94,0.04,-0.056,15.567,0.16,-0.16,14.086,0.06,-0.06,0.0432,,,0.0,,
Kepler-687 b,Kepler-687,TIC 121988890,0.77,0.036,-0.039,15.695,0.343,-0.343,13.216,0.034,-0.034,0.1326,,,0.0,,
Kepler-119 b,Kepler-119,TIC 271964647,0.918,0.034,-0.034,14.375,0.08,-0.08,12.58,0.021,-0.021,0.035,,,0.0,,
Kepler-1115 b,Kepler-1115,TIC 138960099,1.6,0.096,-0.1,11.983,0.034,-0.034,11.512,0.021,-0.021,0.2134,,,0.0,,
Kepler-1073 b,Kepler-1073,TIC 138568416,1.0,0.095,-0.066,14.749,0.08,-0.08,12.924,0.032,-0.032,0.0805,,,0.0,,
HD 16175 b,HD 16175,TIC 422922274,1.63,0.14,-0.14,7.297,0.023,-0.023,5.853,0.021,-0.021,2.12,0.07,-0.07,0.6,0.11,-0.11
Kepler-405 b,Kepler-405,TIC 137150544,0.873,0.026,-0.021,16.181,0.389,-0.389,14.056,0.067,-0.067,0.095,,,0.0,,
KIC 10001893 c,KIC 10001893,TIC 158488181,0.47,0.03,-0.03,15.829,0.15,-0.15,16.612,,,,,,,,
Kepler-899 b,Kepler-899,TIC 169557750,0.93,0.083,-0.065,15.713,0.217,-0.217,13.615,0.04,-0.04,0.1392,,,0.0,,
Kepler-1255 b,Kepler-1255,TIC 271538318,1.08,0.097,-0.086,15.308,0.069,-0.069,13.692,0.045,-0.045,0.2226,,,0.0,,
KELT-23 A b,KELT-23 A,TIC 458478250,0.944,0.06,-0.054,10.308,0.005,-0.005,8.904,,,0.03302,0.00068,-0.00064,0.0,,
Kepler-1447 b,Kepler-1447,TIC 416281317,0.97,0.05,-0.059,14.747,0.08,-0.08,13.124,0.031,-0.031,0.2836,,,0.0,,
TOI-220 b,TOI-220,TIC 150098860,0.825,0.028,-0.028,10.466,0.007,-0.007,8.542,0.025,-0.025,0.08911,0.001,-0.001,0.032,0.038,-0.023
HD 23472 d,HD 23472,TIC 425997655,0.67,0.03,-0.03,9.73,0.03,-0.03,7.207,0.023,-0.023,0.04298,0.00063,-0.00065,0.07,0.05,-0.047
HD 215497 c,HD 215497,TIC 469943599,0.92,0.05,-0.05,8.96,0.03,-0.03,6.784,0.024,-0.024,1.31,0.02,-0.02,0.47,0.03,-0.04
TOI-5726.01,TOI-5726,TIC 71582156,1.06,0.13,-0.13,9.736,0.002,-0.002,8.23,0.016,-0.016,0.062186,0.002454,-0.002668,,,
GJ 338 B b,GJ 338 B,TIC 251078597,0.64,0.07,-0.07,7.7,0.1,-0.1,4.136,0.02,-0.02,0.142,0.005,-0.005,0.109,0.1,-0.075
TOI-2285 b,TOI-2285,TIC 329148988,0.454,0.01,-0.01,13.403,0.092,-0.092,9.034,0.022,-0.022,0.1363,0.001,-0.001,0.3,0.1,-0.09
Kepler-659 b,Kepler-659,TIC 158489787,0.79,0.034,-0.041,15.758,0.103,-0.103,13.353,0.026,-0.026,0.1204,,,0.0,,
TOI-411 c,HD 22946,TIC 100990000,1.098,0.04,-0.039,8.270001,0.03,-0.03,6.981,0.029,-0.029,0.1017,0.0015,-0.0014,0.16,0.17,-0.1
Kepler-1118 b,Kepler-1118,TIC 239238425,0.96,0.106,-0.077,15.238,0.137,-0.137,13.04,0.031,-0.031,0.2079,,,0.0,,
Kepler-133 c,Kepler-133,TIC 28089143,1.02,0.052,-0.052,12.896,0.069,-0.069,11.32,0.016,-0.016,0.204,,,0.0,,
Kepler-620 b,Kepler-620,TIC 350737935,1.15,0.15,-0.082,14.844,0.024,-0.024,13.284,0.04,-0.04,0.1053,,,0.0,,
Kepler-92 b,Kepler-92,TIC 121943724,1.21,0.08,-0.08,11.671,0.022,-0.022,10.403,0.018,-0.018,0.12232,0.00189,-0.00189,0.17,0.1,-0.17
HAT-P-51 b,HAT-P-51,TIC 61205803,0.961,0.04,-0.036,13.51,0.103,-0.103,11.614,0.02,-0.02,0.05042,0.00068,-0.00065,0.07,,
Kepler-179 b,Kepler-179,TIC 268057162,0.893,0.013,-0.024,14.772,0.092,-0.092,12.75,0.026,-0.026,0.036,,,0.0,,
Kepler-166 b,Kepler-166,TIC 26814955,0.811,0.025,-0.03,14.857,0.126,-0.126,12.876,0.032,-0.032,0.072,,,0.0,,
Kepler-595 c,Kepler-595,TIC 27231753,0.93,0.059,-0.059,15.067,0.126,-0.126,12.862,0.029,-0.029,0.0983,,,0.0,,
Kepler-28 c,Kepler-28,TIC 63122956,0.684,0.026,-0.026,15.13,0.057,-0.057,12.719,0.028,-0.028,0.07519,0.00048,-0.00048,0.017,0.023,-0.014
Kepler-210 b,Kepler-210,TIC 63283780,0.77,0.017,-0.019,14.126,0.137,-0.137,11.313,0.016,-0.016,0.032,,,0.0,,
Kepler-782 b,Kepler-782,TIC 158839841,0.98,0.051,-0.052,12.843,0.092,-0.092,11.325,0.013,-0.013,0.54494,0.0031,-0.0031,0.0,,
Kepler-414 c,Kepler-414,TIC 28357724,0.89,,,13.378,0.24,-0.24,11.698,0.02,-0.02,0.07195,0.00041,-0.00041,0.0,,
Kepler-238 f,Kepler-238,TIC 121460918,1.06,0.17,-0.12,15.297,0.035,-0.035,13.512,0.039,-0.039,0.28635,0.00381,-0.00381,0.0,,
Kepler-664 b,Kepler-664,TIC 299033092,1.01,0.062,-0.05,15.663,0.275,-0.275,13.952,0.047,-0.047,0.0374,,,0.0,,
Kepler-1123 b,Kepler-1123,TIC 27188610,0.93,0.04,-0.044,14.933,0.08,-0.08,13.105,0.035,-0.035,0.0497,,,0.0,,
Kepler-1098 b,Kepler-1098,TIC 271763415,0.99,0.096,-0.073,14.886,0.092,-0.092,13.07,0.033,-0.033,0.0358,,,0.0,,
HAT-P-49 b,HAT-P-49,TIC 99224131,2.22,0.83,-0.83,10.205,0.006,-0.006,9.346,0.017,-0.017,0.04378,0.00048,-0.00049,0.0,,
XO-4 b,XO-4,TIC 51234631,1.1,0.22,-0.22,10.814,0.008,-0.008,9.406,0.023,-0.023,0.05524,0.00027,-0.00028,0.0,,
Kepler-1084 b,Kepler-1084,TIC 267749737,1.12,0.075,-0.063,12.015,0.034,-0.034,10.836,0.018,-0.018,0.0324,,,0.0,,
Kepler-520 b,Kepler-520,TIC 138097531,1.1,0.036,-0.043,12.798,0.092,-0.092,11.488,0.02,-0.02,0.14628,0.00196,-0.00196,0.0,,
nu Oph b,nu Oph,TIC 9815387,2.61,0.32,-0.57,3.31216,0.023,-0.023,1.225,0.306,-0.306,1.765,0.0,0.0,0.126,0.003,-0.004
Kepler-1895 b,Kepler-1895,TIC 26493559,0.86,0.049,-0.085,15.787,0.195,-0.195,13.441,0.044,-0.044,0.0615,,,0.0,,
pi Men c,HD 39091,TIC 261136679,1.07,0.04,-0.04,5.65,0.03,-0.03,4.241,0.027,-0.027,0.06839,0.0005,-0.0005,0.0,,
Kepler-1669 b,Kepler-1669,TIC 169457234,0.67,,,16.473,0.343,-0.343,13.2,0.034,-0.034,0.0745,,,0.0,,
Kepler-339 d,Kepler-339,TIC 26817284,0.87,0.01,-0.012,14.706,0.149,-0.149,12.874,0.031,-0.031,0.091,,,0.0,,
Kepler-351 d,Kepler-351,TIC 158218178,0.81,0.047,-0.063,16.229,0.035,-0.035,14.097,0.063,-0.063,0.5177,,,0.0,,
HAT-P-29 b,HAT-P-29,TIC 250707118,1.45,0.6,-0.6,11.825,0.021,-0.021,10.297,0.02,-0.02,0.0667,0.0008,-0.0008,0.09,0.05,-0.05
WASP-12 b,WASP-12,TIC 86396382,1.325,0.026,-0.018,11.569,0.023,-0.023,10.188,0.02,-0.02,0.0234,0.001,-0.001,0.0447,0.0043,-0.0043
WASP-54 b,WASP-54,TIC 61098812,1.08,0.38,-0.38,10.413,0.008,-0.008,9.035,0.023,-0.023,0.04988,0.00043,-0.00045,0.07,0.03,-0.03
WASP-88 b,WASP-88,TIC 100566492,0.94,0.42,-0.42,11.388,0.018,-0.018,10.322,0.019,-0.019,0.06431,0.00065,-0.00062,0.0,,
WASP-100 b,WASP-100,TIC 38846515,0.77,0.42,-0.42,10.798,0.009,-0.009,9.669,0.024,-0.024,0.04574,0.00093,-0.001,0.0,,
WASP-26 b,WASP-26,TIC 32487566,0.86,0.34,-0.34,11.297,0.012,-0.012,9.69,0.023,-0.023,0.04,0.0003,-0.0003,0.0,,
WASP-178 b,WASP-178,TIC 160708862,2.07,0.11,-0.11,9.946,0.005,-0.005,9.703,0.021,-0.021,0.0558,0.001,-0.001,0.0,,
Kepler-1373 b,Kepler-1373,TIC 120627712,1.22,0.203,-0.115,14.328,0.092,-0.092,12.789,0.024,-0.024,0.02598,0.00034,-0.00034,0.0,,
Kepler-1104 b,Kepler-1104,TIC 27186509,1.3,0.061,-0.051,12.125,0.046,-0.046,10.971,0.016,-0.016,0.06321,0.00035,-0.00035,0.0,,
HD 240210 b,HD 240210,TIC 315415155,0.82,0.15,-0.15,8.270001,0.005,-0.005,4.388,0.021,-0.021,1.16,,,0.15,0.02,-0.02
CoRoT-5 b,CoRoT-5,TIC 234112540,1.0,0.02,-0.02,14.043,0.149,-0.149,12.546,0.026,-0.026,0.04947,0.00026,-0.00029,0.09,0.09,-0.04
TrES-3 b,TrES-3,TIC 116264089,0.928,0.028,-0.048,12.362,0.069,-0.069,10.608,0.017,-0.017,0.02282,0.00023,-0.0004,0.0,,
Kepler-51 d,Kepler-51,TIC 27846348,1.04,0.12,-0.12,14.885,0.126,-0.126,13.197,0.037,-0.037,0.509,0.02,-0.02,0.008,0.011,-0.008
HD 207832 c,HD 207832,TIC 53895723,0.94,0.1,-0.1,8.78,0.03,-0.03,7.207,0.017,-0.017,2.112,0.087,-0.045,0.27,0.22,-0.1
HAT-P-39 b,HAT-P-39,TIC 14770122,1.404,0.051,-0.51,12.282,0.08,-0.08,11.157,0.02,-0.02,0.0509,0.0006,-0.0006,0.0,,
Kepler-18 c,Kepler-18,TIC 273690178,0.972,0.042,-0.042,13.771,0.069,-0.069,11.756,0.019,-0.019,0.0752,0.0011,-0.0011,0.0,,
KMT-2023-BLG-2209L b,KMT-2023-BLG-2209L,,0.73,0.35,-0.35,,,,,,,3.51,0.95,-1.12,,,
Kepler-452 b,Kepler-452,TIC 272174474,1.037,0.054,-0.047,13.54,0.08,-0.08,11.852,0.016,-0.016,1.046,0.019,-0.015,0.0,,
MOA-2008-BLG-310L b,MOA-2008-BLG-310L,,0.21,0.14,-0.14,,,,,,,1.1,0.17,-0.17,,,
GJ 3998 b,GJ 3998,TIC 459558974,0.52,0.05,-0.05,10.844,0.008,-0.008,6.816,0.016,-0.016,0.03,0.001,-0.001,0.0,,
WASP-46 b,WASP-46,TIC 231663901,0.828,0.076,-0.076,13.043,0.069,-0.069,11.401,0.026,-0.026,0.02335,0.00072,-0.00072,0.0,,
WASP-79 b,WASP-79,TIC 170634116,1.39,0.06,-0.06,10.044,0.004,-0.004,9.056,0.023,-0.023,0.0519,0.0008,-0.0008,0.0,,
Kepler-46 c,Kepler-46,TIC 158992508,0.902,0.04,-0.038,15.312,0.114,-0.114,13.347,0.028,-0.028,0.2799,0.0041,-0.004,0.0146,0.0034,-0.0036
Kepler-1499 b,Kepler-1499,TIC 120105569,0.82,0.038,-0.043,13.676,0.114,-0.114,11.455,0.018,-0.018,0.23225,0.00169,-0.00169,0.0,,
OGLE-TR-111 b,OGLE-TR-111,TIC 465390152,0.82,0.02,-0.02,16.707,0.584,-0.584,14.112,0.082,-0.082,0.0473,0.0015,-0.0014,0.0,,
HAT-P-13 b,HAT-P-13,TIC 20096620,1.32,0.062,-0.062,10.421,0.008,-0.008,8.975,0.017,-0.017,0.04383,0.00068,-0.00068,0.0133,0.0041,-0.0041
HAT-P-13 c,HAT-P-13,TIC 20096620,1.32,0.062,-0.062,10.421,0.008,-0.008,8.975,0.017,-0.017,1.258,0.02,-0.02,0.6616,0.0054,-0.0054
MOA-2009-BLG-387L b,MOA-2009-BLG-387L,,0.19,0.3,-0.12,,,,,,,1.8,0.9,-0.7,,,
Kepler-18 b,Kepler-18,TIC 273690178,0.972,0.042,-0.042,13.771,0.069,-0.069,11.756,0.019,-0.019,0.0447,0.0006,-0.0006,0.0,,
Kepler-18 d,Kepler-18,TIC 273690178,0.972,0.042,-0.042,13.771,0.069,-0.069,11.756,0.019,-0.019,0.1172,0.0017,-0.0017,0.0,,
Kepler-33 c,Kepler-33,TIC 158935283,1.291,0.063,-0.121,14.099,0.08,-0.08,12.591,0.022,-0.022,0.1189,0.0025,-0.0025,0.0,,
Kepler-32 c,Kepler-32,TIC 273590427,0.58,0.05,-0.05,16.36,0.549,-0.549,12.757,0.024,-0.024,0.09,,,0.0,,
Kepler-166 d,Kepler-166,TIC 26814955,0.88,0.04,-0.05,14.857,0.126,-0.126,12.876,0.032,-0.032,0.02449,0.00027,-0.00027,0.0,,
Kepler-844 b,Kepler-844,TIC 298836607,0.59,0.033,-0.037,15.986,0.252,-0.252,13.058,0.032,-0.032,0.0298,,,0.0,,
Kepler-327 b,Kepler-327,TIC 63366281,0.591913,0.020356,-0.020356,15.611,0.149,-0.149,11.956,0.022,-0.022,0.029,,,0.0,,
Kepler-33 b,Kepler-33,TIC 158935283,1.291,0.063,-0.121,14.099,0.08,-0.08,12.591,0.022,-0.022,0.0677,0.0014,-0.0014,0.0,,
Kepler-1455 b,Kepler-1455,TIC 27014562,0.62,0.028,-0.042,16.06,0.114,-0.114,12.922,0.032,-0.032,0.2149,0.0055,-0.0054,0.0,,
Kepler-353 b,Kepler-353,TIC 239229234,0.553,0.01,-0.01,16.126,1.133,-1.133,12.808,0.027,-0.027,0.051,,,0.0,,
WASP-10 b,WASP-10,TIC 431701493,0.75,0.04,-0.028,12.413,0.092,-0.092,9.983,0.018,-0.018,0.03781,0.00067,-0.00047,0.0473,0.0034,-0.0029
WASP-62 b,WASP-62,TIC 149603524,1.11,0.25,-0.25,10.213,0.005,-0.005,8.944,0.021,-0.021,0.0571,0.0005,-0.0005,0.0,,
WASP-136 b,WASP-136,TIC 176220787,1.41,0.07,-0.07,9.974,0.003,-0.003,8.805,0.024,-0.024,0.0661,0.0012,-0.0012,0.0,,
HD 109749 b,HD 109749,TIC 144289338,1.13,0.22,-0.22,8.08,0.03,-0.03,6.678,0.024,-0.024,0.0615,0.004,-0.004,0.0,,
HD 149143 b,HD 149143,TIC 281520119,1.2,0.2,-0.2,7.89,0.03,-0.03,6.434,0.026,-0.026,0.053,0.0029,-0.0029,0.0167,0.004,-0.004
HD 231701 b,HD 231701,TIC 92300251,1.21,0.34,-0.34,8.97,0.03,-0.03,7.657,0.026,-0.026,0.567,0.053,-0.053,0.13,0.032,-0.032
TOI-1683.01,TOI-1683,TIC 58542531,0.694661,,,10.97,0.03,-0.03,8.085,0.023,-0.023,0.036507593,,,,,
Kepler-213 b,Kepler-213,TIC 159521326,1.07,0.029,-0.028,13.705,0.126,-0.126,12.122,0.017,-0.017,0.036,,,0.0,,
V830 Tau b,V830 Tau,TIC 268397995,1.0,0.05,-0.05,12.23,0.114,-0.114,8.422,0.021,-0.021,0.057,0.001,-0.001,0.0,,
Kepler-52 b,Kepler-52,TIC 399825554,0.54,,,15.513,0.217,-0.217,12.36,0.027,-0.027,0.0637,0.00272,-0.00272,0.0,,
Kepler-166 c,Kepler-166,TIC 26814955,0.811,0.025,-0.03,14.857,0.126,-0.126,12.876,0.032,-0.032,0.195,,,0.0,,
GJ 1214 b,GJ 1214,TIC 467929202,0.182,0.0042,-0.0041,15.1,0.2,-0.2,8.782,0.02,-0.02,0.01505,0.00011,-0.00011,0.0062,0.0079,-0.0044
HD 143811 AB b,HD 143811 A,TIC 93869857,1.32,0.08,-0.08,8.91,0.03,-0.03,7.702,0.024,-0.024,63.0,30.0,-12.0,0.19,0.12,-0.12
GJ 3634 b,GJ 3634,TIC 49064384,0.45,0.05,-0.05,11.938,0.028,-0.028,7.47,0.027,-0.027,0.0287,0.001,-0.0011,0.08,0.094,-0.057
HAT-P-4 b,HAT-P-4,TIC 138294130,1.248,0.07,-0.12,11.118,0.01,-0.01,9.770001,0.02,-0.02,0.04438,0.00081,-0.0015,0.0,,
OGLE-TR-132 b,OGLE-TR-132,TIC 465144510,1.305,0.075,-0.067,16.536,1.133,-1.133,14.99,0.146,-0.146,0.03035,0.00057,-0.00053,0.6,,
OGLE-TR-56 b,OGLE-TR-56,TIC 1425441246,1.228,0.072,-0.078,15.3,,,,,,0.02383,0.00046,-0.00051,0.0,,
Kepler-55 b,Kepler-55,TIC 164884002,0.62,,,15.746,0.355,-0.355,13.289,0.049,-0.049,0.1593,,,0.0,,
HAT-P-18 b,HAT-P-18,TIC 21744120,0.77,0.031,-0.031,12.597,0.069,-0.069,10.234,0.017,-0.017,0.0559,0.0007,-0.0007,0.084,0.048,-0.048
Kepler-46 b,Kepler-46,TIC 158992508,0.902,0.04,-0.038,15.312,0.114,-0.114,13.347,0.028,-0.028,0.1968,0.0029,-0.0028,0.01,0.01,-0.01
WTS-1 b,WTS-1,TIC 138488806,1.2,0.1,-0.1,16.644,1.133,-1.133,15.271,0.199,-0.199,0.047,0.001,-0.001,0.1,,
HD 37605 b,HD 37605,TIC 144730053,0.94,0.15,-0.15,8.67,0.03,-0.03,6.815,0.021,-0.021,0.277,0.015,-0.015,0.6745,0.0019,-0.0019
HIP 14810 b,HIP 14810,TIC 113810736,1.01,0.19,-0.19,8.520001,0.03,-0.03,6.828,0.021,-0.021,0.0696,0.0044,-0.0044,0.14399,0.00087,-0.00087
HIP 14810 c,HIP 14810,TIC 113810736,1.01,0.19,-0.19,8.520001,0.03,-0.03,6.828,0.021,-0.021,0.549,0.034,-0.034,0.1566,0.0099,-0.0099
HD 17674 b,HD 17674,TIC 77490014,0.98,0.1,-0.1,7.535,0.019,-0.019,6.093,0.029,-0.029,1.42,0.04,-0.05,0.13,,
HD 20329 b,HD 20329,TIC 333657795,0.9,0.05,-0.05,8.76,0.012,-0.012,7.116,0.024,-0.024,0.018,0.0003,-0.0003,0.0,,
HD 135344 A b,HD 135344 A,TIC 307606851,2.32,0.319645,-0.340902,7.765,0.002,-0.002,7.563,0.023,-0.023,16.5,2.8,-2.0,0.5,0.2,-0.2
WASP-5 b,WASP-5,TIC 184240683,0.96,0.13,-0.09,12.147,0.046,-0.046,10.598,0.023,-0.023,0.0267,0.0012,-0.0008,0.038,0.026,-0.018
OGLE-2015-BLG-0051L b,OGLE-2015-BLG-0051L,,0.1,0.09,-0.01,,,,,,,0.73,0.08,-0.08,,,
HAT-P-28 b,HAT-P-28,TIC 53728859,1.025,0.047,-0.047,13.098,0.114,-0.114,11.104,0.018,-0.018,0.0434,0.0007,-0.0007,0.051,0.033,-0.033
47 UMa b,47 UMa,TIC 21535479,1.06,0.128402,-0.137608,5.03352,0.023,-0.023,3.75,0.34,-0.34,2.1,0.02,-0.02,0.032,0.014,-0.014
47 UMa c,47 UMa,TIC 21535479,1.06,0.128402,-0.137608,5.03352,0.023,-0.023,3.75,0.34,-0.34,3.6,0.1,-0.1,0.098,0.047,-0.096
BD-08 2823 c,BD-08 2823,TIC 33355302,0.74,0.07,-0.07,9.86,0.03,-0.03,7.323,0.021,-0.021,0.68,0.02,-0.02,0.19,0.09,-0.09
HD 40307 b,HD 40307,TIC 374859347,0.77,0.05,-0.05,7.17,0.03,-0.03,4.793,0.016,-0.016,0.0468,0.0024,-0.0023,0.2,0.14,-0.16
HD 40307 f,HD 40307,TIC 374859347,0.77,0.05,-0.05,7.17,0.03,-0.03,4.793,0.016,-0.016,0.247,0.011,-0.014,0.02,0.2,-0.02
WASP-59 b,WASP-59,TIC 91051152,0.719,0.035,-0.035,12.659,0.057,-0.057,9.723,0.018,-0.018,0.0697,0.0011,-0.0011,0.1,0.042,-0.042
HD 190984 b,HD 190984,TIC 466222634,0.91,,,8.76,0.03,-0.03,7.319,0.016,-0.016,5.5,,,0.57,0.1,-0.1
HIP 14810 d,HIP 14810,TIC 113810736,1.01,0.19,-0.19,8.520001,0.03,-0.03,6.828,0.021,-0.021,1.94,0.13,-0.13,0.185,0.035,-0.035
HD 207832 b,HD 207832,TIC 53895723,1.05,0.17,-0.17,8.78,0.03,-0.03,7.207,0.017,-0.017,0.586,0.032,-0.032,0.197,0.053,-0.053
HD 1605 b,HD 1605,TIC 57983992,1.33,0.09,-0.09,7.52,0.03,-0.03,5.272,0.02,-0.02,1.492,0.038,-0.038,0.095,0.057,-0.057
USco1556 b,USco1556 A,TIC 77534376,0.33,0.07,-0.07,15.36,0.121,-0.121,10.441,0.023,-0.023,3500.0,40.0,-40.0,,,
Kepler-283 b,Kepler-283,TIC 270695184,0.596,0.015,-0.015,16.216,0.275,-0.275,13.139,0.03,-0.03,0.082,,,0.0,,
HD 33142 b,HD 33142,TIC 169397663,1.52,0.03,-0.03,7.96,0.03,-0.03,5.792,0.018,-0.018,1.074,0.007,-0.007,0.049,0.032,-0.03
CoRoT-6 b,CoRoT-6,TIC 130502317,1.05,0.05,-0.05,13.961,0.069,-0.069,12.119,0.024,-0.024,0.0855,0.0015,-0.0015,0.1,,
GQ Lup b,GQ Lup,TIC 442623945,0.7,,,11.593,0.137,-0.137,7.096,0.02,-0.02,100.0,,,,,
HD 110014 b,HD 110014,TIC 32448045,2.17,0.28,-0.28,4.64597,0.023,-0.023,2.011,0.312,-0.312,2.14,0.03,-0.03,0.462,0.069,-0.069
HD 103774 b,HD 103774,TIC 180205814,1.335,0.03,-0.03,7.13463,0.023,-0.023,6.0,0.02,-0.02,0.07,0.001,-0.001,0.09,0.04,-0.04
HD 109271 b,HD 109271,TIC 429301734,1.047,0.024,-0.024,8.04,0.03,-0.03,6.495,0.026,-0.026,0.079,0.001,-0.001,0.25,0.08,-0.08
HD 10647 b,HD 10647,TIC 229137615,1.11,0.02,-0.02,5.52,0.03,-0.03,4.34,0.276,-0.276,2.015,0.011,-0.011,0.15,0.08,-0.08
HD 1605 c,HD 1605,TIC 57983992,1.33,0.09,-0.09,7.52,0.03,-0.03,5.272,0.02,-0.02,3.584,0.099,-0.099,0.099,0.011,-0.011
HD 148164 b,HD 148164,TIC 323319664,1.21,0.24,-0.24,8.23,0.03,-0.03,6.906,0.021,-0.021,0.993,0.066,-0.066,0.587,0.026,-0.026
HD 211810 b,HD 211810,TIC 336634601,1.03,0.02,-0.02,8.59,0.03,-0.03,6.969,0.023,-0.023,2.656,0.043,-0.043,0.68,0.14,-0.14
Kepler-356 c,Kepler-356,TIC 137636895,1.163,0.031,-0.036,13.058,0.126,-0.126,11.704,0.021,-0.021,0.115,,,0.0,,
KOI-1833 d,Kepler-968,TIC 350814607,0.681,0.025,-0.024,14.626,0.126,-0.126,11.831,0.025,-0.025,0.0634,,,0.0,,
NY Vir b,NY Vir,TIC 175402069,0.459,0.01,-0.01,13.496,0.184,-0.184,14.635,0.095,-0.095,3.3,,,0.15,0.08,-0.08
KMT-2024-BLG-1044L b,KMT-2024-BLG-1044L,,0.069,0.08,-0.036,,,,,,,,,,,,
HIP 5158 b,HIP 5158,TIC 268634769,0.78,0.021,-0.021,10.16,0.03,-0.03,7.669,0.02,-0.02,0.89,,,0.52,0.08,-0.08
HD 134987 c,HD 134987,TIC 61397572,1.1,0.07,-0.04,6.47,0.03,-0.03,4.882,0.016,-0.016,5.8,0.5,-0.5,0.12,0.02,-0.02
KMT-2022-BLG-1790L b,KMT-2022-BLG-1790L,,0.58,0.32,-0.3,,,,,,,5.25,0.75,-1.04,,,
WASP-64 b,WASP-64,TIC 52640302,1.004,0.028,-0.028,12.704,0.069,-0.069,10.956,0.019,-0.019,0.02648,0.00024,-0.00024,0.0,,
PH1 b,PH1,TIC 170348142,1.528,0.087,-0.087,13.841,0.149,-0.149,12.395,0.021,-0.021,0.652,0.012,-0.012,0.0702,0.0029,-0.0039
Kepler-297 b,Kepler-297,TIC 48304302,0.927,0.025,-0.034,14.326,0.16,-0.16,12.78,0.031,-0.031,0.217,,,0.0,,
Kepler-160 d,Kepler-160,TIC 158555483,1.003,0.036,-0.034,14.816,0.16,-0.16,13.052,0.026,-0.026,0.17,0.1,-0.11,,,
HD 191939 c,HD 191939,TIC 269701147,0.81,0.04,-0.04,8.97,0.03,-0.03,7.18,0.021,-0.021,0.1752,0.0055,-0.005,0.034,0.034,-0.013
PSR B1257+12 b,PSR B1257+12,,1.4,,,,,,,,,0.19,,,0.0,,
PSR B1257+12 d,PSR B1257+12,,1.4,,,,,,,,,0.46,,,0.0264,0.0009,-0.0009
Kepler-1178 b,Kepler-1178,TIC 158729099,0.8,0.038,-0.045,14.212,0.126,-0.126,11.735,0.019,-0.019,0.1596,,,0.0,,
Kepler-805 b,Kepler-805,TIC 275573748,1.19,0.074,-0.039,12.586,0.069,-0.069,11.2,0.018,-0.018,0.19852,0.00196,-0.00196,0.0,,
Kepler-158 d,Kepler-158,TIC 120103325,0.656,0.073,-0.049,14.743,0.126,-0.126,12.057,0.021,-0.021,,,,,,
K2-368 d,K2-368,TIC 38136597,0.746,0.334,-0.232,13.581,0.126,-0.126,11.042,0.021,-0.021,,,,,,
HD 148156 b,HD 148156,TIC 225317852,1.22,,,7.69,0.03,-0.03,6.397,0.023,-0.023,2.45,0.04,-0.05,0.52,0.04,-0.09
HD 156411 b,HD 156411,TIC 412409409,1.25,,,6.67,0.03,-0.03,5.17,0.021,-0.021,1.88,0.03,-0.04,0.22,0.08,-0.08
HD 8535 b,HD 8535,TIC 41862035,1.13,,,7.7,0.03,-0.03,6.354,0.021,-0.021,2.45,0.04,-0.06,0.15,0.09,-0.05
Kepler-267 b,Kepler-267,TIC 269357457,0.541571,0.020592,-0.020592,16.69,0.2,-0.2,12.485,0.024,-0.024,0.037,,,0.0,,
XO-7 b,XO-7,TIC 268403451,1.405,0.059,-0.059,10.521,0.006,-0.006,9.241,0.024,-0.024,0.04421,0.00062,-0.00062,0.038,0.033,-0.033
HD 3167 e,HD 3167,TIC 318707987,0.837,0.053,-0.043,8.97,0.03,-0.03,7.066,0.02,-0.02,0.3885,0.0079,-0.0079,0.15,,
KELT-7 b,KELT-7,TIC 367366318,1.76,0.25,-0.25,8.56,0.03,-0.03,7.543,0.026,-0.026,0.04415,0.00062,-0.00052,0.0,,
Kepler-834 b,Kepler-834,TIC 158392088,0.7,0.034,-0.033,16.211,0.195,-0.195,13.484,0.037,-0.037,0.0862,,,0.0,,
Kepler-303 b,Kepler-303,TIC 164460208,0.575,0.016,-0.016,14.917,0.183,-0.183,11.596,0.019,-0.019,0.024,,,0.0,,
Kepler-125 b,Kepler-125,TIC 273873718,0.542101,0.020298,-0.020298,15.431,0.046,-0.046,11.682,0.019,-0.019,0.041,,,0.0,,
GJ 674 b,GJ 674,TIC 218263393,0.35,,,9.38,0.1,-0.1,4.855,0.018,-0.018,0.039,,,0.2,0.02,-0.02
HD 69830 d,HD 69830,TIC 307624961,0.86,0.03,-0.03,5.96004,0.023,-0.023,4.165,0.036,-0.036,0.63,,,0.07,0.07,-0.07
HD 93083 b,HD 93083,TIC 54237857,0.7,0.04,-0.04,8.3,0.03,-0.03,6.132,0.021,-0.021,0.477,,,0.14,0.03,-0.03
K2-291 b,K2-291,TIC 27039476,0.934,0.038,-0.038,10.014,0.005,-0.005,8.353,0.02,-0.02,0.03261,0.00044,-0.00044,0.0,,
ZTF J1828+2308 b,ZTF J1828+2308,TIC 1685332572,0.61,0.004,-0.004,18.0447,0.0459,-0.0459,,,,,,,,,
GJ 887 c,GJ 887,TIC 155315739,0.489,0.05,-0.05,7.56,0.2,-0.2,3.465,0.2,-0.2,0.12,0.004,-0.004,,,
CoRoT-17 b,CoRoT-17,TIC 218299312,1.04,0.1,-0.1,16.29,0.32,-0.32,12.472,0.054,-0.054,0.0461,0.0008,-0.0008,0.0,,
HD 132563 b,HD 132563,TIC 284680749,1.231,0.21701,-0.152453,8.928001,0.002,-0.002,7.431,0.021,-0.021,2.62,0.04,-0.04,0.22,0.09,-0.09
Kepler-14 b,Kepler-14,TIC 158561566,1.512,0.043,-0.043,12.003,0.027,-0.027,10.988,0.011,-0.011,0.0771,0.0012,-0.0012,0.035,0.02,-0.02
UZ For c,UZ For,TIC 144622139,0.7,,,16.7753,0.0939,-0.0939,14.776,0.124,-0.124,2.8,0.5,-0.5,0.05,0.05,-0.05
WASP-1 b,WASP-1,TIC 57984377,1.24,0.05,-0.07,11.308,0.02,-0.02,10.276,0.018,-0.018,0.03889,0.00053,-0.00073,0.0,,
ROXs 42 B b,ROXs 42 B,TIC 318449007,1.0,,,14.661,0.08,-0.08,8.671,0.023,-0.023,157.0,,,0.58,,
HD 221287 b,HD 221287,TIC 231716612,1.25,0.1,-0.1,7.82,0.03,-0.03,6.569,0.02,-0.02,1.25,0.04,-0.04,0.08,0.17,-0.05
HD 47536 b,HD 47536,TIC 52172862,2.1,0.95,-0.95,5.25,0.03,-0.03,2.383,0.252,-0.252,1.93,0.32,-0.32,0.2,0.08,-0.08
HD 11977 b,HD 11977,TIC 232074535,1.91,0.21,-0.21,4.68,0.03,-0.03,2.59,0.24,-0.24,1.93,,,0.4,0.07,-0.07
HD 62509 b,HD 62509,TIC 423088367,2.0,0.1,0.0,1.12512,0.023,-0.023,-0.936,0.16,-0.16,1.64,0.27,-0.27,0.02,0.03,-0.03
WASP-126 b,WASP-126,TIC 25155310,1.12,,,10.994,0.012,-0.012,9.598,0.021,-0.021,0.0449,0.0008,-0.0008,0.18,,
Kepler-901 b,Kepler-901,TIC 122712179,0.59,0.036,-0.036,15.85,0.2,-0.2,11.907,0.019,-0.019,0.0378,,,0.0,,
Kepler-48 e,Kepler-48,TIC 171882123,0.88,0.06,-0.06,13.174,0.103,-0.103,11.221,0.023,-0.023,1.898274748,,,0.003142,0.028616,-0.028616
Kepler-407 c,Kepler-407,TIC 405688133,1.0,0.06,-0.06,12.603,0.103,-0.103,10.911,0.023,-0.023,3.27090369,,,0.221479,0.000308,-0.000308
WASP-121 b,WASP-121,TIC 22529346,1.358,0.075,-0.084,10.514,0.006,-0.006,9.374,0.022,-0.022,0.02596,0.00043,-0.00063,0.0,,
Kepler-235 e,Kepler-235,TIC 120765183,0.581,0.018,-0.018,16.567,0.252,-0.252,13.116,0.03,-0.03,0.213,,,0.0,,
Kepler-498 b,Kepler-498,TIC 159384648,0.98,0.06,-0.058,14.349,0.183,-0.183,12.755,0.023,-0.023,0.0897,,,0.0,,
WASP-189 b,WASP-189,TIC 157910432,2.03,0.066,-0.066,6.59776,0.023,-0.023,6.06,0.021,-0.021,0.05053,0.00098,-0.00098,0.0,,
HD 191939 e,HD 191939,TIC 269701147,0.81,0.04,-0.04,8.97,0.03,-0.03,7.18,0.021,-0.021,0.407,0.012,-0.012,0.031,0.008,-0.016
HD 93963 A c,HD 93963 A,TIC 368435330,1.0844,0.0252,-0.0314,9.182,0.003,-0.003,7.776,0.024,-0.024,0.04726,0.0008,-0.0009,0.0,,
WASP-123 b,WASP-123,TIC 31858843,1.166,0.061,-0.061,11.03,0.016,-0.016,9.362001,0.021,-0.021,0.04263,0.00074,-0.00074,0.0,,
OGLE-2017-BLG-0640L b,OGLE-2017-BLG-0640L,,0.32,0.32,-0.18,,,,,,,1.14,0.38,-0.38,,,
Kepler-281 c,Kepler-281,TIC 270858032,0.95,0.058,-0.057,15.931,0.149,-0.149,13.994,0.058,-0.058,0.215,,,0.0,,
TOI-1011 b,TOI-1011,TIC 114018671,0.91,0.03,-0.03,8.94,0.03,-0.03,7.109,0.021,-0.021,,,,0.0,,
Kepler-279 c,Kepler-279,TIC 158428960,1.1,0.16,-0.13,13.647,0.08,-0.08,12.509,0.019,-0.019,0.2236,,,0.0,,
TOI-1439 b,TOI-1439,TIC 232982558,1.2313,0.0351,-0.0773,10.55,0.007,-0.007,9.053001,0.015,-0.015,0.192,0.004,-0.004,0.157,0.083,-0.083
Kepler-16 b,Kepler-16,TIC 299096355,0.6897,0.0035,-0.0034,12.144,0.057,-0.057,8.996,0.022,-0.022,0.7048,0.0011,-0.0011,0.0069,0.001,-0.0015
GJ 1132 c,GJ 1132,TIC 101955023,0.181,0.019,-0.019,13.68,0.2,-0.2,8.322,0.027,-0.027,0.0476,0.0017,-0.0017,0.27,,
Kepler-128 b,Kepler-128,TIC 123490545,1.184,0.074,-0.074,11.693,0.018,-0.018,10.109,0.011,-0.011,0.12545,0.00206,-0.00206,0.0,,
L 98-59 c,L 98-59,TIC 307210830,0.2923,0.0067,-0.0067,11.685,0.017,-0.017,7.101,0.018,-0.018,0.0309,0.001,-0.001,0.002,0.002,-0.001
Kepler-219 c,Kepler-219,TIC 158838045,1.164,0.035,-0.033,13.823,0.103,-0.103,12.389,0.02,-0.02,0.165,,,0.0,,
Kepler-238 d,Kepler-238,TIC 121460918,1.229,0.035,-0.062,15.297,0.035,-0.035,13.512,0.039,-0.039,0.115,,,0.0,,
Kepler-80 e,Kepler-80,TIC 184296619,0.73,0.03,-0.03,15.23,0.172,-0.172,12.253,0.02,-0.02,0.0491,0.0007,-0.0007,0.0035,0.0032,-0.0024
Kepler-82 d,Kepler-82,TIC 63372898,0.946,0.017,-0.024,15.131,0.492,-0.492,13.518,0.048,-0.048,0.034,,,0.0,,
WASP-172 b,WASP-172,TIC 453789494,1.49,0.07,-0.07,10.988,0.009,-0.009,10.13,0.019,-0.019,0.0694,0.0011,-0.0011,0.0,,
WASP-17 b,WASP-17,TIC 66818296,2.28,0.99,-0.99,11.588,0.015,-0.015,10.224,0.027,-0.027,0.0515,0.00034,-0.00034,0.0,,
WASP-185 b,WASP-185,TIC 46020827,1.12,0.06,-0.06,11.101,0.012,-0.012,9.505,0.019,-0.019,0.0904,0.0017,-0.0017,0.24,0.04,-0.04
K2-117 c,K2-117,TIC 458686847,0.54,0.01,-0.01,14.639,0.149,-0.149,10.589,0.025,-0.025,0.0492,0.0003,-0.0003,0.15,0.178886,-0.115822
CoRoT-32 b,CoRoT-32,TIC 220323515,1.08,0.08,-0.07,13.626,0.149,-0.149,12.193,0.027,-0.027,0.071,0.001,-0.001,,,
CoRoT-25 b,CoRoT-25,TIC 130038122,1.09,0.11,-0.05,14.79,0.172,-0.172,12.846,0.031,-0.031,0.0578,0.002,-0.0009,0.0,,
HD 205739 b,HD 205739,TIC 270501383,1.22,0.08,-0.06,8.56,0.03,-0.03,7.299,0.026,-0.026,0.896,0.019,-0.015,0.27,0.07,-0.07
CoRoT-3 b,CoRoT-3,TIC 392353449,1.37,0.09,-0.09,13.448,0.069,-0.069,11.618,0.034,-0.034,0.05783,0.00085,-0.00085,0.0,,
TOI-1135 b,TOI-1135,TIC 154872375,1.156039,,,9.54,0.03,-0.03,8.192,0.019,-0.019,0.082337403,,,0.0,,
HD 112640 b,HD 112640,TIC 459217467,1.8,0.2,-0.2,6.53649,0.023,-0.023,3.613,0.27,-0.27,1.7,0.1,-0.1,0.24,0.18,-0.18
Kepler-1921 b,Kepler-1921,TIC 239287963,1.251,0.19,-0.233,13.103,0.069,-0.069,11.514,0.023,-0.023,0.15865,0.00279,-0.00279,0.0,,
MXB 1658-298 b,MXB 1658-298,,1.98,,,,,,,,,1.613,0.11,-0.11,,,
Kepler-954 b,Kepler-954,TIC 27645404,0.82,0.024,-0.032,13.095,0.069,-0.069,10.84,0.017,-0.017,0.1202,0.00044,-0.00044,0.0,,
Kepler-1767 b,Kepler-1767,TIC 270619473,0.887,0.037,-0.05,16.206,0.16,-0.16,13.792,0.045,-0.045,0.2873,,,0.0,,
TOI-1736 c,TOI-1736,TIC 408618999,1.0373,0.0368,-0.0331,8.953,0.002,-0.002,7.283,0.023,-0.023,1.37,0.03,-0.03,0.3685,0.0021,-0.0021
Kepler-100 e,Kepler-100,TIC 159654016,1.097,0.0335,-0.0335,11.055,0.011,-0.011,9.768,0.014,-0.014,0.312391586,,,0.026437,0.127095,-0.127095
Kepler-350 c,Kepler-350,TIC 120498491,1.0,0.2,-0.12,13.965,0.103,-0.103,12.393,0.025,-0.025,0.1385,,,0.0,,
CoRoT-23 b,CoRoT-23,TIC 108155949,1.14,0.08,-0.08,15.675,0.206,-0.206,12.364,0.032,-0.032,0.048,0.004,-0.004,0.16,0.02,-0.02
Kepler-42 b,Kepler-42,TIC 63126862,0.13,0.05,-0.05,16.7,0.2,-0.2,11.465,0.018,-0.018,0.0116,,,0.04,0.2,-0.04
Oph 11 b,Oph 11,TIC 392045047,0.016,0.004,-0.005,,,,13.423,0.051,-0.051,243.0,55.0,-55.0,,,
WASP-103 b,WASP-103,TIC 276754403,1.22,0.039,-0.036,12.402,0.057,-0.057,10.767,0.02,-0.02,0.01985,0.00021,-0.00021,0.0,,
TOI-1751 b,TOI-1751,TIC 287080092,0.9382,0.0363,-0.0329,9.327,0.003,-0.003,7.934,0.027,-0.027,0.215,0.004,-0.004,0.327,0.083,-0.083
TOI-1798.02,TOI-1798,TIC 198153540,0.87,0.11,-0.11,11.361,0.023,-0.023,9.237001,0.014,-0.014,0.010789,0.000427,-0.000464,0.0,,
TOI-2068 b,TOI-2068,TIC 417931300,0.559,0.027,-0.029,13.007,0.009,-0.009,9.007,0.022,-0.022,0.0632,0.0011,-0.0011,,,
Kepler-293 b,Kepler-293,TIC 158216544,0.934,0.016,-0.021,15.452,0.526,-0.526,13.661,0.043,-0.043,0.144,,,0.0,,
Kepler-319 c,Kepler-319,TIC 121786630,0.933,0.012,-0.016,13.926,0.114,-0.114,12.208,0.02,-0.02,0.069,,,0.0,,
Kepler-51 e,Kepler-51,TIC 27846348,0.96,0.05,-0.05,14.885,0.126,-0.126,13.197,0.037,-0.037,,,,0.02,0.015,-0.015
Kepler-970 b,Kepler-970,TIC 122069243,0.67,0.02,-0.02,15.21,0.114,-0.114,12.215,0.022,-0.022,0.139,0.022,-0.026,0.34,0.18,-0.22
Kepler-26 c,Kepler-26,TIC 164833065,0.544,0.025,-0.025,15.853,0.035,-0.035,12.63,0.026,-0.026,0.10725,0.00493,-0.00493,0.013,0.013,-0.01
HD 9446 b,HD 9446,TIC 18277196,1.0,0.1,-0.1,8.35,0.03,-0.03,6.851,0.023,-0.023,0.189,0.006,-0.006,0.2,0.06,-0.06
HD 9446 c,HD 9446,TIC 18277196,1.0,0.1,-0.1,8.35,0.03,-0.03,6.851,0.023,-0.023,0.654,0.022,-0.022,0.06,0.06,-0.06
KMT-2022-BLG-2076L b,KMT-2022-BLG-2076L,,0.67,0.35,-0.35,,,,,,,5.67,1.28,-1.58,,,
Kepler-331 c,Kepler-331,TIC 351063265,0.653,0.014,-0.014,16.199,0.149,-0.149,13.343,0.035,-0.035,0.105,,,0.0,,
Kepler-92 c,Kepler-92,TIC 121943724,1.21,0.08,-0.08,11.671,0.022,-0.022,10.403,0.018,-0.018,0.19054,0.00294,-0.00294,0.04,0.22,-0.04
OGLE-2019-BLG-1053L b,OGLE-2019-BLG-1053L,,0.61,0.29,-0.24,,,,,,,3.4,0.5,-0.5,,,
HD 11506 c,HD 11506,TIC 266680498,1.22,0.02,-0.02,7.51,0.03,-0.03,6.168,0.017,-0.017,0.771,0.004,-0.004,0.228,0.054,-0.054
Kepler-42 c,Kepler-42,TIC 63126862,0.13,0.05,-0.05,16.7,0.2,-0.2,11.465,0.018,-0.018,0.006,,,0.0,0.1,0.0
Kepler-176 d,Kepler-176,TIC 271159950,0.86,0.016,-0.024,14.767,0.126,-0.126,12.567,0.024,-0.024,0.163,,,0.0,,
Kepler-219 d,Kepler-219,TIC 158838045,1.164,0.035,-0.033,13.823,0.103,-0.103,12.389,0.02,-0.02,0.272,,,0.0,,
Kepler-53 c,Kepler-53,TIC 122446315,0.98,,,15.367,0.058,-0.058,13.807,0.051,-0.051,0.22091,0.00258,-0.00258,0.0,,
Kepler-82 e,Kepler-82,TIC 63372898,0.946,0.017,-0.024,15.131,0.492,-0.492,13.518,0.048,-0.048,0.063,,,0.0,,
TOI-5817 b,TOI-5817,TIC 418604868,0.97,0.072,-0.055,8.64,0.03,-0.03,7.084,0.023,-0.023,0.1223,0.006,-0.006,0.2,,
Kepler-49 d,Kepler-49,TIC 137555411,0.549,0.009,-0.009,15.655,0.046,-0.046,12.383,0.023,-0.023,0.031,,,0.0,,
Kepler-1002 b,Kepler-1002,TIC 275494505,1.22,0.051,-0.05,11.821,0.022,-0.022,10.374,0.021,-0.021,0.0564,,,0.0,,
Kepler-1752 b,Kepler-1752,TIC 417655835,0.824,0.096,-0.08,16.0249,0.0459,-0.0459,13.999,0.051,-0.051,0.2698,,,0.0,,
Kepler-17 b,Kepler-17,TIC 273874849,1.04,,,14.314,0.137,-0.137,12.585,0.023,-0.023,0.02591,0.00037,-0.00036,0.011,,
Kepler-903 b,Kepler-903,TIC 121732589,0.98,0.05,-0.051,14.856,0.126,-0.126,12.993,0.029,-0.029,0.09081,0.00068,-0.00068,0.0,,
Kepler-276 b,Kepler-276,TIC 138213510,0.845,0.034,-0.029,15.481,0.172,-0.172,13.838,0.053,-0.053,0.119,,,0.0,,
SWEEPS-11 b,SWEEPS-11,,1.1,,,19.83,,,,,,0.03,,,,,
GJ 536 b,GJ 536,TIC 119147875,0.528,0.027,-0.027,9.71,0.1,-0.1,5.683,0.02,-0.02,0.0668,0.0012,-0.0012,0.0,,
HD 107148 b,HD 107148,TIC 66666079,1.12,,,8.01,0.03,-0.03,6.474,0.027,-0.027,0.269,0.016,-0.016,0.05,0.17,-0.17
GJ 876 d,GJ 876,TIC 188580272,0.32,0.03,-0.03,10.16,0.1,-0.1,5.01,0.021,-0.021,0.02080665,1.5e-07,-1.5e-07,0.207,0.055,-0.055
GJ 876 e,GJ 876,TIC 188580272,0.32,0.03,-0.03,10.16,0.1,-0.1,5.01,0.021,-0.021,0.3343,0.0013,-0.0013,0.055,0.012,-0.012
WASP-31 b,WASP-31,TIC 437248515,1.163,0.026,-0.026,11.658,0.027,-0.027,10.65,0.027,-0.027,0.04659,0.00035,-0.00035,0.0,,
LTT 9779 b,LTT 9779,TIC 183985250,1.02,0.02,-0.03,9.79,0.03,-0.03,8.016,0.029,-0.029,0.01679,0.00014,-0.00012,0.0,,
Kepler-287 b,Kepler-287,TIC 417660580,0.963,0.033,-0.031,14.952,0.115,-0.115,13.135,0.034,-0.034,0.145,,,0.0,,
Kepler-176 b,Kepler-176,TIC 271159950,0.86,0.016,-0.024,14.767,0.126,-0.126,12.567,0.024,-0.024,0.058,,,0.0,,
Kepler-177 b,Kepler-177,TIC 158172348,0.921,0.025,-0.023,15.171,0.149,-0.149,13.421,0.04,-0.04,0.21101,0.00181,-0.00181,0.0,,
Kepler-1351 b,Kepler-1351,TIC 270609625,0.7,0.031,-0.043,14.328,0.103,-0.103,11.47,0.014,-0.014,0.0156,,,0.0,,
HD 109833 b,HD 109833,TIC 360630575,1.08,0.05,-0.05,9.29,0.03,-0.03,7.82,0.026,-0.026,,,,0.18,0.24,-0.12
HD 220773 b,HD 220773,TIC 354326161,1.16,,,7.10831,0.023,-0.023,5.651,0.017,-0.017,4.94,0.2,-0.2,0.51,0.1,-0.1
CHXR 73 b,CHXR 73,TIC 454291479,0.35,,,,,,10.703,0.023,-0.023,210.0,,,,,
FU Tau b,FU Tau,TIC 58544613,0.05,,,,,,9.324,0.024,-0.024,800.0,,,,,
HD 108147 b,HD 108147,TIC 450491293,1.22,0.217431,-0.140237,6.99,0.03,-0.03,5.721,0.016,-0.016,0.102,0.0059,-0.0059,0.53,0.12,-0.12
HD 179949 b,HD 179949,TIC 2288734,1.21,,,6.25,0.03,-0.03,4.936,0.018,-0.018,0.0443,0.0026,-0.0026,0.022,0.015,-0.015
HD 188015 b,HD 188015,TIC 11499710,1.09,,,8.24,0.03,-0.03,6.632,0.018,-0.018,1.203,0.07,-0.07,0.137,0.026,-0.026
Kepler-31 d,Kepler-31,TIC 270788519,1.21,0.17,-0.17,15.496,0.115,-0.115,13.871,0.05,-0.05,0.4,,,0.0,,
Kepler-603 c,Kepler-603,TIC 270948636,1.01,0.063,-0.063,14.969,0.172,-0.172,13.214,0.034,-0.034,0.53439,0.0063,-0.0063,0.0,,
Kepler-50 b,Kepler-50,TIC 298896336,1.24,0.05,-0.05,10.544,0.007,-0.007,9.197,0.019,-0.019,0.077,0.012,-0.02,0.0,,
24 Sex b,24 Sex,TIC 1713457,1.54,0.08,-0.08,6.4535,0.023,-0.023,4.285,0.016,-0.016,1.333,0.004,-0.009,0.09,0.14,-0.06
24 Sex c,24 Sex,TIC 1713457,1.54,0.08,-0.08,6.4535,0.023,-0.023,4.285,0.016,-0.016,2.08,0.05,-0.02,0.29,0.16,-0.09
OGLE-2005-BLG-390L b,OGLE-2005-BLG-390L,,0.22,0.21,-0.11,,,,,,,2.6,1.5,-0.6,,,
HN Peg b,HN Peg,TIC 301880196,1.08,0.140394,-0.140491,5.97707,0.023,-0.023,4.559,0.038,-0.038,773.0,13.0,-13.0,,,
HAT-P-16 b,HAT-P-16,TIC 191284318,1.218,0.039,-0.039,10.911,0.008,-0.008,9.553001,0.02,-0.02,0.0413,0.0004,-0.0004,0.036,0.004,-0.004
alf Ari b,alf Ari,TIC 306349516,1.5,0.2,-0.2,2.00538,0.023,-0.023,-0.783,0.176,-0.176,1.2,,,0.25,0.03,-0.03
KOI-55 b,KOI-55,TIC 184427882,0.496,0.002,-0.002,15.154,0.15,-0.15,15.495,,,0.006,,,,,
Ross 458 c,Ross 458,TIC 88138162,0.556419,0.020159,-0.020159,9.76,0.1,-0.1,5.578,0.016,-0.016,1100.0,,,,,
WD 0806-661 b,WD 0806-661,TIC 306826966,0.62,0.03,-0.03,13.855,0.137,-0.137,13.781,0.043,-0.043,2500.0,,,,,
HD 177830 c,HD 177830,TIC 265052133,1.47,,,7.18,0.03,-0.03,4.809,0.027,-0.027,0.5137,0.0003,-0.0003,0.3,0.1,-0.1
ups And d,ups And,TIC 189576919,1.3,,,4.09565,0.023,-0.023,2.859,0.274,-0.274,2.51329,0.00075,-0.00075,0.2987,0.0072,-0.0072
MOA-2007-BLG-192L b,MOA-2007-BLG-192L,,0.06,0.028,-0.021,,,,,,,0.62,0.22,-0.16,,,
CoRoT-12 b,CoRoT-12,TIC 280210963,1.078,0.077,-0.072,15.588,0.183,-0.183,13.557,0.042,-0.042,0.04016,0.00093,-0.00092,0.07,0.063,-0.042
CoRoT-13 b,CoRoT-13,TIC 281909674,1.09,0.02,-0.02,15.005,0.297,-0.297,13.376,0.039,-0.039,0.051,0.0031,-0.0031,0.0,,
WASP-23 b,WASP-23,TIC 170102285,0.78,0.13,-0.12,12.539,0.092,-0.092,10.45,0.023,-0.023,0.0376,0.0016,-0.0024,0.062,,
Kepler-281 b,Kepler-281,TIC 270858032,0.95,0.058,-0.057,15.931,0.149,-0.149,13.994,0.058,-0.058,0.117,,,0.0,,
Kepler-276 d,Kepler-276,TIC 138213510,1.1,0.22,-0.14,15.481,0.172,-0.172,13.838,0.053,-0.053,0.24666,0.00306,-0.00306,0.0,,
Kepler-139 c,Kepler-139,TIC 123450224,1.078,0.0255,-0.0255,12.775,0.092,-0.092,11.167,0.016,-0.016,0.586,,,0.0,,
Kepler-353 c,Kepler-353,TIC 239229234,0.553,0.01,-0.01,16.126,1.133,-1.133,12.808,0.027,-0.027,0.065,,,0.0,,
Kepler-1805 b,Kepler-1805,TIC 120422519,0.581,0.028,-0.038,15.536,0.08,-0.08,11.811,0.02,-0.02,0.0699,,,0.0,,
Kepler-48 d,Kepler-48,TIC 171882123,0.88,0.06,-0.06,13.174,0.103,-0.103,11.221,0.023,-0.023,0.23302,0.00138,-0.00138,0.0,,
Kepler-100 b,Kepler-100,TIC 159654016,1.13,0.05,-0.05,11.055,0.011,-0.011,9.768,0.014,-0.014,0.07309,0.00112,-0.00112,0.13,0.27,-0.13
Kepler-102 f,Kepler-102,TIC 123357864,0.803,0.021,-0.021,12.072,0.027,-0.027,9.351,0.011,-0.011,0.1656,0.0015,-0.0015,0.1,,
Kepler-1687 b,Kepler-1687,TIC 416281238,0.65,,,15.928,0.229,-0.229,12.739,0.023,-0.023,0.0532,,,0.0,,
GJ 341 b,GJ 341,TIC 359271092,0.48,0.03,-0.03,9.49,0.1,-0.1,5.587,0.021,-0.021,,,,0.0,,
Kepler-1761 b,Kepler-1761,TIC 48421337,0.573,0.031,-0.038,15.619,0.126,-0.126,11.791,0.024,-0.024,0.0413,,,0.0,,
Kepler-988 b,Kepler-988,TIC 159446957,0.55,0.024,-0.024,15.578,0.126,-0.126,12.29,0.016,-0.016,0.1085,,,0.0,,
Kepler-994 b,Kepler-994,TIC 158983792,0.56,0.026,-0.027,15.046,0.137,-0.137,11.453,0.012,-0.012,0.0177,,,0.0,,
HD 46375 b,HD 46375,TIC 234928947,0.92,,,7.91,0.03,-0.03,6.0,0.023,-0.023,0.0398,0.0023,-0.0023,0.063,0.026,-0.026
HD 41004 A b,HD 41004 A,TIC 219152539,0.95,0.1,-0.1,8.65,0.03,-0.03,6.428,0.036,-0.036,,,,0.74,0.2,-0.2
HD 41004 B b,HD 41004 B,TIC 734710085,0.4,,,8.6078,0.0459,-0.0459,6.428,0.036,,,,,0.081,0.012,-0.012
Kepler-1014 b,Kepler-1014,TIC 164883912,0.88,0.04,-0.047,14.866,0.172,-0.172,12.898,0.033,-0.033,0.121,,,0.0,,
KMT-2018-BLG-1996L b,KMT-2018-BLG-1996L,,0.69,0.4,-0.38,,,,,,,4.27,1.11,-1.62,,,
Kepler-338 c,Kepler-338,TIC 258203303,1.105,0.026,-0.021,12.19,0.028,-0.028,10.756,0.021,-0.021,0.172,,,0.03,0.24,-0.03
DH Tau b,DH Tau,TIC 268148971,0.33,,,13.98,1.133,-1.133,8.178001,0.026,-0.026,330.0,,,,,
HD 114783 b,HD 114783,TIC 292113181,0.853,0.034,-0.034,7.56,0.03,-0.03,5.475,0.017,-0.017,1.16,0.019,-0.019,0.144,0.032,-0.032
HD 19994 b,HD 19994,TIC 49845357,1.365,0.042,-0.042,5.06345,0.023,-0.023,3.748,0.236,-0.236,1.305,0.016,-0.016,0.063,0.062,-0.062
HD 181433 d,HD 181433,TIC 410399074,0.78,,,8.4,0.03,-0.03,6.094,0.023,-0.023,3.0,,,0.48,0.05,-0.05
HD 196885 A b,HD 196885 A,TIC 282257777,1.28,0.05,-0.05,6.39677,0.023,-0.023,5.072,0.018,-0.018,2.37,0.02,-0.02,0.48,0.06,-0.06
Kepler-34 b,Kepler-34,TIC 272369124,1.0479,0.0033,-0.003,15.087,0.115,-0.115,13.238,0.035,-0.035,1.0896,0.0009,-0.0009,0.182,0.016,-0.02
Kepler-35 b,Kepler-35,TIC 271040768,0.8877,0.0051,-0.0053,15.863,0.115,-0.115,13.875,0.06,-0.06,0.60347,0.00101,-0.00103,0.042,0.007,-0.004
HD 129445 b,HD 129445,TIC 258186667,0.99,,,8.8,0.03,-0.03,7.167,0.026,-0.026,2.9,0.2,-0.2,0.7,0.1,-0.1
HAT-P-20 b,HAT-P-20,TIC 26826078,0.756,0.028,-0.028,11.231,0.023,-0.023,8.601,0.019,-0.019,0.0361,0.0005,-0.0005,0.015,0.005,-0.005
HAT-P-23 b,HAT-P-23,TIC 305243225,1.13,0.035,-0.035,11.937,0.039,-0.039,10.791,0.02,-0.02,0.0232,0.0002,-0.0002,0.106,0.044,-0.044
Kepler-339 c,Kepler-339,TIC 26817284,0.87,0.01,-0.012,14.706,0.149,-0.149,12.874,0.031,-0.031,0.069,,,0.0,,
Kepler-881 b,Kepler-881,TIC 158936201,1.06,0.077,-0.069,15.281,0.115,-0.115,13.714,0.043,-0.043,0.0552,,,0.0,,
HIP 79098 AB b,HIP 79098 AB,TIC 48908494,3.75,1.25,-1.25,5.86,0.03,-0.03,5.707,0.018,-0.018,345.0,6.0,-6.0,,,
TOI-2411 b,TOI-2411,TIC 10837041,0.65,0.02,-0.02,11.272,0.111,-0.111,8.532,0.023,-0.023,0.0144,0.0001,-0.0001,,,
gam1 Leo b,gam1 Leo,TIC 95431294,1.23,0.21,-0.21,1.99509,0.023,-0.023,-0.806,0.158,-0.158,1.19,0.02,-0.02,0.144,0.046,-0.046
KMT-2017-BLG-2197L b,KMT-2017-BLG-2197L,,0.36,0.34,-0.2,,,,,,,15.91,2.08,-2.68,,,
BD+20 2457 c,BD+20 2457,TIC 95359428,2.8,1.5,-1.5,9.743,0.008,-0.008,6.42,0.021,-0.021,2.01,,,0.18,0.06,-0.06
KELT-1 b,KELT-1,TIC 432549364,1.335,0.063,-0.063,10.632,0.007,-0.007,9.437,0.019,-0.019,0.02466,0.00016,-0.00016,0.0099,0.01,-0.0069
BD+20 274 b,BD+20 274,TIC 60923874,0.8,0.2,-0.2,9.367,0.008,-0.008,6.169,0.027,-0.027,1.3,,,0.21,0.06,-0.06
Kepler-127 c,Kepler-127,TIC 164881786,1.248,0.014,-0.022,11.746,0.022,-0.022,10.234,0.019,-0.019,0.2,,,0.03,0.14,-0.03
Kepler-324 c,Kepler-324,TIC 243271716,0.901,0.017,-0.027,14.222,0.069,-0.069,12.291,0.025,-0.025,0.26,,,0.0,,
Kepler-973 b,Kepler-973,TIC 267747398,0.86,0.027,-0.033,13.478,0.092,-0.092,11.303,0.02,-0.02,0.2489,0.00207,-0.00207,0.0,,
Kepler-402 e,Kepler-402,TIC 158725491,1.072,0.036,-0.029,13.27,0.092,-0.092,11.993,0.018,-0.018,0.102,,,0.0,,
Kepler-467 b,Kepler-467,TIC 121214078,1.05,0.033,-0.029,12.428,0.08,-0.08,10.897,0.018,-0.018,0.16848,0.00151,-0.00151,0.0,,
HAT-P-55 b,HAT-P-55,TIC 311408969,1.028,0.05,-0.048,13.197,0.126,-0.126,11.627,0.025,-0.025,0.04628,0.00074,-0.00072,0.17,,
K2-349 b,K2-349,TIC 347812320,0.54,0.01,-0.01,14.585,0.149,-0.149,12.204,0.029,-0.029,,,,,,
Kepler-140 b,Kepler-140,TIC 158487888,1.044,0.032,-0.03,13.018,0.069,-0.069,11.709,0.016,-0.016,0.045,,,0.0,,
Kepler-206 b,Kepler-206,TIC 137342279,0.957,0.033,-0.03,13.507,0.08,-0.08,12.001,0.023,-0.023,0.078,,,0.0,,
Kepler-1715 b,Kepler-1715,TIC 138431008,1.082,0.103,-0.066,12.881,0.043,-0.043,11.041,0.018,-0.018,0.22429,0.00174,-0.00174,0.0,,
Kepler-161 c,Kepler-161,TIC 159444082,0.853,0.009,-0.011,14.406,0.206,-0.206,12.246,0.018,-0.018,0.068,,,0.0,,
Kepler-122 d,Kepler-122,TIC 122714267,0.982,0.028,-0.029,14.403,0.126,-0.126,12.826,0.028,-0.028,0.155,,,0.0,,
Kepler-450 b,Kepler-450,TIC 27534138,1.19,0.197747,-0.142064,11.991,0.029,-0.029,10.429,0.017,-0.017,0.20092,0.00113,-0.00113,0.02,0.14,-0.02
Kepler-1746 b,Kepler-1746,TIC 158722379,1.09,0.1,-0.082,13.572,0.08,-0.08,12.232,0.018,-0.018,0.94082,0.01089,-0.01089,0.0,,
Kepler-332 d,Kepler-332,TIC 158272257,0.743,0.014,-0.025,14.243,0.103,-0.103,11.974,0.018,-0.018,0.189,,,0.0,,
Kepler-826 b,Kepler-826,TIC 120355363,1.05,0.069,-0.063,13.644,0.057,-0.057,12.001,0.02,-0.02,0.05202,0.00041,-0.00041,0.0,,
XO-2 N b,XO-2 N,TIC 356473034,0.971,,,11.246,0.011,-0.011,9.308,0.021,-0.021,0.0368,,,0.028,0.038,-0.022
Kepler-346 c,Kepler-346,TIC 158660363,0.943,0.019,-0.026,15.261,0.137,-0.137,13.582,0.036,-0.036,0.168,,,0.0,,
Kepler-1319 b,Kepler-1319,TIC 417676990,0.56,0.015,-0.019,15.161,0.033,-0.033,10.726,0.023,-0.023,0.0296,,,0.33,0.07,-0.08
Kepler-1366 b,Kepler-1366,TIC 120421638,0.62,0.032,-0.041,16.685,0.252,-0.252,12.961,0.026,-0.026,0.0273,,,0.0,,
Kepler-1868 b,Kepler-1868,TIC 275571117,0.743,0.032,-0.043,14.157,0.092,-0.092,11.559,0.02,-0.02,0.62348,0.0058,-0.0058,0.0,,
Kepler-136 b,Kepler-136,TIC 272375343,1.204,0.043,-0.043,11.822,0.046,-0.046,10.519,0.012,-0.012,0.106,,,0.0,,
Kepler-221 b,Kepler-221,TIC 272601375,0.854,0.012,-0.016,13.97,0.149,-0.149,11.9,0.019,-0.019,0.037,,,0.0,,
Kepler-267 c,Kepler-267,TIC 269357457,0.541571,0.020592,-0.020592,16.69,0.2,-0.2,12.485,0.024,-0.024,0.06,,,0.0,,
KMT-2019-BLG-1367L b,KMT-2019-BLG-1367L,,0.25,0.16,-0.13,,,,,,,1.7,0.5,-0.56,,,
GJ 414 A c,GJ 414 A,TIC 9001920,0.65,0.08,-0.08,8.31,0.03,-0.03,4.979,0.018,-0.018,1.4,0.055,-0.06,0.105,0.11,-0.703
Kepler-327 d,Kepler-327,TIC 63366281,0.591913,0.020356,-0.020356,15.611,0.149,-0.149,11.956,0.022,-0.022,0.09,,,0.0,,
Kepler-478 b,Kepler-478,TIC 63289259,0.85,0.03,-0.037,14.156,0.137,-0.137,12.005,0.022,-0.022,0.1032,,,0.0,,
Kepler-114 c,Kepler-114,TIC 27011135,0.56,0.06,-0.06,13.961,0.103,-0.103,11.366,0.022,-0.022,0.06482,0.00235,-0.00235,0.0,,
Kepler-114 b,Kepler-114,TIC 27011135,0.77,0.02,-0.022,13.961,0.103,-0.103,11.366,0.022,-0.022,0.053,,,0.0,,
Kepler-1321 d,Kepler-1321,TIC 271165895,0.513,0.036,-0.054,17.5054,0.0466,-0.0466,13.884,0.054,-0.054,0.0501,,,0.0,,
Kepler-186 f,Kepler-186,TIC 268159861,0.544,0.024,-0.021,15.138,0.08,-0.08,11.605,0.018,-0.018,0.432,0.171,-0.053,0.04,0.07,-0.04
OGLE-2014-BLG-0124L b,OGLE-2014-BLG-0124L,,0.9,0.05,-0.05,,,,,,,3.48,0.22,-0.22,,,
Kepler-1401 b,Kepler-1401,TIC 121272493,1.07,0.072,-0.064,15.224,0.172,-0.172,13.539,0.038,-0.038,0.0975,,,0.0,,
Kepler-928 b,Kepler-928,TIC 122136712,0.73,0.039,-0.047,15.586,0.252,-0.252,12.933,0.03,-0.03,0.0444,,,0.0,,
TOI-4443.01,TOI-4443,TIC 158241252,1.049133,,,8.493,0.002,-0.002,7.01,0.02,-0.02,0.029962645,,,,,
Kepler-404 c,Kepler-404,TIC 158268972,0.86,0.012,-0.019,15.479,0.126,-0.126,13.477,0.041,-0.041,0.118,,,0.0,,
Kepler-209 c,Kepler-209,TIC 159652365,0.971,0.026,-0.028,14.132,0.114,-0.114,12.362,0.021,-0.021,0.231,,,0.0,,
Kepler-117 c,Kepler-117,TIC 299032847,1.129,0.13,-0.023,14.282,0.126,-0.126,13.011,0.031,-0.031,0.2804,0.0092,-0.0028,0.0323,0.0033,-0.0033
Kepler-272 b,Kepler-272,TIC 268704766,0.91,0.014,-0.011,14.811,0.137,-0.137,12.708,0.025,-0.025,0.038,,,0.0,,
Kepler-292 c,Kepler-292,TIC 271960465,0.865,0.021,-0.029,16.303,0.069,-0.069,13.97,0.057,-0.057,0.045,,,0.0,,
Kepler-1256 b,Kepler-1256,TIC 159763320,1.17,0.09,-0.055,13.685,0.057,-0.057,12.234,0.016,-0.016,0.10733,0.00116,-0.00116,0.0,,
HAT-P-64 b,HAT-P-64,TIC 455036659,1.298,0.021,-0.021,12.855,0.149,-0.149,11.123,0.021,-0.021,0.05387,0.0003,-0.0003,0.101,,
GJ 536 c,GJ 536,TIC 119147875,0.528,0.027,-0.027,9.71,0.1,-0.1,5.683,0.02,-0.02,0.1617,0.0028,-0.0028,0.0,,
KMT-2021-BLG-1372L b,KMT-2021-BLG-1372L,,0.42,0.25,-0.25,,,,,,,2.37,0.77,-0.77,,,
Kepler-644 b,Kepler-644,TIC 271669616,1.49,0.221,-0.165,14.031,0.057,-0.057,12.574,0.023,-0.023,0.04641,0.00029,-0.00029,0.0,,
HATS-24 b,HATS-24,TIC 380589029,1.07,0.032,-0.046,12.915,0.092,-0.092,11.382,0.023,-0.023,0.0238,0.001,-0.001,0.0,,
CFBDSIR J145829+101343 b,CFBDSIR J145829+101343,,0.021,0.009,-0.009,,,,,,,2.6,0.3,-0.3,,,
Kepler-1487 b,Kepler-1487,TIC 184015844,1.38,0.208,-0.16,13.6,0.103,-0.103,12.289,0.017,-0.017,0.0898,,,0.0,,
Kepler-150 e,Kepler-150,TIC 121598758,0.956,0.018,-0.021,15.161,0.252,-0.252,13.367,0.032,-0.032,0.189,,,0.0,,
Kepler-394 c,Kepler-394,TIC 27777414,0.87,0.03,-0.027,14.948,0.103,-0.103,13.384,0.042,-0.042,0.11,,,0.0,,
Kepler-62 e,Kepler-62,TIC 164458488,0.69,0.02,-0.02,13.965,0.092,-0.092,11.659,0.021,-0.021,0.427,0.004,-0.004,0.0,,
Kepler-1571 b,Kepler-1571,TIC 185062313,1.23,0.251,-0.159,13.975,0.103,-0.103,12.044,0.027,-0.027,0.04287,0.00035,-0.00035,0.0,,
KOI-94 c,KOI-94,TIC 273231214,1.277,0.05,-0.05,12.314,0.046,-0.046,10.926,0.019,-0.019,0.1013,0.0013,-0.0013,0.43,0.23,-0.23
Kepler-80 b,Kepler-80,TIC 184296619,0.73,0.03,-0.03,15.23,0.172,-0.172,12.253,0.02,-0.02,0.0648,0.0009,-0.0009,0.0049,0.0036,-0.0036
Kepler-1725 b,Kepler-1725,TIC 377908774,1.049,0.086,-0.07,13.153,0.092,-0.092,11.751,0.026,-0.026,0.13263,0.00116,-0.00116,0.0,,
Kepler-220 b,Kepler-220,TIC 159759306,0.729,0.0185,-0.0185,13.049,0.092,-0.092,10.55,0.014,-0.014,0.046,,,0.0,,
HD 120084 b,HD 120084,TIC 284181945,2.16,0.28,-0.27,5.90686,0.023,-0.023,3.572,0.236,-0.236,4.21,0.17,-0.19,0.483,0.027,-0.029
Kepler-980 b,Kepler-980,TIC 271162671,1.05,0.046,-0.041,14.221,0.069,-0.069,12.665,0.024,-0.024,0.09993,0.00097,-0.00097,0.0,,
HD 73267 c,HD 73267,TIC 11749208,0.93,0.119,-0.119,8.9,0.03,-0.03,7.062,0.023,-0.023,12.688,0.631,-0.812,0.089,0.023,-0.022
WASP-61 b,WASP-61,TIC 13021029,1.82,0.85,-0.85,12.489,0.026,-0.026,11.008,0.026,-0.026,0.0521,0.0008,-0.0008,0.0,,
Kepler-1154 c,Kepler-1154,TIC 169561256,1.26,0.246,-0.162,14.953,0.172,-0.172,13.348,0.037,-0.037,0.0875,,,0.0,,
Kepler-520 c,Kepler-520,TIC 138097531,1.1,0.036,-0.043,12.798,0.092,-0.092,11.488,0.02,-0.02,0.06035,0.0008,-0.0008,0.0,,
GJ 163 d,GJ 163,TIC 219221189,0.4,0.02,-0.02,11.79,0.1,-0.1,7.135,0.021,-0.021,1.0304,0.0086,-0.0086,0.373,0.077,-0.077
Kepler-368 c,Kepler-368,TIC 63066763,1.165,0.022,-0.018,12.946,0.069,-0.069,11.175,0.018,-0.018,0.36,,,0.0,,
Kepler-335 c,Kepler-335,TIC 272085033,1.367,0.024,-0.022,14.111,0.103,-0.103,12.496,0.016,-0.016,0.356,,,0.0,,
TYC 1422-614-1 b,TYC 1422-614-1,TIC 95361265,1.15,0.18,-0.18,10.193,0.008,-0.008,7.728,0.031,-0.031,0.69,0.03,-0.03,0.06,0.06,-0.02
Kepler-1257 b,Kepler-1257,TIC 272084528,0.9,0.056,-0.053,15.644,0.183,-0.183,13.848,0.045,-0.045,0.0376,,,0.0,,
TOI-4495.01,TOI-4495,TIC 120826158,1.168817,,,9.531,0.003,-0.003,8.217,0.018,-0.018,0.061732577,,,,,
Kepler-24 e,Kepler-24,TIC 122376177,1.046,0.035,-0.034,15.04,0.08,-0.08,13.372,0.037,-0.037,0.138,,,0.0,,
Kepler-279 d,Kepler-279,TIC 158428960,1.1,0.16,-0.13,13.647,0.08,-0.08,12.509,0.019,-0.019,0.2901,,,0.0,,
Kepler-281 d,Kepler-281,TIC 270858032,0.984,0.102,-0.114,15.931,0.149,-0.149,13.994,0.058,-0.058,0.5456,,,0.0,,
Kepler-396 b,Kepler-396,TIC 27769688,0.85,0.13,-0.06,12.259,0.028,-0.028,10.285,0.017,-0.017,0.24067,0.001,-0.001,0.0,,
Kepler-1262 b,Kepler-1262,TIC 158794459,0.99,0.055,-0.06,15.155,0.115,-0.115,13.629,0.039,-0.039,0.083,,,0.0,,
TOI-7041 b,TOI-7041,TIC 201175570,1.07,0.05,-0.05,11.251,0.026,-0.026,8.691,0.023,-0.023,,,,0.04,0.04,-0.04
Kepler-145 c,Kepler-145,TIC 159721091,1.32,0.1,-0.1,11.977,0.034,-0.034,10.628,0.016,-0.016,0.26244,0.00415,-0.00415,0.11,0.11,-0.11
Kepler-84 b,Kepler-84,TIC 170646917,1.0,0.42,-0.29,14.92,0.092,-0.092,13.193,0.026,-0.026,0.0827,,,0.0,,
HD 209458 b,HD 209458,TIC 420814525,1.23,0.09,-0.09,7.65,0.03,-0.03,6.308,0.026,-0.026,0.04707,0.00045,-0.00047,0.0,,
K2-136 b,K2-136,TIC 18310799,0.742,0.039,-0.038,11.101,0.057,-0.057,8.368,0.019,-0.019,0.0707,0.0012,-0.0012,0.14,0.12,-0.11
Kepler-231 b,Kepler-231,TIC 27006192,0.58,0.014,-0.014,15.813,0.057,-0.057,12.589,0.026,-0.026,0.074,,,0.0,,
Kepler-26 e,Kepler-26,TIC 164833065,0.593,0.016,-0.016,15.853,0.035,-0.035,12.63,0.026,-0.026,0.22,,,0.0,,
Kepler-350 d,Kepler-350,TIC 120498491,1.0,0.2,-0.12,13.965,0.103,-0.103,12.393,0.025,-0.025,0.1786,,,0.0,,
Kepler-85 c,Kepler-85,TIC 159580705,0.928,0.044,-0.044,14.89,0.057,-0.057,13.083,0.023,-0.023,0.10363,0.00059,-0.00059,0.027,0.028,-0.014
Kepler-1660 AB b,Kepler-1660 A,TIC 122446960,1.1366,0.0728,-0.0728,13.595,0.103,-0.103,12.215,0.024,-0.024,0.8,0.005,-0.005,0.05541,0.00147,-0.00147
Kepler-1372 b,Kepler-1372,TIC 158843824,0.98,0.048,-0.052,15.667,0.126,-0.126,13.718,0.043,-0.043,0.024,,,0.0,,
Kepler-838 b,Kepler-838,TIC 351909828,0.98,0.049,-0.064,15.424,0.16,-0.16,13.761,0.048,-0.048,0.1266,,,0.0,,
K2-332 b,K2-332,TIC 330621494,0.27,0.01,-0.02,,,,12.638,0.026,-0.026,,,,,,
RR Cae b,RR Cae,TIC 219244444,0.44,,,14.379,0.009,-0.009,9.852,0.025,-0.025,5.3,0.6,-0.6,0.0,,
Kepler-211 c,Kepler-211,TIC 352007758,0.867,0.009,-0.014,13.448,0.08,-0.08,11.447,0.021,-0.021,0.062,,,0.0,,
Kepler-162 c,Kepler-162,TIC 273036401,1.053,0.035,-0.034,14.351,0.057,-0.057,12.658,0.023,-0.023,0.137,,,0.0,,
Kepler-1385 b,Kepler-1385,TIC 123495717,1.15,0.097,-0.049,12.947,0.092,-0.092,11.361,0.011,-0.011,0.04262,0.0007,-0.0007,0.0,,
TOI-431 b,TOI-431,TIC 31374837,0.78,0.07,-0.07,9.12,0.03,-0.03,6.723,0.021,-0.021,0.0113,0.0002,-0.0003,0.0,,
HD 45364 c,HD 45364,TIC 117768715,0.82,0.05,-0.05,8.08,0.03,-0.03,6.316,0.018,-0.018,0.902,0.001,-0.001,0.019,0.011,-0.01
HD 83443 b,HD 83443,TIC 32820141,1.0,0.03,-0.03,8.23,0.03,-0.03,6.444,0.02,-0.02,0.0406,0.0004,-0.0004,0.012,0.007,-0.006
Kepler-1424 b,Kepler-1424,TIC 122706631,1.02,0.046,-0.041,13.756,0.126,-0.126,12.104,0.022,-0.022,0.19068,0.00227,-0.00227,0.0,,
HD 22496 b,HD 22496,TIC 200851505,0.684,0.013,-0.013,8.57,0.03,-0.03,5.338,0.018,-0.018,0.051,0.0024,-0.0026,,,
HD 13908 c,HD 13908,TIC 12906712,1.29,0.04,-0.04,7.52,0.03,-0.03,6.21,0.021,-0.021,2.03,0.04,-0.04,0.12,0.02,-0.02
Kepler-1545 b,Kepler-1545,TIC 268382450,0.84,0.043,-0.047,15.256,0.103,-0.103,13.139,0.028,-0.028,0.5442,,,0.0,,
Kepler-1811 b,Kepler-1811,TIC 122294261,0.946,0.068,-0.045,15.327,0.195,-0.195,13.606,0.043,-0.043,0.3462,,,0.0,,
KOBE-1 b,KOBE-1,TIC 16917838,0.629,0.017,-0.017,10.1,0.03,-0.03,6.656,0.018,-0.018,0.07006,0.00043,-0.00043,0.0,,
Kepler-1277 b,Kepler-1277,TIC 138969285,0.94,0.038,-0.043,14.306,0.08,-0.08,12.427,0.023,-0.023,0.21857,0.00272,-0.00272,0.0,,
TOI-5210 b,TOI-5210,TIC 265979849,1.105,0.063,-0.068,12.118,0.024,-0.024,10.308,0.02,-0.02,0.0557,0.001,-0.0012,0.066,,
Kepler-359 b,Kepler-359,TIC 275568400,0.827,0.03,-0.029,15.805,0.549,-0.549,14.487,0.119,-0.119,0.178,,,0.0,,
Kepler-60 c,Kepler-60,TIC 158923465,1.041,0.077,-0.077,13.95,0.137,-0.137,12.516,0.018,-0.018,0.08422,0.00073,-0.00073,0.039,0.002,-0.0027
Kepler-414 b,Kepler-414,TIC 28357724,0.89,,,13.378,0.24,-0.24,11.698,0.02,-0.02,0.0543,0.00031,-0.00031,0.0,,
Kepler-691 b,Kepler-691,TIC 121787669,0.53,0.02,-0.021,16.6,0.2,-0.2,12.492,0.025,-0.025,0.0649,,,0.0,,
Kepler-705 b,Kepler-705,TIC 122066949,0.53,0.018,-0.018,16.331,1.133,-1.133,12.536,0.024,-0.024,0.232,0.0037,-0.0022,0.0,,
Kepler-1350 c,Kepler-1350,TIC 158664221,0.55,0.032,-0.052,16.577,0.664,-0.664,13.122,0.027,-0.027,0.0222,,,0.0,,
Kepler-319 b,Kepler-319,TIC 121786630,0.933,0.012,-0.016,13.926,0.114,-0.114,12.208,0.02,-0.02,0.051,,,0.0,,
Kepler-324 e,Kepler-324,TIC 243271716,0.844,0.049,-0.044,14.222,0.069,-0.069,12.291,0.025,-0.025,0.10972,0.00089,-0.00089,0.0,,
Kepler-342 d,Kepler-342,TIC 63293562,1.213,0.031,-0.018,13.2,0.08,-0.08,11.957,0.021,-0.021,0.242,,,0.0,,
TOI-2322 c,TOI-2322,TIC 300812741,0.703,0.014,-0.017,10.912,0.017,-0.017,8.369,0.021,-0.021,0.1362,0.009,-0.0143,0.0,,
HIP 66074 b,HIP 66074,TIC 298130822,0.705,0.025,-0.023,10.25,0.03,-0.03,7.182,0.016,-0.016,0.799,0.035,-0.035,0.948,0.004,-0.004
HD 219139 b,HD 219139,TIC 423269863,1.46,0.31,-0.29,5.84863,0.023,-0.023,3.392,0.23,-0.23,0.94,0.06,-0.07,0.11,0.087,-0.081
Kepler-53 b,Kepler-53,TIC 122446315,0.98,,,15.367,0.058,-0.058,13.807,0.051,-0.051,0.1361,0.00162,-0.00162,0.0,,
Kepler-880 c,Kepler-880,TIC 351803495,1.714,0.17,-0.316,11.845,0.022,-0.022,11.039,0.021,-0.021,0.1216,,,0.0,,
Kepler-312 b,Kepler-312,TIC 274030824,1.314,0.025,-0.02,13.01,0.057,-0.057,11.596,0.017,-0.017,0.031,,,0.0,,
Kepler-967 c,Kepler-967,TIC 120962548,0.84,0.033,-0.041,14.702,0.126,-0.126,12.396,0.021,-0.021,0.6253,,,0.0,,
Kepler-190 b,Kepler-190,TIC 158789380,0.834,0.007,-0.015,14.336,0.069,-0.069,12.231,0.016,-0.016,0.03,,,0.0,,
Kepler-220 c,Kepler-220,TIC 159759306,0.729,0.0185,-0.0185,13.049,0.092,-0.092,10.55,0.014,-0.014,0.076,,,0.0,,
HD 134606 c,HD 134606,TIC 262457542,1.046,0.07,-0.059,6.86,0.03,-0.03,5.177,0.026,-0.026,0.3007,0.0066,-0.0069,0.055,0.062,-0.04
Kepler-770 d,Kepler-770,TIC 120891972,0.94,0.053,-0.057,14.852,0.08,-0.08,12.923,0.025,-0.025,0.0616,,,0.0,,
Kepler-1219 b,Kepler-1219,TIC 273046164,1.25,0.142,-0.117,12.339,0.069,-0.069,10.809,0.068,-0.068,0.14146,0.00112,-0.00112,0.0,,
K2-285 c,K2-285,TIC 262715204,0.83,0.023,-0.023,12.075,0.114,-0.114,9.971,0.022,-0.022,0.0824,0.0018,-0.0018,0.0,,
Kepler-1721 b,Kepler-1721,TIC 164527535,0.89,0.07,-0.096,15.085,0.149,-0.149,13.016,0.033,-0.033,0.0519,,,0.0,,
Kepler-31 b,Kepler-31,TIC 270788519,1.21,0.17,-0.17,15.496,0.115,-0.115,13.871,0.05,-0.05,0.16,,,0.0,,
Kepler-651 b,Kepler-651,TIC 158415898,0.92,0.033,-0.038,14.233,0.137,-0.137,12.27,0.018,-0.018,0.14078,0.0014,-0.0014,0.0,,
Kepler-367 c,Kepler-367,TIC 28159518,0.768,0.011,-0.013,13.193,0.297,-0.297,10.674,0.014,-0.014,0.253,,,0.0,,
Kepler-33 f,Kepler-33,TIC 158935283,1.291,0.063,-0.121,14.099,0.08,-0.08,12.591,0.022,-0.022,0.2535,0.0054,-0.0054,0.0,,
Kepler-27 c,Kepler-27,TIC 137556626,0.65,0.16,-0.16,15.822,0.069,-0.069,14.118,0.065,-0.065,0.191,,,0.0,,
OGLE-2012-BLG-0026L c,OGLE-2012-BLG-0026L,,1.06,0.05,-0.05,20.66,,,,,,4.8,0.7,-0.7,,,
HD 20794 f,HD 20794,TIC 301051051,0.79,0.01,-0.01,4.26,0.03,-0.03,2.636,0.278,-0.278,1.3541,0.0068,-0.0068,0.45,0.1,-0.11
Kepler-288 c,Kepler-288,TIC 121785939,0.842,0.022,-0.015,15.283,0.252,-0.252,13.587,0.042,-0.042,0.14,,,0.0,,
Kepler-232 b,Kepler-232,TIC 27686898,0.97,0.056,-0.052,15.565,0.172,-0.172,13.765,0.056,-0.056,0.054,,,0.0,,
Kepler-294 c,Kepler-294,TIC 158487005,0.947,0.029,-0.033,15.948,0.08,-0.08,14.172,0.055,-0.055,0.071,,,0.0,,
Kepler-1925 b,Kepler-1925,TIC 159177232,1.057,0.07,-0.064,15.382,0.137,-0.137,13.598,0.032,-0.032,0.2588,,,0.0,,
Kepler-48 b,Kepler-48,TIC 171882123,0.88,0.06,-0.06,13.174,0.103,-0.103,11.221,0.023,-0.023,0.05394,0.00032,-0.00032,0.0,,
Kepler-29 b,Kepler-29,TIC 273875635,0.761,0.024,-0.028,15.547,0.092,-0.092,13.657,0.045,-0.045,0.08482,0.00096,-0.00096,0.0,,
Kepler-454 c,Kepler-454,TIC 121276638,1.03,0.04,-0.03,11.567,0.021,-0.021,9.968,0.018,-0.018,1.287,0.017,-0.017,0.0053,,
Kepler-1266 c,Kepler-1266,TIC 158167159,0.791,0.058,-0.025,16.016,0.378,-0.378,13.824,0.045,-0.045,0.0506,0.00056,-0.00056,0.0,,
Kepler-1559 b,Kepler-1559,TIC 63213956,0.86,0.042,-0.051,14.549,0.08,-0.08,12.634,0.026,-0.026,0.01835,0.00021,-0.00021,0.0,,
Kepler-107 e,Kepler-107,TIC 27988327,1.238,0.029,-0.029,12.543,0.057,-0.057,11.06,0.016,-0.016,0.12638,0.00099,-0.00099,0.1,,
HATS-4 b,HATS-4,TIC 59843967,1.001,0.02,-0.02,13.516,0.103,-0.103,11.612,0.021,-0.021,0.0362,0.0002,-0.0002,0.013,0.016,-0.016
TYC 1422-614-1 c,TYC 1422-614-1,TIC 95361265,1.15,0.18,-0.18,10.193,0.008,-0.008,7.728,0.031,-0.031,1.37,0.06,-0.06,0.048,0.02,-0.014
Kepler-1539 b,Kepler-1539,TIC 164671591,0.84,0.039,-0.045,15.487,0.16,-0.16,13.382,0.042,-0.042,0.4765,,,0.0,,
HIP 9618 b,HIP 9618,TIC 306263608,0.942,0.0335,-0.0325,9.2,0.03,-0.03,7.559,0.021,-0.021,0.145,0.003,-0.003,0.0,,
K2-6 b,K2-6,TIC 446672575,0.97,0.07,-0.07,12.66,0.069,-0.069,11.069,0.02,-0.02,0.1898,0.0056,-0.0056,,,
HD 113337 c,HD 113337,TIC 142350121,1.41,0.241,-0.241,6.02078,0.023,-0.023,5.005,0.017,-0.017,6.805,0.536,-0.468,0.164,0.057,-0.056
Kepler-242 b,Kepler-242,TIC 120899945,0.748,0.017,-0.021,15.489,0.092,-0.092,13.238,0.033,-0.033,0.075,,,0.0,,
Kepler-1339 b,Kepler-1339,TIC 48354224,0.94,0.034,-0.036,12.344,0.032,-0.032,10.627,0.014,-0.014,0.02356,0.00023,-0.00023,0.0,,
TOI-139 b,TOI-139,TIC 62483237,0.69,0.0852,-0.0852,10.55,0.03,-0.03,7.64,0.021,-0.021,,,,,,
HIP 38594 c,HIP 38594,TIC 128902569,0.61,0.02,-0.02,9.75,0.1,-0.1,6.169,0.021,-0.021,3.805,0.172,-0.172,0.16,0.1,-0.1
Kepler-595 b,Kepler-595,TIC 27231753,0.93,0.059,-0.059,15.067,0.126,-0.126,12.862,0.029,-0.029,0.1582,,,0.0,,
Kepler-32 d,Kepler-32,TIC 273590427,0.58,0.05,-0.05,16.36,0.549,-0.549,12.757,0.024,-0.024,0.13,,,0.0,,
Kepler-1788 b,Kepler-1788,TIC 159646433,0.686,0.079,-0.053,15.484,0.137,-0.137,12.985,0.027,-0.027,0.0343,,,0.0,,
Kepler-194 d,Kepler-194,TIC 63070427,0.94,0.034,-0.034,14.969,0.16,-0.16,13.512,0.046,-0.046,0.275,,,0.0,,
Kepler-723 b,Kepler-723,TIC 164786087,0.92,0.043,-0.046,15.452,0.058,-0.058,13.499,0.046,-0.046,0.0479,,,0.0,,
Kepler-634 b,Kepler-634,TIC 137089993,1.03,0.085,-0.066,13.626,0.092,-0.092,12.16,0.021,-0.021,0.05765,0.00043,-0.00043,0.0,,
Kepler-873 b,Kepler-873,TIC 27843860,1.18,0.175,-0.088,15.052,0.115,-0.115,13.439,0.039,-0.039,0.1542,,,0.0,,
Kepler-1336 c,Kepler-1336,TIC 272278272,0.94,0.051,-0.042,14.264,0.103,-0.103,12.366,0.02,-0.02,0.06272,0.00041,-0.00041,0.0,,
PDS 70 c,PDS 70,TIC 179413040,0.76,0.02,-0.02,12.032,0.08,-0.08,8.542,0.023,-0.023,34.0,6.0,-3.0,0.11,0.12,-0.06
Kepler-194 b,Kepler-194,TIC 63070427,0.94,0.034,-0.034,14.969,0.16,-0.16,13.512,0.046,-0.046,0.032,,,0.0,,
Kepler-206 d,Kepler-206,TIC 137342279,0.957,0.033,-0.03,13.507,0.08,-0.08,12.001,0.023,-0.023,0.163,,,0.0,,
MOA-2020-BLG-208L b,MOA-2020-BLG-208L,,0.43,0.39,-0.23,,,,,,,2.74,0.43,-0.47,,,
Kepler-120 c,Kepler-120,TIC 121458707,0.654,0.014,-0.014,14.995,0.012,-0.012,12.307,0.024,-0.024,0.088,,,0.0,,
Kepler-317 b,Kepler-317,TIC 138890353,0.865,0.064,-0.032,15.665,0.183,-0.183,13.668,0.047,-0.047,0.061,,,0.0,,
Kepler-423 b,Kepler-423,TIC 63452790,0.85,0.04,-0.04,14.462,0.126,-0.126,12.779,0.031,-0.031,0.03585,0.00052,-0.00114,0.019,0.028,-0.014
HD 158996 b,HD 158996,TIC 288268410,1.8,0.3,-0.3,5.72291,0.023,-0.023,2.133,0.232,-0.232,2.1,0.2,-0.2,0.13,0.05,-0.05
Kepler-1959 b,Kepler-1959,TIC 272173269,0.768,0.095,-0.059,14.797,0.08,-0.08,12.494,0.019,-0.019,0.0617,,,0.0,,
Kepler-171 b,Kepler-171,TIC 239229224,0.978,0.029,-0.031,15.101,0.069,-0.069,13.206,0.042,-0.042,0.05,,,0.0,,
Kepler-204 b,Kepler-204,TIC 120495446,1.038,0.025,-0.024,13.977,0.103,-0.103,12.481,0.025,-0.025,0.117,,,0.0,,
Kepler-539 b,Kepler-539,TIC 171510762,1.048,0.042,-0.042,12.444,0.057,-0.057,10.915,0.018,-0.018,0.4988,0.0067,-0.0067,0.39,,
TOI-1743 b,TOI-1743,TIC 219860288,0.339,0.027,-0.031,14.972,0.073,-0.073,9.999,0.014,-0.014,0.03589,0.00092,-0.0011,,,
Kepler-28 b,Kepler-28,TIC 63122956,0.684,0.026,-0.026,15.13,0.057,-0.057,12.719,0.028,-0.028,0.05687,0.00036,-0.00036,0.0,,
Kepler-1097 b,Kepler-1097,TIC 123316380,0.82,0.044,-0.056,15.652,0.023,-0.023,13.252,0.031,-0.031,0.5791,,,0.0,,
Kepler-93 b,Kepler-93,TIC 137151335,0.911,0.033,-0.033,9.996,0.004,-0.004,8.37,0.019,-0.019,0.05343,0.00065,-0.00065,0.0,,
Kepler-321 c,Kepler-321,TIC 271046140,1.024,0.028,-0.031,12.918,0.092,-0.092,11.249,0.016,-0.016,0.11,,,0.0,,
K2-11 b,K2-11,TIC 301609547,1.35,0.04,-0.56,13.409,0.103,-0.103,11.347,0.022,-0.022,0.2257,0.0143,-0.0143,,,
KMT-2022-BLG-0303L b,KMT-2022-BLG-0303L,,0.368,0.294,-0.197,,,,,,,4.81,0.65,-0.76,,,
Kepler-832 b,Kepler-832,TIC 272073383,0.92,0.063,-0.062,16.001,0.081,-0.081,14.197,0.061,-0.061,0.075,,,0.0,,
Kepler-346 b,Kepler-346,TIC 158660363,0.943,0.019,-0.026,15.261,0.137,-0.137,13.582,0.036,-0.036,0.071,,,0.0,,
Kepler-325 b,Kepler-325,TIC 267671250,0.914,0.014,-0.016,15.175,0.092,-0.092,13.351,0.035,-0.035,0.053,,,0.0,,
HD 35759 b,HD 35759,TIC 286954708,1.15,0.08,-0.08,7.74,0.03,-0.03,6.319,0.02,-0.02,0.389,0.009,-0.009,0.389,0.006,-0.006
HIP 74890 b,HIP 74890,TIC 148153804,1.74,0.21,-0.21,7.05,0.03,-0.03,4.639,0.016,-0.016,2.1,0.09,-0.09,0.07,0.07,-0.07
Kepler-343 b,Kepler-343,TIC 63120970,1.055,0.031,-0.03,14.063,0.114,-0.114,12.683,0.028,-0.028,0.088,,,0.0,,
Kepler-54 b,Kepler-54,TIC 271262203,0.51,,,16.282,0.423,-0.423,12.648,0.021,-0.021,0.0619,0.00246,-0.00246,0.022,0.02,-0.015
Kepler-176 c,Kepler-176,TIC 271159950,0.86,0.016,-0.024,14.767,0.126,-0.126,12.567,0.024,-0.024,0.102,,,0.0,,
Kepler-725 b,Kepler-725,TIC 164652841,0.95,0.01,-0.01,15.145,0.08,-0.08,13.222,0.038,-0.038,0.2238,0.0008,-0.0008,0.231,0.05,-0.044
HD 103720 b,HD 103720,TIC 96195878,0.794,0.04,-0.04,9.5,0.03,-0.03,7.283,0.024,-0.024,0.0498,0.0008,-0.0008,0.086,0.024,-0.024
Kepler-360 b,Kepler-360,TIC 158213532,0.994,0.016,-0.032,15.011,0.126,-0.126,13.228,0.03,-0.03,0.044,,,0.0,,
Qatar-1 b,Qatar-1,TIC 236887394,0.838,0.043,-0.041,12.692,0.103,-0.103,10.409,0.017,-0.017,0.02332,0.0004,-0.0004,0.0,,
Kepler-290 c,Kepler-290,TIC 158218214,0.756,0.019,-0.027,15.775,0.08,-0.08,13.452,0.038,-0.038,0.205,,,0.0,,
Kepler-352 d,Kepler-352,TIC 269271535,0.796,0.046,-0.046,13.142,0.114,-0.114,11.132,0.022,-0.022,0.06574,0.00041,-0.00041,0.0,,
AT2021ueyL b,AT2021ueyL,,0.49,0.16,-0.18,,,,,,,4.01,1.68,-1.34,,,
TOI-7149 b,TOI-7149,TIC 459323923,0.344,0.03,-0.03,,,,12.23,0.024,-0.024,0.02603,0.00071,-0.00076,0.078,0.047,-0.048
Kepler-1388 e,Kepler-1388,TIC 164524311,0.63,0.021,-0.03,16.43,1.133,-1.133,13.343,0.042,-0.042,0.1861,,,0.0,,
Kepler-676 b,Kepler-676,TIC 27776674,0.51,0.022,-0.028,17.15,0.2,-0.2,12.628,0.027,-0.027,0.0798,,,0.0,,
Kepler-186 d,Kepler-186,TIC 268159861,0.478,0.055,-0.055,15.138,0.08,-0.08,11.605,0.018,-0.018,0.0781,0.01,-0.01,0.0,,
HD 145457 b,HD 145457,TIC 236339228,1.9,0.3,-0.3,6.57226,0.023,-0.023,4.122,0.042,-0.042,0.762,0.001,-0.001,0.111,0.039,-0.04
HD 105779 b,HD 105779,TIC 347713631,0.89,0.01,-0.01,8.65,0.03,-0.03,7.111,0.023,-0.023,3.38,0.05,-0.05,0.0,,
TOI-2076 b,TOI-2076,TIC 27491137,0.883,0.017,-0.017,9.139,0.002,-0.002,7.115,0.017,-0.017,0.0682,0.0013,-0.0013,0.0,,
Kepler-426 b,Kepler-426,TIC 299220166,0.91,0.06,-0.06,15.032,0.16,-0.16,13.212,0.033,-0.033,0.0414,0.001,-0.001,0.18,,
HD 28254 b,HD 28254,TIC 219256496,1.1,0.05,-0.05,7.69,0.03,-0.03,6.006,0.029,-0.029,2.45,0.03,-0.04,0.95,0.03,-0.04
K2-183 b,K2-183,TIC 60256211,0.942219,0.021244,-0.024592,12.867,0.08,-0.08,11.021,0.02,-0.02,,,,,,
HATS-49 b,HATS-49,TIC 281541545,0.7133,0.0075,-0.0075,14.988,0.16,-0.16,11.938,0.023,-0.023,0.04515,0.00016,-0.00016,0.071,,
GJ 1151 c,GJ 1151,TIC 11893637,0.1639,0.0093,-0.0093,13.76,0.2,-0.2,7.637,0.017,-0.017,0.5714,0.0053,-0.0064,,,
Kepler-1893 b,Kepler-1893,TIC 274022334,0.973,0.068,-0.056,15.152,0.114,-0.114,13.104,0.029,-0.029,0.0504,,,0.0,,
Kepler-920 c,Kepler-920,TIC 267570317,0.89,0.039,-0.049,15.492,0.069,-0.069,13.511,0.036,-0.036,0.4029,,,0.0,,
Kepler-358 c,Kepler-358,TIC 26815908,0.94,0.043,-0.049,15.516,0.149,-0.149,13.652,0.053,-0.053,0.381,,,0.0,,
Kepler-1480 b,Kepler-1480,TIC 26541144,0.85,0.036,-0.04,14.703,0.126,-0.126,12.584,0.037,-0.037,0.1525,,,0.0,,
Kepler-1880 b,Kepler-1880,TIC 121333305,0.524,0.045,-0.034,16.088,0.172,-0.172,13.439,0.036,-0.036,0.054,,,0.0,,
Kepler-304 d,Kepler-304,TIC 377909730,0.737,0.005,-0.013,15.065,0.252,-0.252,12.626,0.033,-0.033,0.08,,,0.0,,
TOI-1422 b,TOI-1422,TIC 333473672,0.981,0.062,-0.065,10.622,0.007,-0.007,9.19,0.022,-0.022,0.108,0.003,-0.003,0.04,0.05,-0.03
TOI-1347 b,TOI-1347,TIC 229747848,0.913,0.033,-0.033,11.168,0.013,-0.013,9.616,0.015,-0.015,0.0171,0.0003,-0.0003,0.0,,
WASP-140 b,WASP-140,TIC 178284730,0.9,0.04,-0.04,11.118,0.014,-0.014,9.165,0.03,-0.03,0.0323,0.0005,-0.0005,0.047,0.0035,-0.0035
Kepler-514 b,Kepler-514,TIC 405717552,1.28,0.071,-0.05,12.273,0.032,-0.032,10.875,0.019,-0.019,0.06559,0.00054,-0.00054,0.0,,
KIC 8540376 b,KOI-7892,TIC 123449386,1.04,0.2,-0.2,14.411,0.114,-0.114,12.966,0.023,-0.023,,,,,,
WASP-182 b,WASP-182,TIC 369455629,1.076,0.064,-0.064,11.98,0.037,-0.037,10.431,0.019,-0.019,0.0451,0.0009,-0.0009,0.0,,
Kepler-529 c,Kepler-529,TIC 158108219,1.07,0.056,-0.057,13.779,0.149,-0.149,12.418,0.018,-0.018,0.1075,,,0.0,,
TOI-3629 b,TOI-3629,TIC 455784423,0.63,0.02,-0.02,14.639,0.061,-0.061,10.553,0.02,-0.02,0.043,0.002,-0.002,0.05,0.05,-0.04
OGLE-2019-BLG-0249L b,OGLE-2019-BLG-0249L,,0.91,0.19,-0.19,,,,,,,1.84,0.44,-0.44,,,
Kepler-1679 b,Kepler-1679,TIC 27006340,0.96,,,15.327,0.046,-0.046,13.528,0.045,-0.045,0.0892,,,0.0,,
Kepler-1529 b,Kepler-1529,TIC 122137575,0.81,0.036,-0.042,15.297,0.217,-0.217,13.257,0.033,-0.033,0.0525,,,0.0,,
Kepler-193 c,Kepler-193,TIC 272496083,1.051,0.024,-0.033,14.712,0.046,-0.046,13.218,0.03,-0.03,0.286,,,0.0,,
Kepler-1260 b,Kepler-1260,TIC 271759028,1.06,0.089,-0.084,14.953,0.103,-0.103,13.183,0.027,-0.027,0.1444,,,0.0,,
HD 80883 b,HD 80883,TIC 386899832,0.88,0.106,-0.106,8.6,0.03,-0.03,6.469,0.021,-0.021,6.462,1.843,-0.804,0.203,0.185,-0.121
Kepler-265 b,Kepler-265,TIC 122445076,0.97,0.029,-0.034,15.47,0.16,-0.16,13.897,0.051,-0.051,0.069,,,0.0,,
Kepler-749 b,Kepler-749,TIC 269263934,0.79,0.055,-0.054,16.153,0.217,-0.217,13.515,0.03,-0.03,0.1054,,,0.0,,
TOI-1194 b,TOI-1194,TIC 147950620,0.9835,0.0298,-0.029,11.302,0.01,-0.01,9.34,0.015,-0.015,0.034,0.0006,-0.0006,0.0,,
Kepler-84 c,Kepler-84,TIC 170646917,1.0,0.42,-0.29,14.92,0.092,-0.092,13.193,0.026,-0.026,0.1072,,,0.0,,
Kepler-1011 b,Kepler-1011,TIC 273130565,0.91,0.044,-0.044,15.294,0.126,-0.126,13.361,0.031,-0.031,0.0633,,,0.0,,
HD 65216 b,HD 65216,TIC 382625142,0.874,,,7.97,0.03,-0.03,6.329,0.027,-0.027,1.301,0.02,-0.02,0.27,0.02,-0.02
HD 33844 c,HD 33844,TIC 169534187,1.78,0.18,-0.18,7.29,0.03,-0.03,4.945,0.018,-0.018,2.24,0.05,-0.05,0.13,0.1,-0.1
Kepler-1743 b,Kepler-1743,TIC 290035649,1.266,0.098,-0.147,12.062,0.069,-0.069,10.562,0.025,-0.025,0.084,0.00132,-0.00132,0.0,,
HIP 54373 c,HIP 54373,TIC 410407964,0.57,0.03,-0.03,10.38,0.1,-0.1,6.62,0.02,-0.02,0.099,0.002,-0.002,0.2,0.12,-0.12
Kepler-1232 b,Kepler-1232,TIC 351190880,0.92,0.041,-0.042,14.97,0.114,-0.114,12.965,0.024,-0.024,0.16545,0.0014,-0.0014,0.0,,
K2-254 b,K2-254,TIC 147683165,0.71,0.02,-0.03,14.238,0.137,-0.137,11.296,0.021,-0.021,0.0448,0.0005,-0.0005,,,
CoRoT-4 b,CoRoT-4,TIC 36440357,1.16,0.03,-0.02,13.652,0.092,-0.092,12.288,0.03,-0.03,0.09,0.001,-0.001,0.0,0.1,-0.1
HD 28471 c,HD 28471,TIC 38698692,0.98,0.044,-0.044,7.89,0.03,-0.03,6.315,0.027,-0.027,0.065,0.001,-0.001,0.088,0.058,-0.054
TOI-1117 d,TOI-1117,TIC 295541511,0.97,0.02,-0.02,11.016,0.023,-0.023,9.385,0.022,-0.022,0.0817,0.0006,-0.0006,0.0,,
K2-377 b,K2-377,TIC 422325510,0.821,0.371,-0.258,14.107,0.126,-0.126,10.994,0.026,-0.026,,,,,,
Kepler-151 b,Kepler-151,TIC 137410997,0.87,0.043,-0.05,14.957,0.229,-0.229,12.864,0.03,-0.03,0.116,,,0.0,,
Kepler-217 d,Kepler-217,TIC 240178935,1.37,0.157,-0.124,13.155,0.069,-0.069,12.103,0.024,-0.024,0.0534,0.00031,-0.00031,0.0,,
HD 40956 b,HD 40956,TIC 71099944,2.0,0.08,-0.08,6.42794,0.023,-0.023,4.143,0.324,-0.324,1.4,0.1,-0.1,0.24,0.05,-0.05
GJ 27.1 b,GJ 27.1,TIC 80417903,0.53,,,11.45,0.021,-0.021,7.394,0.029,-0.029,0.101,0.009,-0.013,0.08,0.18,-0.08
HD 82943 b,HD 82943,TIC 405485269,1.08,0.118905,-0.147458,6.54993,0.023,-0.023,5.105,0.018,-0.018,1.18306,0.00062,-0.00062,0.162,0.036,-0.036
Kepler-1573 b,Kepler-1573,TIC 26752863,1.01,0.051,-0.053,15.304,0.046,-0.046,13.677,0.054,-0.054,0.0364,,,0.0,,
Kepler-1489 c,Kepler-1489,TIC 123312978,0.977,0.05,-0.062,14.983,0.057,-0.057,13.247,0.029,-0.029,,,,,,
EPIC 212424622 b,EPIC 212424622,TIC 297146115,1.106,0.145,-0.12,13.441,0.103,-0.103,11.775,0.021,-0.021,,,,,,
Kepler-1915 b,Kepler-1915,TIC 185184560,1.03,0.145,-0.13,16.261,0.16,-0.16,14.039,0.052,-0.052,0.114,,,0.0,,
TOI-4487 A b,TOI-4487 A,TIC 193754373,1.378,0.065,-0.064,12.109,0.025,-0.025,10.556,0.014,-0.014,0.05448,0.00085,-0.00086,0.083,,
K2-218 b,K2-218,TIC 266014458,1.047488,0.030873,-0.027589,12.92,0.114,-0.114,11.206,0.024,-0.024,,,,,,
TOI-2374 b,TOI-2374,TIC 439366538,0.75,0.01,-0.01,12.095,0.08,-0.08,9.793,0.023,-0.023,0.0471,0.0002,-0.0002,0.13,,
HD 154391 b,HD 154391,TIC 424731682,2.07,0.03,-0.03,6.1552,0.023,-0.023,3.896,0.016,-0.016,7.46,0.07,-0.07,0.2,0.04,-0.04
Kepler-292 f,Kepler-292,TIC 271960465,0.865,0.021,-0.029,16.303,0.069,-0.069,13.97,0.057,-0.057,0.141,,,0.0,,
Kepler-105 c,Kepler-105,TIC 158625964,0.991,0.032,-0.033,12.981,0.092,-0.092,11.503,0.013,-0.013,0.07229,0.00081,-0.00081,0.02,0.02,-0.02
Kepler-1281 b,Kepler-1281,TIC 27458799,0.87,0.044,-0.053,15.961,0.423,-0.423,13.929,0.061,-0.061,0.0415,,,0.0,,
KELT-18 b,KELT-18,TIC 293687315,1.524,0.069,-0.068,10.16,0.005,-0.005,9.21,0.022,-0.022,0.0455,0.00067,-0.00069,0.0,,
KIC 8121913 b,KIC 8121913,TIC 268484648,1.456,0.069,-0.15,12.38,0.057,-0.057,10.763,0.024,-0.024,,,,,,
Kepler-519 b,Kepler-519,TIC 171971913,0.89,0.02,-0.028,12.77,0.069,-0.069,10.761,0.021,-0.021,0.15932,0.00084,-0.00084,0.0,,
Kepler-385 c,Kepler-385,TIC 27082352,0.992,0.034,-0.032,15.76,0.572,-0.572,13.819,0.056,-0.056,0.127,,,0.0,,
Kepler-170 c,Kepler-170,TIC 120253745,1.066,0.016,-0.028,14.344,0.103,-0.103,12.677,0.024,-0.024,0.131,,,0.0,,
HIP 29442 c,HD 42813,TIC 33692729,0.901,0.043,-0.043,9.49,0.03,-0.03,7.587,0.024,-0.024,0.04518,0.00082,-0.00082,,,
LkCa 15 b,LkCa 15,TIC 118681038,,,,12.025,0.04,-0.04,8.163,0.018,-0.018,14.7,2.1,-2.1,,,
Kepler-1111 b,Kepler-1111,TIC 271663670,1.1,0.127,-0.087,14.88,0.114,-0.114,13.244,0.033,-0.033,0.0872,,,0.0,,
HATS-7 b,HATS-7,TIC 220029715,0.849,0.027,-0.027,13.347,0.08,-0.08,10.976,0.026,-0.026,0.04012,0.00043,-0.00043,0.17,,
Kepler-1417 b,Kepler-1417,TIC 122707371,1.02,0.06,-0.063,14.038,0.126,-0.126,12.339,0.023,-0.023,0.14062,0.00094,-0.00094,0.0,,
Kepler-139 b,Kepler-139,TIC 123450224,1.078,0.0255,-0.0255,12.775,0.092,-0.092,11.167,0.016,-0.016,0.127,,,0.0,,
Kepler-1272 b,Kepler-1272,TIC 399794186,1.06,0.077,-0.066,14.734,0.137,-0.137,12.888,0.035,-0.035,0.2705,,,0.0,,
Kepler-159 b,Kepler-159,TIC 169082553,0.628,0.015,-0.015,15.386,0.046,-0.046,12.357,0.02,-0.02,0.082,,,0.0,,
GJ 229 b,GJ 229,TIC 124279525,0.509,0.02,-0.02,8.15,0.1,-0.1,4.166,0.232,-0.232,1.086,0.015,-0.015,0.404,0.105,-0.124
Kepler-397 c,Kepler-397,TIC 271963778,0.844,0.032,-0.032,16.357,0.252,-0.252,13.9,0.051,-0.051,0.48,,,0.0,,
Kepler-122 e,Kepler-122,TIC 122714267,0.982,0.028,-0.029,14.403,0.126,-0.126,12.826,0.028,-0.028,0.227,,,0.0,,
HD 49674 b,HD 49674,TIC 21267079,1.03,0.11,-0.11,8.1,0.03,-0.03,6.432,0.016,-0.016,0.06,0.0,0.0,0.09,0.09,-0.09
Kepler-1154 b,Kepler-1154,TIC 169561256,1.26,0.246,-0.162,14.953,0.172,-0.172,13.348,0.037,-0.037,0.0631,,,0.0,,
55 Cnc c,55 Cnc,TIC 332064670,0.905,0.015,-0.015,5.95084,0.023,-0.023,4.015,0.036,-0.036,0.2373,0.0013,-0.0013,0.03,0.02,-0.02
Kepler-1719 b,Kepler-1719,TIC 120314731,1.08,0.123,-0.123,13.478,0.069,-0.069,11.776,0.02,-0.02,0.06868,0.00044,-0.00044,0.0,,
TOI-1806.01,TOI-1806,TIC 166648874,0.392935,,,15.193,0.134,-0.134,10.016,0.018,-0.018,0.087735044,,,,,
Kepler-221 d,Kepler-221,TIC 272601375,0.854,0.012,-0.016,13.97,0.149,-0.149,11.9,0.019,-0.019,0.087,,,0.0,,
Kepler-204 c,Kepler-204,TIC 120495446,1.038,0.025,-0.024,13.977,0.103,-0.103,12.481,0.025,-0.025,0.173,,,0.0,,
HIP 65407 c,HIP 65407,TIC 165454978,0.93,0.07,-0.07,9.38,0.03,-0.03,7.578,0.017,-0.017,0.316,0.008,-0.008,0.12,0.04,-0.04
TOI-201 c,TOI-201,TIC 350618622,1.316,0.027,-0.027,9.07,0.03,-0.03,7.846,0.024,-0.024,4.28,0.36,-0.21,0.643,0.009,-0.021
Kepler-221 e,Kepler-221,TIC 272601375,0.854,0.012,-0.016,13.97,0.149,-0.149,11.9,0.019,-0.019,0.13,,,0.0,,
Kepler-258 c,Kepler-258,TIC 270854411,0.82,0.033,-0.038,15.49,0.149,-0.149,12.956,0.027,-0.027,0.193,,,0.0,,
Kepler-1266 b,Kepler-1266,TIC 158167159,0.8,0.039,-0.048,16.016,0.378,-0.378,13.824,0.045,-0.045,0.16431,0.00177,-0.00177,0.0,,
HIP 81208 C b,HIP 81208 C,,0.135,0.01,-0.013,,,,,,,23.04,13.88,-6.55,,,
HD 216520 c,HD 216520,TIC 264899051,0.82,0.04,-0.04,7.53,0.03,-0.03,5.449,0.021,-0.021,0.528,0.01,-0.01,0.12,0.08,-0.08
HD 206893 b,HD 206893,TIC 155782207,1.32,0.07,-0.05,6.68804,0.023,-0.023,5.593,0.021,-0.021,9.6,0.4,-0.3,0.14,0.05,-0.05
Kepler-333 c,Kepler-333,TIC 137556197,0.601,0.015,-0.015,15.052,0.08,-0.08,12.118,0.025,-0.025,0.135,,,0.0,,
Kepler-1751 b,Kepler-1751,TIC 48451491,0.974,0.13,-0.117,15.455,0.047,-0.047,13.784,0.058,-0.058,0.0712,,,0.0,,
Kepler-191 d,Kepler-191,TIC 159647213,0.84,0.042,-0.046,14.987,0.092,-0.092,12.883,0.04,-0.04,0.06104,0.00035,-0.00035,0.0,,
Kepler-1881 b,Kepler-1881,TIC 270615772,0.812,0.061,-0.031,15.898,0.229,-0.229,13.978,0.06,-0.06,0.53325,0.00553,-0.00553,0.0,,
Kepler-293 c,Kepler-293,TIC 158216544,0.934,0.016,-0.021,15.452,0.526,-0.526,13.661,0.043,-0.043,0.286,,,0.0,,
Kepler-136 c,Kepler-136,TIC 272375343,1.204,0.043,-0.043,11.822,0.046,-0.046,10.519,0.012,-0.012,0.133,,,0.0,,
Kepler-203 b,Kepler-203,TIC 169084431,1.06,0.022,-0.036,14.14,0.137,-0.137,12.445,0.026,-0.026,0.043,,,0.0,,
HD 143105 b,HD 143105,TIC 272783172,1.51,0.11,-0.11,6.77005,0.023,-0.023,5.519,0.02,-0.02,0.0379,0.0009,-0.0009,0.07,,
WASP-91 b,WASP-91,TIC 238176110,0.84,0.07,-0.07,11.98,0.022,-0.022,9.712,0.023,-0.023,0.037,0.001,-0.001,0.0,,
Kepler-791 b,Kepler-791,TIC 138303317,1.3,0.208,-0.122,14.473,0.103,-0.103,13.158,0.033,-0.033,0.1256,,,0.0,,
Kepler-403 c,Kepler-403,TIC 159174926,1.299,0.0505,-0.0505,12.818,0.08,-0.08,11.537,0.016,-0.016,0.297,,,0.0,,
HD 170469 b,HD 170469,TIC 320362897,1.1,0.08,-0.08,8.21,0.03,-0.03,6.707,0.018,-0.018,2.24,0.05,-0.05,0.11,0.08,-0.08
TOI-4914 b,TOI-4914,TIC 49254857,1.03,0.06,-0.06,12.235,0.046,-0.046,10.706,0.023,-0.023,0.098,0.003,-0.003,0.408,0.023,-0.023
Kepler-347 b,Kepler-347,TIC 299158566,0.922,0.022,-0.021,14.567,0.149,-0.149,13.047,0.029,-0.029,0.11,,,0.0,,
Kepler-704 b,Kepler-704,TIC 237157729,0.97,0.045,-0.047,15.454,0.046,-0.046,13.557,0.05,-0.05,0.047,,,0.0,,
HD 104067 c,HD 104067,TIC 428673146,0.82,0.03,-0.03,7.92,0.03,-0.03,5.614,0.024,-0.024,0.1058,0.0013,-0.0013,0.29,0.12,-0.13
Kepler-871 b,Kepler-871,TIC 271158815,1.11,0.089,-0.075,15.882,0.469,-0.469,14.167,0.063,-0.063,0.1572,,,0.0,,
Kepler-1992 b,Kepler-1992,TIC 271428166,0.874,0.048,-0.054,13.79,0.114,-0.114,11.767,0.016,-0.016,0.1169,,,0.0,,
Kepler-237 c,Kepler-237,TIC 258348597,0.696,0.017,-0.017,15.689,0.08,-0.08,13.172,0.036,-0.036,0.071,,,0.0,,
Kepler-1830 b,Kepler-1830,TIC 138968107,1.443,0.129,-0.193,13.605,0.08,-0.08,12.264,0.023,-0.023,0.31769,0.00127,-0.00127,0.0,,
K2-270 c,K2-270,TIC 293375721,0.85,0.02,-0.02,13.847,0.092,-0.092,11.368,0.021,-0.021,0.0497,0.0004,-0.0004,,,
Kepler-550 b,Kepler-550,TIC 273376082,0.87,0.045,-0.052,14.626,0.08,-0.08,12.562,0.022,-0.022,0.0747,,,0.0,,
Kepler-604 b,Kepler-604,TIC 63212809,1.02,0.084,-0.069,14.791,0.183,-0.183,13.19,0.037,-0.037,0.1735,,,0.0,,
LHS 1678 c,LHS 1678,TIC 77156829,0.345,0.014,-0.014,12.6,0.2,-0.2,8.264,0.029,-0.029,0.0327,0.0015,-0.0015,0.039,0.04,-0.025
Kepler-278 b,Kepler-278,TIC 122225232,1.227,0.061,-0.061,11.811,0.024,-0.024,9.465,0.018,-0.018,0.202,0.005,-0.005,0.696,0.017,-0.026
Kepler-1278 b,Kepler-1278,TIC 164413187,1.11,0.114,-0.076,13.782,0.114,-0.114,12.27,0.022,-0.022,0.04417,0.00048,-0.00048,0.0,,
Kepler-1142 b,Kepler-1142,TIC 63366291,0.97,0.052,-0.056,14.505,0.069,-0.069,12.648,0.028,-0.028,0.1343,,,0.0,,
Kepler-327 c,Kepler-327,TIC 63366281,0.591913,0.020356,-0.020356,15.611,0.149,-0.149,11.956,0.022,-0.022,0.047,,,0.0,,
WASP-60 b,WASP-60,TIC 288246496,1.19,0.61,-0.61,11.67,0.055,-0.055,10.585,0.021,-0.021,0.05548,0.00046,-0.00046,0.0,,
GJ 1252 b,GJ 1252,TIC 370133522,0.381,0.019,-0.019,12.68,0.2,-0.2,7.915,0.023,-0.023,0.00915,0.00015,-0.00015,0.0,,
Kepler-113 b,Kepler-113,TIC 298834019,0.75,0.06,-0.06,13.655,0.103,-0.103,11.255,0.023,-0.023,0.05123,0.00051,-0.00051,0.0,,
Kepler-1605 b,Kepler-1605,TIC 158394902,0.86,0.038,-0.043,12.592,0.057,-0.057,10.587,0.011,-0.011,0.36567,0.00235,-0.00235,0.0,,
Kepler-1060 b,Kepler-1060,TIC 120691237,0.99,0.082,-0.073,14.827,0.126,-0.126,12.964,0.03,-0.03,0.2495,,,0.0,,
HD 10180 c,HD 10180,TIC 231836962,1.06,0.05,-0.05,7.33,0.03,-0.03,5.868,0.018,-0.018,0.06412,0.00101,-0.00101,0.073,0.031,-0.031
WASP-47 d,WASP-47,TIC 102264230,1.058,0.047,-0.047,11.936,0.046,-0.046,10.192,0.026,-0.026,0.085,0.0027,-0.0027,0.001,0.0008,-0.0007
WASP-24 b,WASP-24,TIC 460396820,1.43,0.5,-0.5,11.219,0.017,-0.017,10.148,0.023,-0.023,0.03651,0.00028,-0.00028,0.0,,
Kepler-349 b,Kepler-349,TIC 270615037,1.083,0.015,-0.027,14.915,0.103,-0.103,13.176,0.032,-0.032,0.065,,,0.0,,
Kepler-722 b,Kepler-722,TIC 159304532,1.03,0.072,-0.067,15.489,0.16,-0.16,13.841,0.044,-0.044,0.0514,,,0.0,,
Kepler-1912 b,Kepler-1912,TIC 123444694,0.977,0.062,-0.068,12.36,0.057,-0.057,10.799,0.011,-0.011,0.06489,0.00056,-0.00056,0.0,,
Kepler-1717 b,Kepler-1717,TIC 27396246,1.158,0.14,-0.105,13.323,0.08,-0.08,12.228,0.023,-0.023,0.2014,,,0.0,,
Kepler-735 b,Kepler-735,TIC 164780824,0.85,0.033,-0.038,15.492,0.16,-0.16,13.453,0.041,-0.041,0.0965,,,0.0,,
HD 25463 b,HD 25463,TIC 407966340,1.251,0.0248,-0.0229,6.91134,0.023,-0.023,5.706,0.018,-0.018,0.076,0.001,-0.001,0.0,,
Kepler-446 d,Kepler-446,TIC 123417850,0.22,0.05,-0.05,17.5041,0.0472,-0.0472,12.827,0.024,-0.024,0.0403,,,0.0,,
KMT-2017-BLG-1003L b,KMT-2017-BLG-1003L,,0.32,0.31,-0.17,,,,,,,1.38,0.39,-0.32,,,
K2-352 b,K2-352,TIC 86130229,0.98,0.04,-0.04,11.125,0.016,-0.016,9.691,0.02,-0.02,,,,,,
Kepler-859 b,Kepler-859,TIC 158317824,0.81,0.035,-0.045,15.977,1.133,-1.133,13.858,0.052,-0.052,0.13157,0.00141,-0.00141,0.0,,
Kepler-1129 c,Kepler-1129,TIC 137212833,1.0,0.064,-0.064,15.661,0.24,-0.24,13.783,0.055,-0.055,0.35367,0.0031,-0.0031,0.0,,
GJ 251 b,GJ 251,TIC 68581262,0.36,0.015,-0.015,9.89,0.1,-0.1,5.275,0.023,-0.023,0.0818,0.0011,-0.0012,0.1,0.09,-0.07
Kepler-1067 b,Kepler-1067,TIC 351910733,0.95,0.041,-0.045,14.395,0.08,-0.08,12.656,0.033,-0.033,0.0164,8e-05,-8e-05,0.0,,
Kepler-1356 b,Kepler-1356,TIC 159576968,0.82,0.038,-0.042,15.887,0.092,-0.092,13.734,0.043,-0.043,0.0136,,,0.0,,
Kepler-889 b,Kepler-889,TIC 26474039,1.14,0.065,-0.049,12.998,0.229,-0.229,11.327,0.018,-0.018,0.04975,0.00055,-0.00055,0.0,,
Kepler-1905 b,Kepler-1905,TIC 63362238,1.038,0.056,-0.068,15.086,0.103,-0.103,13.487,0.045,-0.045,0.0451,,,0.0,,
HD 39855 b,HD 39855,TIC 160301040,0.87,0.05,-0.05,7.51,0.03,-0.03,5.756,0.026,-0.026,0.041,0.001,-0.001,0.14,0.11,-0.11
Kepler-198 c,Kepler-198,TIC 122519154,0.995,0.008,-0.023,13.684,0.103,-0.103,12.027,0.02,-0.02,0.259,,,0.0,,
Barnard b,Barnard's star,TIC 325554331,0.162,0.007,-0.007,9.54,0.1,-0.1,4.524,0.02,-0.02,0.0229,0.0003,-0.0003,0.03,0.03,-0.02
GJ 3082 b,GJ 3082,TIC 206548902,0.47,,,11.041,0.056,-0.056,6.966,0.023,-0.023,0.079,0.003,-0.003,0.22,0.11,-0.11
GJ 896 A b,GJ 896 A,TIC 247985094,0.43599,0.00092,-0.00092,10.05,0.1,-0.1,5.326,0.018,-0.018,0.63965,0.00067,-0.00067,0.35,0.19,-0.19
Kepler-1792 b,Kepler-1792,TIC 138805992,0.878,0.081,-0.061,15.566,0.195,-0.195,13.132,0.034,-0.034,0.0488,,,0.0,,
TOI-201 b,TOI-201,TIC 350618622,1.316,0.027,-0.027,9.07,0.03,-0.03,7.846,0.024,-0.024,0.3026,0.0021,-0.0021,0.318,0.02,-0.022
NGTS-5 b,NGTS-5,TIC 368739874,0.661,0.068,-0.061,13.789,0.092,-0.092,11.612,0.025,-0.025,0.0382,0.0013,-0.0013,0.0,,
Kepler-127 d,Kepler-127,TIC 164881786,1.248,0.014,-0.022,11.746,0.022,-0.022,10.234,0.019,-0.019,0.28,,,0.03,0.28,-0.03
Kepler-83 b,Kepler-83,TIC 123416515,0.66,0.41,-0.25,16.145,0.217,-0.217,12.947,0.024,-0.024,0.07295,0.00284,-0.00284,0.0,,
Kepler-2000 b,Kepler-2000,TIC 350814495,0.581,0.029,-0.029,15.642,0.423,-0.423,12.29,0.037,-0.037,0.0562,,,0.0,,
KMT-2017-BLG-0673L b,KMT-2017-BLG-0673L,,0.63,0.37,-0.35,,,,,,,2.34,0.56,-0.74,,,
K2-133 c,K2-133,TIC 150096001,0.461,0.011,-0.011,14.073,0.014,-0.014,10.279,0.018,-0.018,0.04341,0.00034,-0.00035,,,
Kepler-275 c,Kepler-275,TIC 137634395,1.189,0.036,-0.037,15.289,0.115,-0.115,13.957,0.057,-0.057,0.132,,,0.0,,
K2-158 c,K2-158,TIC 35021200,0.92,0.03,-0.02,11.774,0.024,-0.024,9.974,0.021,-0.021,0.0622,0.0006,-0.0006,,,
Kepler-1594 b,Kepler-1594,TIC 270695341,1.06,0.074,-0.065,14.951,0.149,-0.149,13.322,0.036,-0.036,0.0396,,,0.0,,
Kepler-1379 b,Kepler-1379,TIC 138296836,0.83,0.045,-0.048,16.107,0.32,-0.32,13.8,0.053,-0.053,0.0171,,,0.0,,
Kepler-1718 b,Kepler-1718,TIC 63212231,0.846,0.065,-0.049,12.821,0.08,-0.08,11.316,0.018,-0.018,0.48418,0.00458,-0.00458,0.0,,
Kepler-153 b,Kepler-153,TIC 48188777,0.756,0.027,-0.029,14.388,0.092,-0.092,12.418,0.023,-0.023,0.129,,,0.0,,
Kepler-122 b,Kepler-122,TIC 122714267,0.982,0.028,-0.029,14.403,0.126,-0.126,12.826,0.028,-0.028,0.064,,,0.0,,
Kepler-359 c,Kepler-359,TIC 275568400,0.827,0.03,-0.029,15.805,0.549,-0.549,14.487,0.119,-0.119,0.307,,,0.0,,
Kepler-235 c,Kepler-235,TIC 120765183,0.581,0.018,-0.018,16.567,0.252,-0.252,13.116,0.03,-0.03,0.065,,,0.0,,
K2-354 b,K2-354,TIC 468989066,0.43,0.01,-0.01,15.296,0.092,-0.092,10.964,0.023,-0.023,,,,,,
WASP-138 b,WASP-138,TIC 35857242,1.22,0.05,-0.05,11.796,0.057,-0.057,10.494,0.019,-0.019,0.0494,0.0007,-0.0007,,,
Kepler-1129 b,Kepler-1129,TIC 137212833,1.0,0.064,-0.064,15.661,0.24,-0.24,13.783,0.055,-0.055,0.16481,0.00143,-0.00143,0.0,,
K2-71 b,K2-71,TIC 402287746,0.477,0.063,-0.063,16.14,0.2,-0.2,11.732,0.026,-0.026,0.0559,0.0025,-0.0025,,,
Kepler-1049 b,Kepler-1049,TIC 158489095,0.51,0.026,-0.026,14.695,0.069,-0.069,11.18,0.011,-0.011,0.0349,,,0.0,,
TOI-6695 c,TOI-6695,TIC 118339710,1.338,0.023,-0.022,10.768,0.008,-0.008,9.512,0.021,-0.021,0.838,0.005,-0.005,0.022,0.006,-0.007
HD 192310 b,HD 192310,TIC 326096771,0.8,,,5.73,0.03,-0.03,3.501,0.232,-0.232,0.32,0.005,-0.005,0.13,0.04,-0.04
K2-166 b,K2-166,TIC 377171980,1.16,0.05,-0.03,12.081,0.046,-0.046,10.637,0.022,-0.022,0.0858,0.001,-0.0009,,,
Kepler-1612 b,Kepler-1612,TIC 159646633,0.96,0.051,-0.054,14.936,0.092,-0.092,13.075,0.026,-0.026,0.0482,,,0.0,,
Kepler-1054 b,Kepler-1054,TIC 159441326,1.22,0.184,-0.101,14.143,0.137,-0.137,12.693,0.019,-0.019,0.05542,0.00036,-0.00036,0.0,,
Kepler-157 c,Kepler-157,TIC 122716806,0.95,0.032,-0.032,14.206,0.126,-0.126,12.573,0.03,-0.03,0.11,,,0.0,,
Kepler-256 d,Kepler-256,TIC 63362772,1.037,0.024,-0.028,15.178,0.103,-0.103,13.424,0.043,-0.043,0.064,,,0.0,,
K2-251 b,K2-251,TIC 156584871,0.52,0.01,-0.01,15.66,0.183,-0.183,11.515,0.024,-0.024,0.0694,0.0005,-0.0005,,,
TIC 279401253 c,TIC 279401253,TIC 279401253,1.13,0.02,-0.03,11.938,0.037,-0.037,10.345,0.019,-0.019,0.591,0.005,-0.006,0.254,0.042,-0.036
Kepler-1263 b,Kepler-1263,TIC 158270568,0.84,0.04,-0.045,15.173,0.069,-0.069,13.08,0.028,-0.028,0.0499,,,0.0,,
HD 155193 b,HD 155193,TIC 447842929,1.221,0.083,-0.083,7.0092,0.023,-0.023,5.715,0.024,-0.024,1.04,0.04,-0.04,0.21,0.08,-0.08
HIP 67522 c,HIP 67522,TIC 166527623,1.22,0.05,-0.05,9.79,0.03,-0.03,8.164,0.026,-0.026,0.1228,0.0042,-0.0053,0.077,0.195,-0.056
Kepler-555 b,Kepler-555,TIC 120572779,1.03,0.07,-0.067,14.448,0.103,-0.103,12.633,0.026,-0.026,0.1201,,,0.0,,
Kepler-302 c,Kepler-302,TIC 270951852,1.021,0.032,-0.035,15.694,0.103,-0.103,13.9,0.055,-0.055,0.503,,,0.0,,
Kepler-354 d,Kepler-354,TIC 120578185,0.652,0.016,-0.016,15.771,0.252,-0.252,13.16,0.031,-0.031,0.146,,,0.0,,
Kepler-1342 b,Kepler-1342,TIC 272942844,0.93,0.05,-0.057,15.726,0.092,-0.092,13.531,0.042,-0.042,0.0313,,,0.0,,
HD 18015 b,HD 18015,TIC 36883072,1.49,,,7.89,0.03,-0.03,6.204,0.02,-0.02,3.87,0.32,-0.32,0.148,0.061,-0.061
Kepler-297 c,Kepler-297,TIC 48304302,0.927,0.025,-0.034,14.326,0.16,-0.16,12.78,0.031,-0.031,0.336,,,0.0,,
Kepler-164 d,Kepler-164,TIC 158561894,1.036,0.031,-0.034,14.379,0.08,-0.08,12.935,0.024,-0.024,0.187,,,0.0,,
tau Cet h,tau Cet,TIC 419015728,0.783,0.012,-0.012,3.49607,0.023,-0.023,1.794,0.274,-0.274,0.243,0.003,-0.003,0.23,0.16,-0.15
Kepler-201 b,Kepler-201,TIC 138297190,1.098,0.029,-0.03,12.991,0.114,-0.114,11.737,0.02,-0.02,0.175,,,0.0,,
OGLE-2013-BLG-1761L b,OGLE-2013-BLG-1761L,,0.33,0.32,-0.19,,,,,,,1.8,0.5,-0.5,,,
EPIC 212737443 c,EPIC 212737443,TIC 670036,0.69,0.038,-0.038,14.81,0.137,-0.137,12.16,0.024,-0.024,0.28,0.006,-0.006,0.2,0.2,-0.2
Kepler-178 d,Kepler-178,TIC 158394235,0.852,0.03,-0.026,14.876,0.195,-0.195,12.899,0.024,-0.024,0.397,,,0.0,,
Kepler-199 c,Kepler-199,TIC 184090767,0.96,0.019,-0.024,13.796,0.069,-0.069,12.083,0.02,-0.02,0.316,,,0.0,,
Kepler-990 c,Kepler-990,TIC 273591945,1.05,0.122,-0.087,14.716,0.15,-0.15,12.928,,,0.01232,0.00012,-0.00012,0.0,,
Kepler-272 d,Kepler-272,TIC 268704766,0.91,0.014,-0.011,14.811,0.137,-0.137,12.708,0.025,-0.025,0.091,,,0.0,,
Kepler-814 b,Kepler-814,TIC 48450382,1.15,0.121,-0.075,14.859,0.024,-0.024,13.418,0.049,-0.049,0.0695,,,0.0,,
Kepler-1802 c,Kepler-1802,TIC 239291510,0.649,0.032,-0.032,15.905,0.15,-0.15,12.397,,,0.1748,,,0.0,,
Kepler-1175 b,Kepler-1175,TIC 158986028,0.9,0.042,-0.05,15.972,0.115,-0.115,14.149,0.055,-0.055,0.2181,,,0.0,,
Kepler-898 b,Kepler-898,TIC 158272820,0.65,0.026,-0.026,16.695,1.133,-1.133,13.187,0.031,-0.031,0.0545,,,0.0,,
K2-95 b,K2-95,TIC 195193025,0.41,0.01,-0.01,17.236,0.0467,-0.0467,12.474,0.021,-0.021,0.0525,0.0059,-0.0108,0.16,0.19,-0.11
Kepler-53 d,Kepler-53,TIC 122446315,0.966,0.035,-0.033,15.367,0.058,-0.058,13.807,0.051,-0.051,0.091,,,0.0,,
Kepler-409 b,Kepler-409,TIC 270619260,0.913,0.05,-0.048,9.636,0.004,-0.004,7.768,0.023,-0.023,0.3192,0.006,-0.006,0.69,,
Kepler-913 c,Kepler-913,TIC 169465273,1.294,0.131,-0.145,15.522,0.15,-0.15,13.477,,,0.0699,,,0.0,,
Kepler-884 b,Kepler-884,TIC 26657091,1.0,0.028,-0.029,13.164,0.08,-0.08,11.547,0.018,-0.018,0.06116,0.00057,-0.00057,0.0,,
HATS-48 A b,HATS-48 A,TIC 201642601,0.7279,0.0066,-0.0066,14.226,0.206,-0.206,11.427,0.021,-0.021,0.03769,0.00011,-0.00011,0.162,,
HAT-P-44 b,HAT-P-44,TIC 168699373,0.942,0.041,-0.041,13.225,0.069,-0.069,11.275,0.018,-0.018,0.0507,0.0007,-0.0007,0.044,0.052,-0.052
TOI-1634 c,TOI-1634,TIC 201186294,0.451,0.015,-0.015,13.217,0.043,-0.043,8.6,0.014,-0.014,,,,0.0,,
HATS-42 b,HATS-42,TIC 98283926,1.273,0.067,-0.067,13.682,0.114,-0.114,12.245,0.029,-0.029,0.03689,0.00065,-0.00065,0.229,,
Kepler-238 c,Kepler-238,TIC 121460918,1.229,0.035,-0.062,15.297,0.035,-0.035,13.512,0.039,-0.039,0.069,,,0.0,,
Kepler-238 b,Kepler-238,TIC 121460918,1.229,0.035,-0.062,15.297,0.035,-0.035,13.512,0.039,-0.039,0.034,,,0.0,,
WASP-127 b,WASP-127,TIC 169226822,0.95,0.02,-0.02,10.148,0.006,-0.006,8.641,0.019,-0.019,0.0484,0.00136,-0.00095,0.0,,
51 Peg b,51 Peg,TIC 139298196,1.03,0.166699,-0.085418,5.45309,0.023,-0.023,3.911,0.021,-0.021,0.0527,0.003,-0.003,0.013,0.012,-0.012
K2-3 c,K2-3,TIC 173103335,0.549,0.029,-0.027,12.168,0.009,-0.009,8.561,0.023,-0.023,0.1357,0.0023,-0.0022,0.048,0.073,-0.035
Kepler-1089 b,Kepler-1089,TIC 350810654,0.52,0.026,-0.028,16.233,0.389,-0.389,12.386,0.028,-0.028,0.0497,,,0.0,,
Kepler-1907 b,Kepler-1907,TIC 123130285,0.752,0.106,-0.057,13.989,0.16,-0.16,11.726,0.011,-0.011,0.05444,0.00052,-0.00052,0.0,,
TOI-260 b,TOI-260,TIC 37749396,0.616,0.032,-0.032,9.9,0.03,-0.03,6.549,0.021,-0.021,0.0943,0.0016,-0.0016,0.0,,
Kepler-1920 b,Kepler-1920,TIC 122716838,1.239,0.168,-0.168,14.392,0.172,-0.172,12.908,0.026,-0.026,0.2043,,,0.0,,
TOI-559 b,TOI-559,TIC 209459275,1.026,0.057,-0.057,11.091,0.007,-0.007,9.638,0.024,-0.024,0.0723,0.0013,-0.0013,0.151,0.012,-0.011
HD 30669 b,HD 30669,TIC 607907,0.92,0.03,-0.03,9.12,0.03,-0.03,7.329,0.029,-0.029,2.69,0.08,-0.08,0.18,0.15,-0.15
TOI-1174 b,TOI-1174,TIC 154089169,0.85,0.1,-0.1,10.964,0.01,-0.01,8.964,0.022,-0.022,0.07994,0.003015,-0.003267,0.0,,
WASP-66 b,WASP-66,TIC 53735810,1.33,0.83,-0.83,11.605,0.015,-0.015,10.452,0.022,-0.022,0.0546,0.0009,-0.0009,0.0,,
Kepler-275 b,Kepler-275,TIC 137634395,1.189,0.036,-0.037,15.289,0.115,-0.115,13.957,0.057,-0.057,0.098,,,0.0,,
Kepler-9 b,Kepler-9,TIC 120571842,1.022,0.029,-0.039,13.922,0.08,-0.08,12.337,0.021,-0.021,0.143,0.007,-0.006,0.0609,0.001,-0.0013
AB Pic b,AB Pic,TIC 260351540,0.9,0.1,-0.1,9.13,0.03,-0.03,6.981,0.024,-0.024,260.0,,,,,
HIP 65426 b,HIP 65426,TIC 438702139,1.96,0.04,-0.04,7.01,0.03,-0.03,6.771,0.018,-0.018,92.0,,,,,
K2-45 b,K2-45,TIC 38087018,0.503,0.078,-0.078,15.746,0.195,-0.195,12.756,0.033,-0.033,0.0224,0.0012,-0.0012,0.1,0.142951,-0.084953
OGLE-2012-BLG-0406L b,OGLE-2012-BLG-0406L,,0.44,0.07,-0.07,,,,,,,3.45,0.26,-0.26,,,
HD 96700 b,HD 96700,TIC 23270430,0.89,0.01,-0.01,6.51,0.03,-0.03,4.995,0.024,-0.024,0.0777,0.0013,-0.0013,0.138,,
POTS-1 b,POTS-1,TIC 341694238,0.695,0.05,-0.05,17.9083,0.0474,-0.0474,14.244,0.077,-0.077,0.03734,0.0009,-0.0009,,,
WASP-186 b,WASP-186,TIC 411608801,1.22,0.07,-0.08,10.81,0.009,-0.009,9.532,0.018,-0.018,0.06,0.0012,-0.0013,0.33,0.01,-0.01
WASP-173 A b,WASP-173 A,TIC 77031414,1.05,0.08,-0.08,11.15,0.036,-0.036,10.002,0.05,-0.05,0.0248,0.0006,-0.0006,0.0,,
Kepler-2000 c,Kepler-2000,TIC 350814495,0.581,0.029,-0.029,15.642,0.423,-0.423,12.29,0.037,-0.037,0.1228,,,0.0,,
Kepler-279 b,Kepler-279,TIC 158428960,1.2,0.1,-0.1,13.647,0.08,-0.08,12.509,0.019,-0.019,0.112,,,0.0,,
75 Cet c,75 Cet,TIC 251095345,1.92,0.07,-0.08,5.3532,0.023,-0.023,3.207,0.272,-0.272,3.929,0.058,-0.052,0.023,0.191,-0.003
Kepler-1966 b,Kepler-1966,TIC 137627194,0.797,0.054,-0.029,15.222,0.309,-0.309,12.643,0.038,-0.038,0.0763,,,0.0,,
Kepler-113 c,Kepler-113,TIC 298834019,0.75,0.06,-0.06,13.655,0.103,-0.103,11.255,0.023,-0.023,0.07796,0.00077,-0.00077,0.0,,
EPIC 229004835 b,EPIC 229004835,TIC 94924543,0.97,0.04,-0.04,10.23,0.006,-0.006,8.725,0.023,-0.023,0.1237,0.0017,-0.0017,0.23,,
K2-214 b,K2-214,TIC 344657681,1.03,0.05,-0.05,11.806,0.028,-0.028,10.223,0.023,-0.023,0.0834,0.0009,-0.0009,,,
K2-220 b,K2-220,TIC 266012991,0.91,0.04,-0.04,11.873,0.08,-0.08,10.161,0.021,-0.021,0.1104,0.0014,-0.0015,,,
Kepler-1314 b,Kepler-1314,TIC 270955259,0.6,0.02,-0.021,17.816,0.0526,-0.0526,13.22,0.032,-0.032,0.0504,,,0.0,,
Kepler-1932 b,Kepler-1932,TIC 120496423,0.911,0.033,-0.06,15.286,0.092,-0.092,13.149,0.032,-0.032,0.0123,9e-05,-9e-05,0.0,,
HD 90156 b,HD 90156,TIC 193032655,0.84,,,6.92,0.03,-0.03,5.245,0.024,-0.024,0.25,0.004,-0.004,0.31,0.1,-0.1
TOI-6008 b,TOI-6008,TIC 286201103,0.23,0.011,-0.011,15.97,0.2,-0.2,9.541,0.018,-0.018,0.010777,0.000162,-0.000162,,,
Kepler-856 b,Kepler-856,TIC 159054620,0.96,0.045,-0.039,15.594,0.137,-0.137,13.905,0.046,-0.046,0.0787,,,0.0,,
NGTS-3 A b,NGTS-3 A,TIC 124778445,1.017,0.093,-0.093,14.669,0.057,-0.057,12.814,0.03,-0.03,0.023,0.007,-0.005,,,
TOI-1601 b,TOI-1601,TIC 139375960,1.5055,0.0347,-0.0505,10.66,0.006,-0.006,9.191,0.014,-0.014,0.069,0.001,-0.001,0.0,,
Kepler-666 b,Kepler-666,TIC 267989336,1.03,0.089,-0.076,15.422,0.103,-0.103,13.807,0.041,-0.041,0.0542,,,0.0,,
Kepler-30 b,Kepler-30,TIC 399794329,0.99,0.08,-0.08,15.726,0.195,-0.195,13.581,0.048,-0.048,0.18,,,0.042,0.003,-0.003
Kepler-388 b,Kepler-388,TIC 164786156,0.635,0.015,-0.015,15.218,0.08,-0.08,12.544,0.026,-0.026,0.036,,,0.0,,
HD 212771 b,HD 212771,TIC 12723961,1.56,,,7.6,0.03,-0.03,5.496,0.018,-0.018,1.19,0.13,-0.13,0.076,0.051,-0.051
Kepler-1216 b,Kepler-1216,TIC 158486842,0.99,0.042,-0.046,15.262,0.069,-0.069,13.613,0.034,-0.034,0.0519,,,0.0,,
HD 147018 c,HD 147018,TIC 350083732,0.927,0.031,-0.031,8.3,0.03,-0.03,6.571,0.021,-0.021,1.922,0.039,-0.039,0.133,0.011,-0.011
Kepler-55 c,Kepler-55,TIC 164884002,0.62,,,15.746,0.355,-0.355,13.289,0.049,-0.049,0.2095,,,0.0,,
Kepler-1754 b,Kepler-1754,TIC 27532561,0.734,0.07,-0.058,16.007,0.046,-0.046,13.438,0.043,-0.043,0.0718,,,0.0,,
TIC 4672985 b,TIC 4672985,TIC 4672985,1.01,0.03,-0.03,11.501,0.03,-0.03,9.97,0.023,-0.023,0.33,0.019,-0.019,0.018,0.004,-0.004
Kepler-1387 b,Kepler-1387,TIC 63284044,0.82,0.035,-0.039,14.727,0.046,-0.046,12.514,0.028,-0.028,0.031,,,0.0,,
KMT-2018-BLG-1988L b,KMT-2018-BLG-1988L,,0.47,0.33,-0.24,,,,,,,3.09,1.33,-1.05,,,
Kepler-416 c,Kepler-416,TIC 137217372,1.0,,,14.166,0.092,-0.092,12.51,0.027,-0.027,0.10454,0.00107,-0.00107,0.0,,
Kepler-394 b,Kepler-394,TIC 27777414,0.87,0.03,-0.027,14.948,0.103,-0.103,13.384,0.042,-0.042,0.083,,,0.0,,
Kepler-608 b,Kepler-608,TIC 270786157,1.0,0.093,-0.069,14.84,0.183,-0.183,13.077,0.029,-0.029,0.0685,,,0.0,,
Kepler-842 b,Kepler-842,TIC 424815179,0.78,0.035,-0.041,15.363,0.206,-0.206,12.913,0.032,-0.032,0.0204,,,0.0,,
Kepler-185 c,Kepler-185,TIC 123490444,0.763,0.024,-0.029,14.562,0.126,-0.126,12.515,0.013,-0.013,0.139,,,0.0,,
HD 86081 b,HD 86081,TIC 62760824,1.21,0.28,-0.28,8.73,0.03,-0.03,7.299,0.024,-0.024,0.0346,0.0027,-0.0027,0.0119,0.0047,-0.0047
Kepler-714 b,Kepler-714,TIC 123499118,1.09,0.081,-0.066,15.43,0.058,-0.058,13.825,0.044,-0.044,0.0832,,,0.0,,
HD 81817 c,HD 81817,TIC 137603530,4.3,0.5,-0.5,4.26489,0.023,-0.023,0.779,0.232,-0.232,2.325,0.087,-0.095,0.095,0.058,-0.044
Kepler-1199 b,Kepler-1199,TIC 270696519,0.94,0.104,-0.061,13.173,0.057,-0.057,11.581,0.017,-0.017,0.11309,0.00077,-0.00077,0.0,,
Kepler-1322 c,Kepler-1322,TIC 275490412,0.897,0.088,-0.107,15.876,0.229,-0.229,14.068,0.079,-0.079,0.0652,,,0.0,,
Kepler-268 c,Kepler-268,TIC 137348987,1.109,0.03,-0.029,13.844,0.114,-0.114,12.382,0.026,-0.026,0.391,,,0.0,,
K2-217 b,K2-217,TIC 405333767,1.102661,0.046475,-0.036976,12.264,0.092,-0.092,10.679,0.02,-0.02,,,,,,
Kepler-1254 b,Kepler-1254,TIC 48506710,0.78,0.039,-0.05,15.541,0.16,-0.16,13.292,0.04,-0.04,0.0833,,,0.0,,
HAT-P-44 c,HAT-P-44,TIC 168699373,0.942,0.041,-0.041,13.225,0.069,-0.069,11.275,0.018,-0.018,1.752,0.025,-0.025,0.494,0.081,-0.081
Kepler-1389 b,Kepler-1389,TIC 279913347,0.81,0.028,-0.03,14.896,0.103,-0.103,12.696,0.021,-0.021,0.38249,0.00388,-0.00388,0.0,,
Kepler-167 c,Kepler-167,TIC 137686948,0.777,0.034,-0.031,14.284,0.126,-0.126,11.832,0.022,-0.022,0.0684,0.001,-0.001,0.0,,
Kepler-764 b,Kepler-764,TIC 273129679,0.92,0.054,-0.054,15.555,0.149,-0.149,13.622,0.039,-0.039,0.0724,,,0.0,,
HATS-53 b,HATS-53,TIC 157266693,0.964,0.04,-0.04,13.944,0.137,-0.137,12.046,0.027,-0.027,0.04753,0.00066,-0.00066,0.33,,
Kepler-11 b,Kepler-11,TIC 169175503,0.961,0.025,-0.025,13.817,0.092,-0.092,12.18,0.02,-0.02,0.091,0.001,-0.001,0.045,0.068,-0.042
Kepler-30 d,Kepler-30,TIC 399794329,0.99,0.08,-0.08,15.726,0.195,-0.195,13.581,0.048,-0.048,0.5,,,0.022,0.005,-0.005
WASP-43 b,WASP-43,TIC 36734222,0.58,0.05,-0.05,12.305,0.057,-0.057,9.267,0.026,-0.026,0.0142,0.0004,-0.0004,0.0,,
Kepler-511 b,Kepler-511,TIC 164456037,1.0,0.059,-0.061,12.711,0.08,-0.08,11.187,0.016,-0.016,0.85672,0.00568,-0.00568,0.0,,
Kepler-1286 b,Kepler-1286,TIC 351766517,1.0,0.047,-0.049,15.278,0.217,-0.217,13.655,0.038,-0.038,0.0991,,,0.0,,
OGLE-2017-BLG-0482L b,OGLE-2017-BLG-0482L,,0.2,0.2,-0.1,,,,,,,1.8,0.6,-0.7,,,
Kepler-611 b,Kepler-611,TIC 158113449,1.01,0.051,-0.053,14.734,0.08,-0.08,13.035,0.027,-0.027,0.0351,,,0.0,,
Kepler-1088 b,Kepler-1088,TIC 123316231,1.08,0.03,-0.034,11.472,0.013,-0.013,10.476,0.011,-0.011,0.16163,0.00122,-0.00122,0.0,,
HD 204313 c,HD 204313,TIC 99734092,1.03,0.132,-0.132,7.99,0.03,-0.03,6.459,0.018,-0.018,0.211,0.009,-0.01,0.059,0.051,-0.041
Kepler-11 g,Kepler-11,TIC 169175503,0.961,0.025,-0.025,13.817,0.092,-0.092,12.18,0.02,-0.02,0.466,0.004,-0.004,0.15,,
K2-32 e,K2-32,TIC 437444661,0.83,0.02,-0.02,12.304,0.092,-0.092,9.821,0.019,-0.019,0.04899,0.00041,-0.00038,0.043,0.048,-0.03
K2-24 b,K2-24,TIC 68048686,1.07,0.06,-0.06,11.275,0.019,-0.019,9.18,0.021,-0.021,0.154,0.002,-0.002,0.06,0.01,-0.01
K2-265 b,K2-265,TIC 146364192,0.901,0.051,-0.042,11.187,0.015,-0.015,9.259,0.027,-0.027,0.03359,0.00062,-0.00053,0.16,0.16,-0.11
K2-121 b,K2-121,TIC 7059054,0.71,0.03,-0.03,13.229,0.08,-0.08,10.616,0.018,-0.018,0.0525,0.0003,-0.0003,0.22,0.19,-0.18
Kepler-1681 b,Kepler-1681,TIC 272602477,0.893,0.061,-0.035,14.646,0.137,-0.137,12.661,0.022,-0.022,0.32,,,0.0,,
Kepler-11 c,Kepler-11,TIC 169175503,0.961,0.025,-0.025,13.817,0.092,-0.092,12.18,0.02,-0.02,0.107,0.001,-0.001,0.026,0.063,-0.013
Kepler-66 b,Kepler-66,TIC 270790035,1.038,0.044,-0.044,15.29,0.115,-0.115,13.621,0.045,-0.045,0.1352,0.0017,-0.0017,0.0,,
HD 150706 b,HD 150706,TIC 159511543,1.17,0.12,-0.12,7.03,0.02,-0.02,5.565,0.016,-0.016,6.7,4.0,-1.4,0.38,0.28,-0.32
Kepler-1646 b,Kepler-1646,TIC 158552258,0.24,0.064,-0.058,16.8419,0.0464,-0.0464,12.029,0.016,-0.016,0.0295,,,0.0,,
Kepler-59 c,Kepler-59,TIC 158393923,1.04,,,14.467,0.16,-0.16,12.928,0.024,-0.024,0.13114,0.00116,-0.00116,0.0,,
Kepler-354 c,Kepler-354,TIC 120578185,0.652,0.016,-0.016,15.771,0.252,-0.252,13.16,0.031,-0.031,0.115,,,0.0,,
Kepler-305 c,Kepler-305,TIC 171879024,0.76,0.13,-0.06,15.851,0.263,-0.263,13.702,0.042,-0.042,0.07568,0.00069,-0.00069,0.0,,
Kepler-1981 b,Kepler-1981,TIC 121457557,1.519,0.15,-0.376,13.563,0.114,-0.114,11.951,0.023,-0.023,1.3292,,,0.0,,
HD 222076 b,HD 222076,TIC 325178933,1.07,0.25,-0.25,7.47,0.03,-0.03,5.127,0.027,-0.027,1.83,0.03,-0.03,0.08,0.05,-0.05
Kepler-703 b,Kepler-703,TIC 171968443,1.18,0.198,-0.122,15.599,0.183,-0.183,13.62,0.036,-0.036,0.0535,,,0.0,,
Kepler-11 d,Kepler-11,TIC 169175503,0.961,0.025,-0.025,13.817,0.092,-0.092,12.18,0.02,-0.02,0.155,0.001,-0.001,0.004,0.007,-0.002
Kepler-11 e,Kepler-11,TIC 169175503,0.961,0.025,-0.025,13.817,0.092,-0.092,12.18,0.02,-0.02,0.195,0.002,-0.002,0.012,0.006,-0.006
Barnard e,Barnard's star,TIC 325554331,0.162,0.007,-0.007,9.54,0.1,-0.1,4.524,0.02,-0.02,0.0381,0.0005,-0.0005,0.04,0.03,-0.04
HD 235088 b,HD 235088,TIC 293954617,0.849,0.009,-0.009,9.19,0.03,-0.03,7.084,0.016,-0.016,0.0706,0.00054,-0.00055,0.0,,
Kepler-54 c,Kepler-54,TIC 271262203,0.51,,,16.282,0.423,-0.423,12.648,0.021,-0.021,0.0809,,,0.0,,
Kepler-59 b,Kepler-59,TIC 158393923,1.04,,,14.467,0.16,-0.16,12.928,0.024,-0.024,0.09943,0.00087,-0.00087,0.0,,
Kepler-635 b,Kepler-635,TIC 394174221,1.33,0.063,-0.053,13.36,0.137,-0.137,11.903,0.024,-0.024,0.18332,0.00107,-0.00107,0.0,,
WASP-22 b,WASP-22,TIC 257567854,1.46,0.63,-0.63,11.99,0.025,-0.025,10.318,0.02,-0.02,0.047,0.00036,-0.00037,0.02,0.01,-0.01
Kepler-1474 b,Kepler-1474,TIC 271255614,1.04,0.065,-0.071,15.35,0.103,-0.103,13.621,0.043,-0.043,0.2108,,,0.0,,
Kepler-485 b,Kepler-485,TIC 27318774,1.07,0.082,-0.073,15.069,0.103,-0.103,13.433,0.041,-0.041,0.04401,0.00041,-0.00041,0.0,,
2MASS J02192210-3925225 b,2MASS J02192210-3925225,TIC 77111651,0.108,0.011,-0.011,,,,10.404,0.025,-0.025,156.0,10.0,-10.0,,,
Kepler-30 c,Kepler-30,TIC 399794329,0.99,0.08,-0.08,15.726,0.195,-0.195,13.581,0.048,-0.048,0.3,,,0.0111,0.001,-0.001
WASP-52 b,WASP-52,TIC 427685831,0.87,0.03,-0.03,12.192,0.069,-0.069,10.086,0.025,-0.025,0.0272,0.0003,-0.0003,0.0,,
Kepler-1614 b,Kepler-1614,TIC 48451562,0.79,0.047,-0.058,16.01,0.183,-0.183,14.001,0.073,-0.073,0.0471,,,0.0,,
Kepler-879 b,Kepler-879,TIC 27639443,1.02,0.057,-0.056,14.429,0.069,-0.069,12.681,0.024,-0.024,0.2012,,,0.0,,
Kepler-1641 b,Kepler-1641,TIC 184426431,1.12,0.162,-0.118,14.49,0.126,-0.126,12.735,0.028,-0.028,0.1473,,,0.0,,
Kepler-419 b,Kepler-419,TIC 27454084,1.39,0.08,-0.07,13.089,0.149,-0.149,11.859,0.018,-0.018,0.37,0.007,-0.006,0.833,0.013,-0.013
Kepler-419 c,Kepler-419,TIC 27454084,1.39,0.08,-0.07,13.089,0.149,-0.149,11.859,0.018,-0.018,1.68,0.03,-0.03,0.184,0.002,-0.002
Kepler-1388 c,Kepler-1388,TIC 164524311,0.63,0.021,-0.03,16.43,1.133,-1.133,13.343,0.042,-0.042,0.0519,,,0.0,,
TOI-784 b,HD 307842,TIC 460984940,0.91,0.1,-0.1,9.412,0.003,-0.003,7.64,0.023,-0.023,0.038,0.001,-0.001,0.0,,
HD 87883 b,HD 87883,TIC 407591082,0.8,0.02,-0.02,7.56,0.03,-0.03,5.314,0.02,-0.02,3.77,0.12,-0.094,0.72,0.038,-0.027
HD 98649 b,HD 98649,TIC 437258837,0.97,0.02,-0.02,8.0,0.03,-0.03,6.419,0.021,-0.021,5.97,0.24,-0.21,0.852,0.033,-0.022
TRAPPIST-1 h,TRAPPIST-1,TIC 278892590,0.0898,0.0023,-0.0023,17.02,0.2,-0.2,10.296,0.023,-0.023,0.06189,0.00053,-0.00053,0.00567,0.00121,-0.00121
Kepler-32 b,Kepler-32,TIC 273590427,0.58,0.05,-0.05,16.36,0.549,-0.549,12.757,0.024,-0.024,0.05,,,0.0,,
KOI-94 e,KOI-94,TIC 273231214,1.277,0.05,-0.05,12.314,0.046,-0.046,10.926,0.019,-0.019,0.3046,0.004,-0.004,0.019,0.23,-0.23
Kepler-1350 b,Kepler-1350,TIC 158664221,0.55,0.032,-0.052,16.577,0.664,-0.664,13.122,0.027,-0.027,0.0413,,,0.0,,
Kepler-44 b,Kepler-44,TIC 239277658,1.12,0.08,-0.08,14.803,0.137,-0.137,12.878,0.034,-0.034,0.0446,0.0011,-0.0011,0.066,,
HD 93385 c,HD 93385,TIC 106900981,1.04,0.01,-0.01,7.49,0.03,-0.03,6.065,0.023,-0.023,0.112,0.002,-0.002,0.2,,
Kepler-610 c,Kepler-610,TIC 275491028,1.1,0.087,-0.066,14.816,0.229,-0.229,13.267,0.048,-0.048,0.5594,,,0.0,,
Kepler-290 d,Kepler-290,TIC 158218214,0.84,0.065,-0.09,15.775,0.08,-0.08,13.452,0.038,-0.038,0.0154,,,0.0,,
TIC 365102760 b,TIC 365102760,TIC 365102760,1.17,0.12,-0.12,12.154,0.034,-0.034,9.788,0.02,-0.02,0.0622,0.0049,-0.0049,0.406,,
Kepler-1388 b,Kepler-1388,TIC 164524311,0.63,0.021,-0.03,16.43,1.133,-1.133,13.343,0.042,-0.042,0.0882,,,0.0,,
HD 5891 b,HD 5891,TIC 243146568,1.93,0.54,-0.54,8.09,0.03,-0.03,5.621,0.016,-0.016,0.64,0.04,-0.04,0.07,0.02,-0.02
TOI-1448 b,TOI-1448,TIC 343628284,0.372,0.009,-0.009,15.678,0.066,-0.066,10.765,0.02,-0.02,0.0567,0.0015,-0.0015,0.36,,
Kepler-654 b,Kepler-654,TIC 272843763,1.04,0.048,-0.045,13.762,0.126,-0.126,12.158,0.024,-0.024,0.11664,0.00208,-0.00208,0.0,,
TOI-5799 b,TOI-5799,TIC 328081248,0.325,0.03,-0.03,13.29,0.077,-0.077,8.952,0.021,-0.021,0.0348,0.001,-0.0011,,,
Kepler-90 i,KOI-351,TIC 267667295,1.12,0.046,-0.046,13.883,0.069,-0.069,12.482,0.024,-0.024,0.1201380843,,,0.0,,
KMT-2024-BLG-0404L b,KMT-2024-BLG-0404L,,0.09,0.133,-0.046,,,,,,,0.85,0.11,-0.11,,,
Kepler-277 c,Kepler-277,TIC 120961424,1.12,0.19,-0.11,13.544,0.103,-0.103,11.966,0.023,-0.023,0.21781,0.00309,-0.00309,0.0,,
Kepler-1203 b,Kepler-1203,TIC 63449012,0.64,0.018,-0.023,15.385,0.092,-0.092,12.059,0.022,-0.022,0.0114,,,0.0,,
Kepler-1501 b,Kepler-1501,TIC 159216808,1.2,0.173,-0.093,13.683,0.092,-0.092,12.364,0.018,-0.018,0.11592,0.00122,-0.00122,0.0,,
KMT-2021-BLG-0192L b,KMT-2021-BLG-0192L,,0.27,0.12,-0.09,,,,,,,1.62,0.33,-0.3,,,
Kepler-1850 b,Kepler-1850,TIC 158389981,0.611,0.033,-0.033,14.44,0.103,-0.103,11.562,0.013,-0.013,0.0206,,,0.0,,
Kepler-1789 b,Kepler-1789,TIC 377730967,0.92,0.046,-0.051,14.449,0.114,-0.114,12.735,0.032,-0.032,0.3543,,,0.0,,
Kepler-140 c,Kepler-140,TIC 158487888,1.044,0.032,-0.03,13.018,0.069,-0.069,11.709,0.016,-0.016,0.414,,,0.0,,
Kepler-106 b,Kepler-106,TIC 184997417,1.0,0.06,-0.06,12.923,0.08,-0.08,11.431,0.018,-0.018,0.06491,0.00076,-0.00076,0.0,,
TOI-4406 b,TOI-4406,TIC 206541859,1.19,0.03,-0.03,10.937,0.007,-0.007,9.73,0.023,-0.023,0.201,0.005,-0.005,0.15,0.05,-0.04
HD 154672 b,HD 154672,TIC 380086262,1.18,0.12,-0.12,8.21,0.03,-0.03,6.612,0.023,-0.023,0.6,0.02,-0.02,0.61,0.03,-0.03
Kepler-584 b,Kepler-584,TIC 158722119,1.17,0.151,-0.085,14.973,0.035,-0.035,13.529,0.034,-0.034,0.2281,,,0.0,,
K2-397 b,K2-397,TIC 6139066,0.937,0.406,-0.285,11.865,0.08,-0.08,9.95,0.017,-0.017,,,,,,
Kepler-1082 b,Kepler-1082,TIC 299218775,1.03,0.055,-0.059,13.444,0.069,-0.069,11.97,0.021,-0.021,0.02571,0.00022,-0.00022,0.0,,
Kepler-1672 b,Kepler-1672,TIC 170236331,1.16,0.194259,-0.129449,12.548,0.069,-0.069,11.096,0.02,-0.02,0.55374,0.00603,-0.00603,0.0,,
Kepler-618 b,Kepler-618,TIC 405719849,1.05,0.07,-0.054,15.087,0.183,-0.183,13.335,0.037,-0.037,0.0449,0.00045,-0.00045,0.0,,
Kepler-322 b,Kepler-322,TIC 123313142,0.908,0.013,-0.018,13.687,0.103,-0.103,11.837,0.016,-0.016,0.027,,,0.0,,
TOI-262 b,TOI-262,TIC 70513361,0.913,0.029,-0.029,8.91,0.03,-0.03,6.967,0.02,-0.02,0.163,0.002,-0.002,,,
Kepler-1072 b,Kepler-1072,TIC 63072565,1.2,0.191,-0.091,13.972,0.149,-0.149,12.566,0.028,-0.028,0.02742,0.00026,-0.00026,0.0,,
HD 68402 b,HD 68402,TIC 272546396,1.12,0.05,-0.05,9.11,0.03,-0.03,7.697,0.027,-0.027,2.18,0.09,-0.09,0.03,0.06,-0.06
Kepler-1161 b,Kepler-1161,TIC 268390796,0.59,0.034,-0.035,16.163,0.332,-0.332,13.141,0.028,-0.028,0.0784,,,0.0,,
Kepler-1777 b,Kepler-1777,TIC 122374509,0.984,0.072,-0.065,14.112,0.092,-0.092,12.528,0.024,-0.024,0.10301,0.0005,-0.0005,0.0,,
Kepler-1991 c,Kepler-1991,TIC 164831457,0.914,0.061,-0.042,15.048,0.16,-0.16,13.067,0.034,-0.034,0.1528,,,0.0,,
rho CrB c,rho CrB,TIC 458494003,0.95,0.01,-0.01,5.40816,0.023,-0.023,3.857,0.036,-0.036,0.4206,0.0044,-0.0045,0.096,0.053,-0.054
Kepler-310 d,Kepler-310,TIC 158840828,0.854,0.034,-0.032,14.376,0.057,-0.057,12.626,0.02,-0.02,0.392,,,0.0,,
UCAC4 328-061594 b,UCAC4 328-061594,TIC 168071263,1.19,,,15.689,0.175,-0.175,15.79,0.226,-0.226,19000.0,,,,,
TOI-2000 b,TOI-2000,TIC 371188886,1.082,0.059,-0.05,10.984,0.012,-0.012,9.303001,0.021,-0.021,0.04271,0.00076,-0.00067,0.0,,
HD 39194 d,HD 39194,TIC 389506883,0.67,0.04,-0.04,8.09,0.03,-0.03,6.094,0.02,-0.02,0.185,0.0033,-0.0033,0.333,,
Kepler-1563 b,Kepler-1563,TIC 299028607,1.0,0.053,-0.052,13.696,0.08,-0.08,12.013,0.023,-0.023,0.0442,,,0.0,,
Kepler-500 b,Kepler-500,TIC 271968263,1.02,0.045,-0.044,14.324,0.08,-0.08,12.588,0.023,-0.023,0.08361,0.00091,-0.00091,0.0,,
Kepler-530 b,Kepler-530,TIC 48305629,0.97,0.029,-0.031,13.502,0.092,-0.092,11.9,0.02,-0.02,0.21491,0.00268,-0.00268,0.0,,
KMT-2019-BLG-1216L b,KMT-2019-BLG-1216L,,0.39,0.21,-0.21,,,,,,,2.44,1.12,-1.12,,,
TOI-2719 b,TOI-2719,TIC 176314383,1.02,0.13,-0.13,12.684,0.103,-0.103,11.057,0.023,-0.023,,,,,,
Kepler-173 b,Kepler-173,TIC 378160351,1.067,0.035,-0.034,14.357,0.172,-0.172,12.668,0.034,-0.034,0.048,,,0.0,,
HD 12484 b,HD 12484,TIC 419940916,1.01,0.03,-0.03,8.18,0.03,-0.03,6.706,0.029,-0.029,0.297,0.005,-0.005,0.07,0.03,-0.03
Kepler-361 c,Kepler-361,TIC 272601590,1.191,0.021,-0.046,13.635,0.103,-0.103,12.198,0.02,-0.02,0.3,,,0.0,,
Kepler-265 e,Kepler-265,TIC 122445076,0.97,0.029,-0.034,15.47,0.16,-0.16,13.897,0.051,-0.051,0.319,,,0.0,,
Kepler-1724 b,Kepler-1724,TIC 27771842,1.016,0.125,-0.139,14.961,0.183,-0.183,13.334,0.041,-0.041,0.0683,,,0.0,,
K2-233 c,K2-233,TIC 428820090,0.79,0.01,-0.01,10.883,0.014,-0.014,8.375,0.023,-0.023,0.0664,0.0013,-0.0013,0.0,,
KMT-2019-BLG-2974L b,KMT-2019-BLG-2974L,,0.47,0.41,-0.28,,,,,,,2.0,0.8,-0.7,,,
Kepler-1144 b,Kepler-1144,TIC 159226202,0.98,0.05,-0.056,14.943,0.103,-0.103,13.433,0.031,-0.031,0.1291,,,0.0,,
Kepler-1440 b,Kepler-1440,TIC 279917282,0.98,0.042,-0.048,14.24,0.183,-0.183,12.561,0.025,-0.025,0.23431,0.00205,-0.00205,0.0,,
Kepler-188 b,Kepler-188,TIC 123235018,1.021,0.032,-0.035,14.719,0.08,-0.08,13.144,0.027,-0.027,0.032,,,0.0,,
Kepler-296 b,Kepler-296,TIC 243271945,0.498,0.067,-0.087,16.363,1.133,-1.133,12.6,0.028,-0.028,0.079,0.013,-0.013,0.33,,
Kepler-388 c,Kepler-388,TIC 164786156,0.635,0.015,-0.015,15.218,0.08,-0.08,12.544,0.026,-0.026,0.093,,,0.0,,
TrES-2 b,TrES-2,TIC 399860444,1.36,0.3,-0.3,11.254,0.011,-0.011,9.846,0.022,-0.022,0.03568,0.00042,-0.00042,0.0,,
Kepler-1661 b,Kepler-1661,TIC 164886585,0.841,0.022,-0.022,14.357,0.092,-0.092,12.162,0.02,-0.02,0.633,0.005,-0.005,0.057,0.005,-0.005
HAT-P-53 b,HAT-P-53,TIC 189380158,1.093,0.043,-0.043,13.78,0.126,-0.126,12.1,0.019,-0.019,0.03159,0.00042,-0.00042,0.134,,
Kepler-332 c,Kepler-332,TIC 158272257,0.743,0.014,-0.025,14.243,0.103,-0.103,11.974,0.018,-0.018,0.114,,,0.0,,
Kepler-1393 b,Kepler-1393,TIC 120255638,0.95,0.041,-0.046,13.476,0.069,-0.069,11.816,0.018,-0.018,0.0337,,,0.0,,
Kepler-304 b,Kepler-304,TIC 377909730,0.737,0.005,-0.013,15.065,0.252,-0.252,12.626,0.033,-0.033,0.039,,,0.0,,
Kepler-1464 c,Kepler-1464,TIC 121123737,1.02,0.064,-0.064,14.358,0.092,-0.092,12.507,0.025,-0.025,0.06101,0.00047,-0.00047,0.0,,
NGTS-26 b,NGTS-26,TIC 392747437,0.96,0.04,-0.03,15.009,0.206,-0.206,13.119,0.04,-0.04,0.049,0.0038,-0.0032,0.0,,
Kepler-1502 b,Kepler-1502,TIC 184298883,1.44,0.231,-0.175,14.18,0.183,-0.183,12.907,0.028,-0.028,0.2482,,,0.0,,
Kepler-1022 b,Kepler-1022,TIC 159051188,0.71,0.028,-0.039,15.758,0.08,-0.08,12.821,0.022,-0.022,0.0805,,,0.0,,
Kepler-1861 b,Kepler-1861,TIC 27649489,1.161,0.081,-0.111,13.709,0.103,-0.103,12.239,0.024,-0.024,0.24082,0.00197,-0.00197,0.0,,
Kepler-1380 b,Kepler-1380,TIC 158633475,0.96,0.049,-0.045,15.816,0.217,-0.217,13.883,0.041,-0.041,0.0917,,,0.0,,
eps CrB b,eps CrB,TIC 356000102,1.7,0.1,-0.1,4.12577,0.023,-0.023,1.349,0.188,-0.188,1.3,,,0.11,0.03,-0.03
HIP 21152 b,HIP 21152,TIC 452767166,1.4,0.05,-0.05,6.37009,0.023,-0.023,5.333,0.021,-0.021,17.0,5.0,-4.0,0.36,0.37,-0.25
Kepler-112 c,Kepler-112,TIC 272943597,0.782,0.013,-0.009,13.927,0.103,-0.103,12.155,0.021,-0.021,0.172,,,0.0,,
HD 103891 b,HD 103891,TIC 183648073,1.28,0.01,-0.01,6.59451,0.023,-0.023,5.187,0.023,-0.023,3.27,0.02,-0.01,0.31,0.03,-0.03
Kepler-887 b,Kepler-887,TIC 122293639,1.19,0.052,-0.039,13.52,0.069,-0.069,12.241,0.023,-0.023,0.15431,0.00137,-0.00137,0.0,,
Kepler-154 b,Kepler-154,TIC 416282268,0.933,0.032,-0.03,14.646,0.092,-0.092,12.986,0.029,-0.029,0.198,,,0.0,,
HAT-P-62 b,HAT-P-62,TIC 453064665,1.023,0.02,-0.02,12.539,0.069,-0.069,10.701,0.026,-0.026,0.03772,0.00024,-0.00024,0.101,,
Kepler-1370 c,Kepler-1370,TIC 120253552,1.19,0.155,-0.09,13.718,0.092,-0.092,12.349,0.02,-0.02,0.08084,0.00033,-0.00033,0.0,,
HD 219666 b,HD 219666,TIC 266980320,1.02,0.1,-0.1,9.809,0.003,-0.003,8.158,0.033,-0.033,0.06356,0.00265,-0.00265,0.05,0.04,-0.04
Kepler-1967 b,Kepler-1967,TIC 268604336,0.996,0.213,-0.174,13.519,0.057,-0.057,11.192,0.02,-0.02,0.06686,0.00081,-0.00081,0.0,,
HD 194490 b,HD 194490,TIC 100272295,1.06,0.128,-0.128,8.99,0.03,-0.03,7.533,0.033,-0.033,11.116,2.007,-1.511,0.251,0.105,-0.094
Kepler-393 b,Kepler-393,TIC 159580535,1.256,0.023,-0.021,13.258,0.103,-0.103,11.995,0.017,-0.017,0.091,,,0.0,,
HD 118203 b,HD 118203,TIC 286923464,1.27,0.028,-0.032,8.05,0.03,-0.03,6.543,0.023,-0.023,0.0713,0.002,-0.002,0.3136,0.0075,-0.0075
Kepler-1735 b,Kepler-1735,TIC 123206821,0.535,0.03,-0.041,15.896,0.103,-0.103,12.247,0.013,-0.013,0.0621,,,0.0,,
Kepler-301 b,Kepler-301,TIC 48419097,1.022,0.021,-0.029,14.458,0.103,-0.103,12.706,0.027,-0.027,0.036,,,0.0,,
HD 116029 c,HD 116029,TIC 305837711,1.33,0.11,-0.11,7.88,0.03,-0.03,5.534,0.016,-0.016,,,,0.038,0.127,-0.075
HD 211403 b,HD 211403,TIC 330485001,1.2,0.06,-0.06,8.48,0.03,-0.03,7.244,0.017,-0.017,0.768,0.013,-0.013,0.084,0.057,-0.044
Kepler-1613 b,Kepler-1613,TIC 159180076,1.08,0.082,-0.07,14.192,0.114,-0.114,12.653,0.022,-0.022,0.02755,0.00043,-0.00043,0.0,,
Kepler-1532 b,Kepler-1532,TIC 168812474,0.91,0.055,-0.056,15.293,0.206,-0.206,13.23,0.033,-0.033,0.0206,,,0.0,,
HD 158259 d,HD 158259,TIC 188768068,1.08,0.1,-0.1,6.47915,0.023,-0.023,4.965,0.023,-0.023,,,,,,
Kepler-965 b,Kepler-965,TIC 274118253,1.05,0.043,-0.041,13.488,0.08,-0.08,11.91,0.019,-0.019,0.50998,0.00559,-0.00559,0.0,,
Kepler-513 b,Kepler-513,TIC 48503953,1.02,0.038,-0.043,13.019,0.08,-0.08,11.469,0.023,-0.023,0.1779,0.00177,-0.00177,0.0,,
Kepler-418 b,Kepler-418,TIC 377871791,0.98,0.08,-0.08,14.824,0.126,-0.126,13.103,0.034,-0.034,0.39249,0.00435,-0.00435,0.2,0.11,-0.11
Kepler-1435 b,Kepler-1435,TIC 159647919,1.21,0.063,-0.058,12.984,0.114,-0.114,11.729,0.014,-0.014,0.05456,0.00054,-0.00054,0.0,,
HD 188641 b,HD 188641,TIC 300611942,1.07,0.133,-0.133,7.34,0.03,-0.03,5.8,0.023,-0.023,12.027,1.897,-1.567,0.034,0.059,-0.088
Kepler-431 b,Kepler-431,TIC 123231081,1.071,0.059,-0.037,12.139,0.028,-0.028,10.649,0.011,-0.011,0.0719,,,0.0,,
TOI-1279 b,TOI-1279,TIC 224297258,0.8784,0.0267,-0.0253,10.714,0.006,-0.006,8.887,0.015,-0.015,0.085,0.002,-0.002,0.0,,
Kepler-1575 b,Kepler-1575,TIC 270699185,0.95,0.055,-0.063,15.53,0.24,-0.24,13.828,0.052,-0.052,0.0366,,,0.0,,
K2-187 b,K2-187,TIC 332024125,0.966999,0.025227,-0.024169,13.102,0.069,-0.069,11.196,0.021,-0.021,0.0164,0.0002,-0.0002,,,
KOI-94 b,KOI-94,TIC 273231214,1.277,0.05,-0.05,12.314,0.046,-0.046,10.926,0.019,-0.019,0.05119,0.00067,-0.00067,0.25,0.17,-0.17
KOI-94 d,KOI-94,TIC 273231214,1.277,0.05,-0.05,12.314,0.046,-0.046,10.926,0.019,-0.019,0.1684,0.0022,-0.0022,0.022,0.038,-0.038
Kepler-63 b,Kepler-63,TIC 299158887,0.984,0.035,-0.04,12.02,0.026,-0.026,9.997,0.022,-0.022,0.08,0.002,-0.002,0.45,,
Kepler-81 b,Kepler-81,TIC 270611154,0.64,0.38,-0.23,15.258,0.092,-0.092,12.392,0.021,-0.021,0.0522,0.00221,-0.00221,0.0,,
KMT-2020-BLG-0414L c,KMT-2020-BLG-0414L,,0.259,0.041,-0.034,,,,,,,0.12,0.02,-0.02,,,
Kepler-87 b,Kepler-87,TIC 273592336,1.1,0.05,-0.05,14.681,0.137,-0.137,12.981,0.024,-0.024,0.481,0.026,-0.028,0.036,0.009,-0.009
Gaia22dkvL b,Gaia22dkvL,,1.145,0.155,-0.078,,,,,,,1.4,0.77,-0.34,,,
Kepler-1065 c,Kepler-1065,TIC 378012771,0.94,0.065,-0.063,15.744,0.069,-0.069,13.671,0.05,-0.05,0.0344,,,0.0,,
Kepler-1965 b,Kepler-1965,TIC 137635841,0.928,0.099,-0.109,13.839,0.16,-0.16,12.12,0.023,-0.023,0.22971,0.00285,-0.00285,0.0,,
WASP-133 b,WASP-133,TIC 92449173,1.16,0.08,-0.08,12.891,0.069,-0.069,11.18,0.023,-0.023,0.0345,0.0007,-0.0007,0.17,,
Kepler-389 c,Kepler-389,TIC 63074796,0.765,0.018,-0.02,15.769,0.218,-0.218,13.896,0.062,-0.062,0.11,,,0.0,,
HD 6718 b,HD 6718,TIC 408047845,1.08,0.21,-0.21,8.45,0.03,-0.03,6.876,0.02,-0.02,3.55,0.18,-0.18,0.1,0.08,-0.08
K2-184 b,K2-184,TIC 21244210,0.84,0.01,-0.01,10.345,0.009,-0.009,8.38,0.02,-0.02,0.1685,0.0155,-0.0409,,,
WASP-148 c,WASP-148,TIC 115524421,0.954,0.03,-0.052,12.036,0.05,-0.05,10.506,0.017,-0.017,0.2044,0.0021,-0.0038,0.1809,0.018,-0.0072
Kepler-777 b,Kepler-777,TIC 123497954,0.58,0.024,-0.029,16.131,0.263,-0.263,13.046,0.021,-0.021,0.0519,,,0.0,,
Kepler-56 c,Kepler-56,TIC 138430034,1.32,0.13,-0.13,12.598,0.046,-0.046,10.227,0.018,-0.018,0.1652,0.0059,-0.0059,0.0,0.01,-0.01
KIC 10001893 b,KIC 10001893,TIC 158488181,0.47,0.03,-0.03,15.829,0.15,-0.15,16.612,,,,,,,,
Kepler-62 b,Kepler-62,TIC 164458488,0.69,0.02,-0.02,13.965,0.092,-0.092,11.659,0.021,-0.021,0.0553,0.0005,-0.0005,0.0,,
HD 21520 b,HD 21520,TIC 404518509,1.09,0.07,-0.07,9.17,0.03,-0.03,7.707,0.016,-0.016,0.1726,0.0071,-0.0071,0.0,,
Kepler-1987 e,Kepler-1987,TIC 271958892,0.799,0.041,-0.081,15.477,0.389,-0.389,13.154,0.029,-0.029,0.0765,,,0.0,,
TOI-1758 b,TOI-1758,TIC 367858035,0.88,0.11,-0.11,10.794,0.008,-0.008,8.811,0.02,-0.02,0.141409,0.005424,-0.005863,0.0,,
KMT-2016-BLG-1105L b,KMT-2016-BLG-1105L,,0.41,0.25,-0.21,,,,,,,2.44,0.88,-0.75,,,
TOI-6478 b,TOI-6478,TIC 332657786,0.23,0.007,-0.007,15.99,0.2,-0.2,10.657,0.021,-0.021,0.1136,0.006,-0.006,,,
Kepler-1338 b,Kepler-1338,TIC 120105633,1.04,0.077,-0.068,13.699,0.092,-0.092,12.106,0.021,-0.021,0.01937,0.00018,-0.00018,0.0,,
Kepler-961 b,Kepler-961,TIC 351803452,0.96,0.029,-0.033,14.204,0.114,-0.114,12.482,0.028,-0.028,0.12585,0.00073,-0.00073,0.0,,
HD 35843 b,HD 35843,TIC 7422496,0.94,0.06,-0.06,9.36,0.03,-0.03,7.782,0.017,-0.017,0.088,0.002,-0.002,0.0,,
OGLE-2018-BLG-1011L c,OGLE-2018-BLG-1011L,,0.18,0.33,-0.1,,,,,,,0.8,0.9,-0.6,,,
Kepler-1265 b,Kepler-1265,TIC 164781761,0.71,0.035,-0.05,16.024,0.035,-0.035,13.2,0.037,-0.037,0.0612,,,0.0,,
Kepler-184 b,Kepler-184,TIC 63119782,0.872,0.024,-0.028,14.42,0.069,-0.069,12.69,0.029,-0.029,0.092,,,0.0,,
Kepler-238 e,Kepler-238,TIC 121460918,1.06,0.17,-0.12,15.297,0.035,-0.035,13.512,0.039,-0.039,0.17286,0.00225,-0.00225,0.0,,
Kepler-410 A b,Kepler-410 A,TIC 164458714,1.214,0.033,-0.033,9.495,0.003,-0.003,8.14,0.013,-0.013,0.1226,0.0047,-0.0047,0.17,0.1,-0.05
OGLE-2016-BLG-1800L b,OGLE-2016-BLG-1800L,,0.41,0.22,-0.22,,,,,,,1.88,0.51,-0.51,,,
Kepler-85 e,Kepler-85,TIC 159580705,0.947,0.016,-0.017,14.89,0.057,-0.057,13.083,0.023,-0.023,0.163,,,0.0,,
Kepler-130 d,Kepler-130,TIC 121603794,0.927,0.0265,-0.0265,11.572,0.017,-0.017,10.49,0.02,-0.02,0.377,,,0.8,0.09,-0.4
HIP 8541 b,HIP 8541,TIC 231019255,2.009,0.115,-0.115,7.88,0.03,-0.03,5.29,0.029,-0.029,3.729,0.3,-0.168,0.36,0.06,-0.047
Kepler-1886 b,Kepler-1886,TIC 184417747,0.928,0.1,-0.11,15.627,0.263,-0.263,13.705,0.05,-0.05,0.16,,,0.0,,
Kepler-542 b,Kepler-542,TIC 137484431,0.93,0.035,-0.037,13.606,0.126,-0.126,11.783,0.021,-0.021,0.10703,0.00097,-0.00097,0.0,,
HD 62364 b,HD 62364,TIC 271972463,1.157,0.028,-0.028,7.32,0.03,-0.03,6.001,0.024,-0.024,6.15,0.04,-0.03,0.607,0.005,-0.005
TOI-1749 b,TOI-1749,TIC 233602827,0.58,0.03,-0.03,13.86,0.072,-0.072,10.27,0.019,-0.019,0.0291,0.0005,-0.0005,0.14,,
Kepler-1634 b,Kepler-1634,TIC 270857293,0.92,0.051,-0.05,14.636,0.126,-0.126,12.721,0.024,-0.024,1.0525,,,0.0,,
Kepler-99 b,Kepler-99,TIC 169462917,0.79,0.06,-0.06,13.206,0.092,-0.092,10.757,0.018,-0.018,0.05071,0.00024,-0.00024,0.0,,
K2-393 b,K2-393,TIC 279046938,0.881,0.381,-0.269,11.84,0.033,-0.033,10.284,0.02,-0.02,,,,,,
K2-5 c,K2-5,TIC 38064757,0.61,0.13,-0.13,14.974,0.275,-0.275,11.595,0.023,-0.023,0.0818,0.0059,-0.0059,,,
HAT-P-11 c,HAT-P-11,TIC 28230919,0.811,0.03,-0.03,9.46,0.03,-0.03,7.009,0.02,-0.02,4.1,0.06,-0.06,0.652,0.017,-0.017
Kepler-1416 b,Kepler-1416,TIC 268160061,1.09,0.195,-0.106,14.369,0.057,-0.057,12.537,0.02,-0.02,0.0257,,,0.0,,
Kepler-1701 b,Kepler-1701,TIC 120899838,0.87,,,14.722,0.114,-0.114,12.743,0.026,-0.026,0.5738,0.0036,-0.0036,0.0,,
Kepler-1578 b,Kepler-1578,TIC 158662813,0.9,0.051,-0.067,15.585,0.08,-0.08,13.655,0.034,-0.034,0.0252,,,0.0,,
KOI-55 c,KOI-55,TIC 184427882,0.496,0.002,-0.002,15.154,0.15,-0.15,15.495,,,0.0076,,,,,
HD 45364 b,HD 45364,TIC 117768715,0.82,0.05,-0.05,8.08,0.03,-0.03,6.316,0.018,-0.018,0.6793,0.0016,-0.0015,0.067,0.016,-0.016
Kepler-1772 b,Kepler-1772,TIC 122062591,0.942,0.053,-0.059,13.546,0.092,-0.092,11.75,0.018,-0.018,0.04391,0.00028,-0.00028,0.0,,
Kepler-1862 b,Kepler-1862,TIC 27913951,0.9,0.088,-0.107,15.847,0.15,-0.15,14.125,,,0.1199,,,0.0,,
Kepler-990 b,Kepler-990,TIC 273591945,1.05,0.122,-0.087,14.716,0.15,-0.15,12.928,,,0.08595,0.00086,-0.00086,0.0,,
Kepler-1537 b,Kepler-1537,TIC 271046907,0.81,0.041,-0.046,14.827,0.092,-0.092,12.519,0.018,-0.018,0.0245,,,0.0,,
Kepler-1593 b,Kepler-1593,TIC 239306899,0.81,0.057,-0.05,16.19,0.195,-0.195,13.452,0.044,-0.044,0.55494,0.00395,-0.00395,0.0,,
Kepler-328 b,Kepler-328,TIC 184164097,1.15,0.22,-0.16,15.794,0.115,-0.115,14.187,0.067,-0.067,0.2199,,,0.0,,
Kepler-511 c,Kepler-511,TIC 164456037,0.958,0.083,-0.075,12.711,0.08,-0.08,11.187,0.016,-0.016,0.17177,0.00113,-0.00113,0.0,,
K2-198 b,K2-198,TIC 135043332,0.799,0.091,-0.045,10.971,0.015,-0.015,9.228,0.021,-0.021,,,,,,
Kepler-451 c,2MASS J19383260+4603591,TIC 271164763,0.48,,,12.651,0.215,-0.215,12.955,0.029,-0.029,,,,0.29,0.07,-0.07
Kepler-369 c,Kepler-369,TIC 26961231,0.5,0.025,-0.028,16.429,0.286,-0.286,12.395,0.024,-0.024,0.094,,,0.0,,
TOI-1777.01,TOI-1777,TIC 29191624,1.06,0.13,-0.13,9.31,0.03,-0.03,7.783,0.017,-0.017,0.119466,0.004805,-0.005216,,,
Kepler-1024 b,Kepler-1024,TIC 137349536,0.81,0.042,-0.05,16.272,0.24,-0.24,14.05,0.067,-0.067,0.3033,,,0.0,,
Kepler-253 c,Kepler-253,TIC 63065911,0.86,0.023,-0.028,15.778,0.115,-0.115,13.534,0.048,-0.048,0.089,,,0.0,,
Kepler-171 c,Kepler-171,TIC 239229224,0.978,0.029,-0.031,15.101,0.069,-0.069,13.206,0.042,-0.042,0.098,,,0.0,,
WASP-33 b,WASP-33,TIC 129979528,1.495,0.031,-0.031,8.14,0.03,-0.03,7.468,0.024,-0.024,0.0239,0.00063,-0.00063,0.0,,
TOI-4145 A b,TOI-4145 A,TIC 279947414,0.905,0.043,-0.044,12.084,0.025,-0.025,10.286,0.021,-0.021,0.04823,0.00075,-0.00079,0.0,,
Kepler-709 b,Kepler-709,TIC 63122858,0.8,0.041,-0.05,15.261,0.126,-0.126,13.145,0.034,-0.034,0.1173,,,0.0,,
TrES-4 b,TrES-4,TIC 159742538,1.08,0.38,-0.38,11.932,0.023,-0.023,10.33,0.019,-0.019,0.05084,0.0005,-0.0005,0.0,,
Kepler-1987 b,Kepler-1987,TIC 271958892,0.799,0.041,-0.081,15.477,0.389,-0.389,13.154,0.029,-0.029,0.0318,,,0.0,,
Kepler-366 b,Kepler-366,TIC 27914560,1.088,0.033,-0.031,14.952,0.092,-0.092,13.351,0.039,-0.039,0.045,,,0.0,,
K2-155 d,K2-155,TIC 17307715,0.65,0.06,-0.03,12.773,0.114,-0.114,9.496,0.017,-0.017,0.1937,0.0064,-0.0059,,,
Kepler-312 c,Kepler-312,TIC 274030824,1.314,0.025,-0.02,13.01,0.057,-0.057,11.596,0.017,-0.017,0.153,,,0.0,,
Kepler-245 e,Kepler-245,TIC 63004906,0.86,0.03,-0.032,15.546,0.252,-0.252,13.639,0.053,-0.053,0.04053,0.00036,-0.00036,0.0,,
HD 102843 b,HD 102843,TIC 78290210,0.95,0.05,-0.05,9.26,0.03,-0.03,7.495,0.023,-0.023,4.074,0.27,-0.27,0.11,0.07,-0.07
Kepler-1066 b,Kepler-1066,TIC 268379849,0.98,0.108,-0.072,13.115,0.08,-0.08,11.362,0.02,-0.02,0.0298,0.00019,-0.00019,0.0,,
HD 108874 c,HD 108874,TIC 371621238,0.95,0.036,-0.036,8.76,0.03,-0.03,7.06,0.024,-0.024,2.659,0.06,-0.06,0.239,0.031,-0.031
Kepler-49 e,Kepler-49,TIC 137555411,0.549,0.009,-0.009,15.655,0.046,-0.046,12.383,0.023,-0.023,0.116,,,0.0,,
Kepler-52 d,Kepler-52,TIC 399825554,0.577,0.014,-0.014,15.513,0.217,-0.217,12.36,0.027,-0.027,0.182,,,0.0,,
Kepler-562 b,Kepler-562,TIC 159301821,0.93,0.046,-0.053,14.908,0.172,-0.172,13.12,0.027,-0.027,0.1333,,,0.0,,
Kepler-711 b,Kepler-711,TIC 273234664,0.84,0.064,-0.055,15.635,0.206,-0.206,13.061,0.026,-0.026,0.1429,,,0.0,,
NY Vir c,NY Vir,TIC 175402069,0.459,0.01,-0.01,13.496,0.184,-0.184,14.635,0.095,-0.095,,,,0.15,0.01,-0.01
Kepler-1371 c,Kepler-1371,TIC 158840095,0.87,0.044,-0.052,14.018,0.103,-0.103,12.052,0.016,-0.016,0.02937,0.00011,-0.00011,0.0,,
Kepler-538 b,Kepler-538,TIC 28227113,0.892,0.051,-0.035,11.27,0.018,-0.018,9.645001,0.013,-0.013,0.3554,0.0068,-0.0047,0.21,,
HD 39091 b,HD 39091,TIC 261136679,1.07,0.04,-0.04,5.65,0.03,-0.03,4.241,0.027,-0.027,3.28,0.04,-0.04,0.642,0.001,-0.001
HAT-P-54 b,HAT-P-54,TIC 284326455,0.645,0.02,-0.02,13.398,0.069,-0.069,10.326,0.019,-0.019,0.04117,0.00043,-0.00043,0.074,,
HD 29021 b,HD 29021,TIC 458350670,0.86,0.02,-0.02,7.76,0.03,-0.03,6.082,0.02,-0.02,2.294,0.019,-0.019,0.453,0.014,-0.013
WASP-39 b,WASP-39,TIC 181949561,0.913,0.047,-0.047,12.095,0.252,-0.252,10.202,0.023,-0.023,0.04828,0.00082,-0.00082,0.0,,
Kepler-108 c,Kepler-108,TIC 271164755,1.247,0.082,-0.067,12.657,0.069,-0.069,10.983,0.017,-0.017,0.721,,,0.04,0.19,-0.04
Kepler-392 b,Kepler-392,TIC 158796434,0.874,0.024,-0.023,13.528,0.092,-0.092,12.121,0.016,-0.016,0.059,,,0.0,,
Kepler-946 b,Kepler-946,TIC 185057567,0.94,0.083,-0.067,15.011,0.217,-0.217,13.295,0.033,-0.033,0.1002,,,0.0,,
Kepler-296 d,Kepler-296,TIC 243271945,0.498,0.067,-0.087,16.363,1.133,-1.133,12.6,0.028,-0.028,0.118,0.02,-0.02,0.33,,
Kepler-336 c,Kepler-336,TIC 122298677,1.09,0.059,-0.042,13.677,0.149,-0.149,12.144,0.022,-0.022,0.092,,,0.0,,
Kepler-245 c,Kepler-245,TIC 63004906,0.856,0.02,-0.026,15.546,0.252,-0.252,13.639,0.053,-0.053,0.124,,,0.0,,
Kepler-397 b,Kepler-397,TIC 271963778,0.844,0.032,-0.032,16.357,0.252,-0.252,13.9,0.051,-0.051,0.144,,,0.0,,
Kepler-1046 b,Kepler-1046,TIC 272601000,1.04,0.037,-0.042,13.347,0.08,-0.08,11.73,0.018,-0.018,0.11858,0.00119,-0.00119,0.0,,
KMT-2021-BLG-1898L b,KMT-2021-BLG-1898L,,0.48,0.33,-0.26,,,,,,,1.9,0.3,-0.3,,,
Kepler-536 b,Kepler-536,TIC 28234096,0.92,0.046,-0.057,14.032,0.126,-0.126,11.892,0.021,-0.021,0.02835,0.00033,-0.00033,0.0,,
Kepler-379 c,Kepler-379,TIC 184167421,1.125,0.027,-0.031,13.475,0.069,-0.069,12.005,0.018,-0.018,0.326,,,0.0,,
OGLE-2018-BLG-1700L b,OGLE-2018-BLG-1700L,,0.42,0.29,-0.19,,,,,,,2.8,3.2,-2.5,,,
TOI-4329 b,TOI-4329,TIC 256722647,1.538,0.049,-0.049,12.724,0.092,-0.092,10.63,0.028,-0.028,,,,0.068,0.079,-0.079
Kepler-306 b,Kepler-306,TIC 121660143,0.75,0.024,-0.018,15.575,0.057,-0.057,13.503,0.039,-0.039,0.05,,,0.0,,
Kepler-121 b,Kepler-121,TIC 120765800,0.859,0.036,-0.036,14.904,0.092,-0.092,12.796,0.023,-0.023,0.039,,,0.0,,
TOI-238 c,TOI-238,TIC 9006668,0.79,0.022,-0.022,10.748,0.013,-0.013,8.598,0.021,-0.021,0.0749,0.0013,-0.0013,0.36,,
TOI-5005 b,TOI-5005,TIC 282485660,0.97,0.02,-0.02,11.867,0.149,-0.149,10.004,0.021,-0.021,0.06614,0.00045,-0.00045,,,
MOA-bin-29 b,MOA-bin-29,,0.03,0.07,-0.02,44.61,2.82,-11.92,33.11,7.63,-9.4,0.48,0.12,-0.1,,,
TOI-1452 b,TOI-1452,TIC 420112589,0.249,0.008,-0.008,14.354,0.121,-0.121,9.74,0.046,-0.046,0.061,0.003,-0.003,0.0,,
WASP-63 b,WASP-63,TIC 393414358,1.28,0.42,-0.42,11.155,0.01,-0.01,9.393,0.021,-0.021,0.0574,0.0007,-0.0007,0.0,,
Kepler-169 c,Kepler-169,TIC 120689253,0.825,0.007,-0.013,14.424,0.137,-0.137,12.186,0.021,-0.021,0.062,,,0.0,,
Kepler-1395 b,Kepler-1395,TIC 63204326,1.17,0.039,-0.033,12.632,0.057,-0.057,11.29,0.019,-0.019,0.04974,0.00046,-0.00046,0.0,,
Kepler-1197 b,Kepler-1197,TIC 63004645,0.78,0.021,-0.025,15.346,0.16,-0.16,12.814,0.029,-0.029,0.02869,0.00015,-0.00015,0.0,,
Kepler-324 b,Kepler-324,TIC 243271716,0.901,0.017,-0.027,14.222,0.069,-0.069,12.291,0.025,-0.025,0.05,,,0.0,,
Kepler-23 c,Kepler-23,TIC 27083727,1.078,0.077,-0.077,13.567,0.172,-0.172,11.998,0.019,-0.019,0.09501,0.00075,-0.00075,0.021,0.009,-0.014
Kepler-37 c,Kepler-37,TIC 164652245,0.79,0.033,-0.03,9.770001,0.004,-0.004,7.942,0.013,-0.013,0.139,0.002,-0.002,0.099,,
OGLE-2016-BLG-1598L b,OGLE-2016-BLG-1598L,,0.55,0.32,-0.32,,,,,,,2.5,0.88,-0.88,,,
OGLE-2018-BLG-1212L b,OGLE-2018-BLG-1212L,,0.16,0.12,-0.1,,,,,,,1.68,1.47,-0.63,,,
K2-165 d,K2-165,TIC 149969625,0.834847,0.030908,-0.030246,11.332,0.027,-0.027,9.536,0.016,-0.016,,,,,,
OGLE-2015-BLG-0954L b,OGLE-2015-BLG-0954L,,0.3,0.34,-0.14,,,,17.45,0.33,-0.53,1.6,1.3,-0.7,,,
PSR J1719-1438 b,PSR J1719-1438,,1.4,,,,,,,,,0.0044,,,0.06,,
WASP-83 b,WASP-83,TIC 286865921,1.11,0.09,-0.09,12.312,0.08,-0.08,10.393,0.023,-0.023,0.059,0.001,-0.001,0.0,,
GJ 687 c,GJ 687,TIC 233193964,0.4,0.02,-0.02,9.15,0.1,-0.1,4.548,0.021,-0.021,1.165,0.023,-0.023,0.4,0.22,-0.22
Kepler-55 d,Kepler-55,TIC 164884002,0.631,0.016,-0.016,15.746,0.355,-0.355,13.289,0.049,-0.049,0.029,,,0.0,,
TOI-2141 c,TOI-2141,TIC 287256467,0.896,0.059,-0.051,9.46,0.003,-0.003,7.87,0.024,-0.024,0.0585,0.0011,-0.0012,,,
HD 199509 b,HD 199509,TIC 401701660,1.04,0.136,-0.136,6.98,0.03,-0.03,5.425,0.016,-0.016,0.426,0.018,-0.019,0.373,0.09,-0.087
WASP-154 b,WASP-154,TIC 857186,0.8,0.05,-0.05,13.191,0.092,-0.092,10.774,0.021,-0.021,0.044,0.003,-0.003,0.0,,
HD 16141 b,HD 16141,TIC 251109533,1.11,0.06,-0.06,6.834,0.015,-0.015,5.266,0.023,-0.023,0.36,0.01,-0.01,0.25,0.05,-0.05
Kepler-1343 b,Kepler-1343,TIC 27081773,0.95,0.059,-0.078,15.617,0.195,-0.195,13.989,0.065,-0.065,0.0449,,,0.0,,
Kepler-81 d,Kepler-81,TIC 270611154,0.648,0.028,-0.028,15.258,0.092,-0.092,12.392,0.021,-0.021,0.128,,,0.0,,
Kepler-531 b,Kepler-531,TIC 243272677,0.78,0.031,-0.032,13.566,0.16,-0.16,11.177,0.022,-0.022,0.17446,0.00124,-0.00124,0.0,,
Kepler-376 c,Kepler-376,TIC 137219378,0.968,0.025,-0.023,13.86,0.126,-0.126,12.32,0.025,-0.025,0.115,,,0.0,,
TOI-199 b,TOI-199,TIC 309792357,0.936,0.003,-0.005,10.701,0.008,-0.008,8.814,0.021,-0.021,0.4254,0.002,-0.002,0.09,0.01,-0.02
KMT-2021-BLG-1077L b,KMT-2021-BLG-1077L,,0.14,0.19,-0.07,,,,,,,1.26,1.41,-1.08,,,
HAT-P-6 b,HAT-P-6,TIC 176899385,1.79,0.6,-0.6,10.469,0.005,-0.005,9.313,0.019,-0.019,0.05239,0.0008,-0.00082,0.0,,
Kepler-1237 b,Kepler-1237,TIC 271770315,0.94,0.044,-0.044,16.012,0.092,-0.092,13.851,0.045,-0.045,0.3778,,,0.0,,
HD 110067 f,HD 110067,TIC 347332255,0.798,0.042,-0.042,8.419,0.002,-0.002,6.492,0.018,-0.018,0.2163,0.0026,-0.0026,,,
Kepler-58 d,Kepler-58,TIC 184471242,1.024,0.024,-0.027,15.086,0.092,-0.092,13.283,0.032,-0.032,0.236,,,0.0,,
Kepler-128 c,Kepler-128,TIC 123490545,1.184,0.074,-0.074,11.693,0.018,-0.018,10.109,0.011,-0.011,0.16517,0.00273,-0.00273,0.037,0.026,-0.03
Kepler-1849 b,Kepler-1849,TIC 399821807,0.709,0.08,-0.058,15.997,0.172,-0.172,13.418,0.042,-0.042,0.2597,,,0.0,,
Kepler-316 c,Kepler-316,TIC 159522175,0.587,0.014,-0.014,15.81,0.069,-0.069,12.542,0.02,-0.02,0.058,,,0.0,,
Kepler-54 d,Kepler-54,TIC 271262203,0.518,0.013,-0.013,16.282,0.423,-0.423,12.648,0.021,-0.021,0.126,,,0.0,,
Kepler-1001 b,Kepler-1001,TIC 405719252,0.9,0.043,-0.045,15.582,0.126,-0.126,13.662,0.043,-0.043,0.11147,0.00086,-0.00086,0.0,,
Kepler-192 b,Kepler-192,TIC 158626833,1.028,0.034,-0.032,14.308,0.183,-0.183,12.427,0.021,-0.021,0.09,,,0.0,,
Kepler-1075 b,Kepler-1075,TIC 158489841,0.56,0.03,-0.029,15.909,0.137,-0.137,12.415,0.016,-0.016,0.0208,,,0.0,,
HD 190647 b,HD 190647,TIC 48777312,1.069,0.027,-0.027,7.78,0.03,-0.03,6.161,0.038,-0.038,2.231,0.019,-0.019,0.224,0.014,-0.014
Kepler-1376 b,Kepler-1376,TIC 158386680,0.98,0.045,-0.045,14.792,0.195,-0.195,13.072,0.03,-0.03,0.0598,,,0.0,,
Kepler-127 b,Kepler-127,TIC 164881786,1.248,0.014,-0.022,11.746,0.022,-0.022,10.234,0.019,-0.019,0.125,,,0.47,0.06,-0.39
K2-247 c,K2-247,TIC 110999033,0.74,0.03,-0.03,14.857,0.217,-0.217,11.556,0.027,-0.027,0.0615,0.0008,-0.0008,,,
Kepler-1917 b,Kepler-1917,TIC 270857590,0.882,0.083,-0.102,15.474,0.24,-0.24,13.509,0.037,-0.037,0.103,,,0.0,,
Kepler-1146 b,Kepler-1146,TIC 158322622,0.74,0.031,-0.039,15.953,0.126,-0.126,13.518,0.038,-0.038,0.0325,,,0.0,,
Kepler-373 b,Kepler-373,TIC 299218776,0.981,0.028,-0.025,14.596,0.126,-0.126,12.859,0.032,-0.032,0.06,,,0.0,,
Kepler-282 e,Kepler-282,TIC 164779321,0.97,0.1,-0.12,15.444,0.263,-0.263,13.65,0.046,-0.046,0.23332,0.00133,-0.00133,0.0,,
Kepler-1807 b,Kepler-1807,TIC 159763602,1.087,0.174,-0.139,14.127,0.069,-0.069,12.577,0.021,-0.021,0.0988,,,0.0,,
Kepler-1113 b,Kepler-1113,TIC 122062725,1.12,0.133,-0.073,14.943,0.183,-0.183,13.191,0.041,-0.041,0.2415,,,0.0,,
TOI-269 b,TOI-269,TIC 220479565,0.3917,0.0095,-0.0095,14.37,0.114,-0.114,10.1,0.023,-0.023,0.0345,0.0015,-0.0015,0.425,0.082,-0.086
TOI-1823 b,TOI-1823,TIC 142381532,0.8414,0.0259,-0.0278,10.728,0.01,-0.01,8.332,0.014,-0.014,0.212,0.004,-0.004,0.0,,
Kepler-1540 b,Kepler-1540,TIC 237158408,0.74,0.03,-0.044,14.429,0.08,-0.08,11.519,0.023,-0.023,0.4426,,,0.0,,
K2-345 b,K2-345,TIC 238608004,0.56,0.01,-0.01,15.72,0.2,-0.2,11.46,0.021,-0.021,,,,,,
TOI-2076 c,TOI-2076,TIC 27491137,0.8557,0.0201,-0.0212,9.139,0.002,-0.002,7.115,0.017,-0.017,0.142,0.003,-0.003,0.0,,
Kepler-1907 c,Kepler-1907,TIC 123130285,0.752,0.106,-0.057,13.989,0.16,-0.16,11.726,0.011,-0.011,0.10371,0.00099,-0.00099,0.0,,
Kepler-1969 b,Kepler-1969,TIC 27240575,1.111,0.13,-0.159,15.851,0.092,-0.092,14.235,0.078,-0.078,0.0717,,,0.0,,
TOI-6223 b,TOI-6223,TIC 288144647,0.582,0.027,-0.027,14.22,0.103,-0.103,10.689,0.021,-0.021,0.04018,0.00061,-0.00062,,,
HIP 78530 b,HIP 78530,TIC 1259690584,2.5,,,7.1691,0.0459,-0.0459,6.903,0.02,,740.0,60.0,-60.0,,,
Kepler-1491 b,Kepler-1491,TIC 270617233,1.0,0.049,-0.051,15.796,0.149,-0.149,13.949,0.057,-0.057,0.127,,,0.0,,
TOI-132 b,TOI-132,TIC 89020549,0.97,0.06,-0.06,11.197,0.013,-0.013,9.646,0.023,-0.023,0.026,0.002,-0.003,0.059,0.05,-0.037
Kepler-115 b,Kepler-115,TIC 273383120,1.042,0.03,-0.034,13.545,0.069,-0.069,11.97,0.019,-0.019,0.036,,,0.0,,
Kepler-158 c,Kepler-158,TIC 120103325,0.655,0.015,-0.015,14.743,0.126,-0.126,12.057,0.021,-0.021,0.158,,,0.0,,
K2-80 d,K2-80,TIC 242961495,0.913111,0.020845,-0.024425,12.694,0.092,-0.092,10.313,0.017,-0.017,,,,,,
Kepler-116 b,Kepler-116,TIC 271260980,1.198,0.019,-0.029,13.744,0.103,-0.103,12.383,0.022,-0.022,0.069,,,0.0,,
Kepler-1311 c,Kepler-1311,TIC 159106207,1.05,0.083,-0.058,13.528,0.069,-0.069,11.825,0.013,-0.013,0.03753,0.00027,-0.00027,0.0,,
HATS-45 b,HATS-45,TIC 4616072,1.272,0.048,-0.048,13.325,0.103,-0.103,12.137,0.021,-0.021,0.05511,0.00069,-0.00069,0.24,,
EPIC 228836835 b,EPIC 228836835,TIC 51641442,0.418179,0.020881,-0.020881,16.77,0.2,-0.2,12.02,0.027,-0.027,,,,,,
Kepler-251 c,Kepler-251,TIC 272489533,0.891,0.019,-0.027,15.541,0.275,-0.275,13.632,0.042,-0.042,0.122,,,0.0,,
Kepler-195 c,Kepler-195,TIC 298837729,0.867,0.017,-0.027,14.863,0.114,-0.114,12.959,0.029,-0.029,0.197,,,0.0,,
HD 135625 b,HD 135625,TIC 143713715,1.28,0.06,-0.06,7.72,0.03,-0.03,6.29,0.031,-0.031,5.4,0.1,-0.1,0.16,0.04,-0.03
TOI-451 d,TOI-451,TIC 257605131,0.95,0.02,-0.02,10.939,0.008,-0.008,9.19,0.023,-0.023,0.1208,0.0048,-0.0052,0.0,,
Kepler-1410 b,Kepler-1410,TIC 122450207,0.63,0.036,-0.039,16.319,0.115,-0.115,12.767,0.037,-0.037,0.2543,0.0043,-0.0038,0.0,,
TOI-5205 b,TOI-5205,TIC 419411415,0.392,0.015,-0.015,15.899,1.03,-1.03,11.006,0.023,-0.023,0.0199,0.0002,-0.0002,0.02,0.02,-0.014
HD 216520 b,HD 216520,TIC 264899051,0.82,0.04,-0.04,7.53,0.03,-0.03,5.449,0.021,-0.021,0.198,0.0004,-0.0004,0.09,0.06,-0.06
Kepler-573 b,Kepler-573,TIC 416266820,0.99,0.032,-0.036,14.292,0.092,-0.092,12.636,0.032,-0.032,0.14527,0.00059,-0.00059,0.0,,
Kepler-1295 b,Kepler-1295,TIC 159723041,0.92,0.042,-0.045,16.227,0.195,-0.195,14.092,0.051,-0.051,0.0464,,,0.0,,
TOI-1860 b,TOI-1860,TIC 202426247,0.99,0.03,-0.03,8.4,0.03,-0.03,6.792,0.021,-0.021,0.0204,0.0002,-0.0002,,,
K2-46 b,K2-46,TIC 49430892,0.96,0.02,-0.02,12.144,0.069,-0.069,10.781,0.024,-0.024,0.13821,0.00096,-0.00096,,,
Kepler-1980 b,Kepler-1980,TIC 139036617,1.049,0.059,-0.073,15.906,0.092,-0.092,13.81,0.052,-0.052,0.2049,,,0.0,,
GJ 900 b,GJ 900 A,TIC 422618003,1.08,,,9.59,0.1,-0.1,6.044,0.018,-0.018,12000.0,,,,,
Kepler-200 c,Kepler-200,TIC 120252452,0.972,0.031,-0.034,13.932,0.103,-0.103,12.455,0.021,-0.021,0.09,,,0.0,,
TOI-500 d,TOI-500,TIC 134200185,0.74,0.017,-0.017,10.54,0.03,-0.03,7.715,0.026,-0.026,,,,0.016,0.017,-0.011
Kepler-817 b,Kepler-817,TIC 184299435,1.03,0.117,-0.082,15.967,0.092,-0.092,13.954,0.063,-0.063,0.0493,,,0.0,,
WASP-177 b,WASP-177,TIC 439842788,0.876,0.038,-0.038,12.312,0.08,-0.08,10.163,0.023,-0.023,0.03957,0.00058,-0.00058,,,
Kepler-305 e,Kepler-305,TIC 171879024,0.82,,,15.851,0.263,-0.263,13.702,0.042,-0.042,0.04017,0.00036,-0.00036,0.0,,
HD 331093 b,HD 331093,TIC 71528173,1.03,0.079,-0.079,8.38,0.03,-0.03,6.649,0.018,-0.018,1.44,0.07,-0.07,0.59,0.03,-0.03
TOI-5301 b,TOI-5301,TIC 58825110,1.483,0.081,-0.14,11.738,0.069,-0.069,10.336,0.02,-0.02,0.073,0.0011,-0.0011,0.33,0.11,-0.1
Kepler-1121 b,Kepler-1121,TIC 28230581,1.29,0.13,-0.091,12.144,0.069,-0.069,10.795,0.021,-0.021,0.11818,0.00053,-0.00053,0.0,,
WASP-38 b,WASP-38,TIC 318696424,1.76,0.28,-0.28,9.391,0.003,-0.003,7.998,0.04,-0.04,0.07522,0.00074,-0.00075,0.03,0.0,0.0
Kepler-124 c,Kepler-124,TIC 399860218,0.706,0.01,-0.006,14.4,0.126,-0.126,12.233,0.026,-0.026,0.1,,,0.0,,
Kepler-446 b,Kepler-446,TIC 123417850,0.22,0.05,-0.05,17.5041,0.0472,-0.0472,12.827,0.024,-0.024,0.0182,,,0.0,,
Kepler-1952 b,Kepler-1952,TIC 158635959,0.922,0.074,-0.067,13.828,0.092,-0.092,12.204,0.019,-0.019,0.1724,,,0.0,,
Kepler-916 b,Kepler-916,TIC 159581842,0.85,0.042,-0.047,15.363,0.046,-0.046,13.305,0.029,-0.029,0.1885,,,0.0,,
Kepler-242 c,Kepler-242,TIC 120899945,0.748,0.017,-0.021,15.489,0.092,-0.092,13.238,0.033,-0.033,0.109,,,0.0,,
HD 39194 b,HD 39194,TIC 389506883,0.67,0.04,-0.04,8.09,0.03,-0.03,6.094,0.02,-0.02,0.056,0.001,-0.001,0.207,,
Kepler-1198 b,Kepler-1198,TIC 158843826,0.93,0.043,-0.05,14.986,0.126,-0.126,13.012,0.027,-0.027,0.0732,,,0.0,,
K2-289 b,K2-289,TIC 413753029,0.953,0.037,-0.051,14.81,0.229,-0.229,10.641,0.021,-0.021,0.107,0.001,-0.001,,,
GJ 1002 b,GJ 1002,TIC 176287658,0.12,0.01,-0.01,13.76,0.02,,7.439,0.021,-0.021,0.0457,0.0013,-0.0013,,,
Kepler-657 b,Kepler-657,TIC 159643991,1.01,0.055,-0.057,15.404,0.15,-0.15,13.761,,,0.17337,0.00164,-0.00164,0.0,,
TOI-2046 b,TOI-2046,TIC 468574941,1.13,0.19,-0.19,11.552,0.018,-0.018,10.094,0.023,-0.023,,,,,,
Kepler-315 c,Kepler-315,TIC 273694712,0.831,0.02,-0.014,15.546,0.115,-0.115,13.581,0.041,-0.041,0.791,,,0.0,,
Kepler-359 d,Kepler-359,TIC 275568400,0.827,0.03,-0.029,15.805,0.549,-0.549,14.487,0.119,-0.119,0.372,,,0.0,,
Kepler-341 d,Kepler-341,TIC 159179987,0.976,0.03,-0.029,14.739,0.137,-0.137,12.994,0.026,-0.026,0.182,,,0.0,,
K2-320 b,K2-320,TIC 281748980,0.117,0.011,-0.011,17.81,0.2,-0.2,12.508,0.023,-0.023,0.0142,0.0026,-0.003,,,
Kepler-229 d,Kepler-229,TIC 399912169,0.808,0.017,-0.021,16.22,0.024,-0.024,13.785,0.054,-0.054,0.22,,,0.0,,
K2-229 b,K2-229,TIC 98720809,0.87,0.01,-0.01,10.985,0.017,-0.017,9.05,0.023,-0.023,0.0131,0.0,0.0,0.0,,
K2-19 c,K2-19,TIC 281885301,0.88,0.03,-0.03,13.024,0.092,-0.092,11.161,0.026,-0.026,0.0971,0.0016,-0.0016,0.21,0.03,-0.03
KOI-351 d,KOI-351,TIC 267667295,1.2,0.1,-0.1,13.883,0.069,-0.069,12.482,0.024,-0.024,0.32,0.05,-0.05,0.0,,
KOI-351 b,KOI-351,TIC 267667295,1.2,0.1,-0.1,13.883,0.069,-0.069,12.482,0.024,-0.024,0.074,0.016,-0.016,0.0,,
HD 224018 c,HD 224018,TIC 248608315,1.013,0.069,-0.061,9.715,0.005,-0.005,8.145001,0.027,-0.027,0.217,0.005,-0.005,0.02,0.02,-0.02
K2-245 b,K2-245,TIC 147677253,0.83,0.02,-0.01,12.755,0.08,-0.08,11.158,0.023,-0.023,0.0959,0.0006,-0.0006,,,
Kepler-65 b,Kepler-65,TIC 121731834,1.25,0.06,-0.06,10.922,0.008,-0.008,9.806,0.017,-0.017,0.035,0.002,-0.001,0.028,0.031,-0.02
Kepler-1253 b,Kepler-1253,TIC 164557694,0.97,0.062,-0.057,12.588,0.172,-0.172,11.016,0.017,-0.017,0.31444,0.0019,-0.0019,0.0,,
KMT-2023-BLG-0735L b,KMT-2023-BLG-0735L,,0.61,0.34,-0.34,,,,,,,2.96,0.56,-0.74,,,
TOI-1693 b,TOI-1693,TIC 353475866,0.49,0.03,-0.03,12.962,0.069,-0.069,8.331,0.021,-0.021,0.0226,0.0004,-0.0004,,,
KMT-2017-BLG-0165L b,KMT-2017-BLG-0165L,,0.76,0.34,-0.27,,,,,,,3.45,0.98,-0.95,,,
Kepler-1993 b,Kepler-1993,TIC 270700335,1.373,0.205,-0.512,13.451,0.114,-0.114,11.136,0.016,-0.016,0.1943,,,0.0,,
Kepler-207 b,Kepler-207,TIC 159217436,1.313,0.025,-0.028,13.164,0.103,-0.103,11.805,0.016,-0.016,0.029,,,0.0,,
Kepler-163 b,Kepler-163,TIC 271355638,0.882,0.065,-0.032,14.467,0.08,-0.08,12.784,0.027,-0.027,0.078,,,0.0,,
BD+15 2375 b,BD+15 2375,TIC 82604982,1.08,0.14,-0.14,10.41,0.01,-0.01,7.718,0.017,-0.017,0.576,0.027,-0.027,0.001,0.25,-0.001
OGLE-2014-BLG-0221L b,OGLE-2014-BLG-0221L,,0.69,0.26,-0.3,,,,,,,3.76,0.96,-1.07,,,
Kepler-1246 b,Kepler-1246,TIC 298785034,0.73,0.031,-0.044,15.27,0.137,-0.137,12.59,0.031,-0.031,0.0848,,,0.0,,
K2-49 b,K2-49,TIC 325335564,0.51,0.14,-0.14,15.668,0.084,-0.084,12.729,0.03,-0.03,0.0309,0.0029,-0.0029,,,
GJ 676 A e,GJ 676 A,TIC 369021303,0.626,0.063,-0.063,9.58,0.1,-0.1,5.825,0.029,-0.029,0.181,0.006,-0.006,0.152,0.086,-0.06
Kepler-37 e,Kepler-37,TIC 164652245,0.8,,,9.770001,0.004,-0.004,7.942,0.013,-0.013,0.25,,,0.0,,
Kepler-1749 b,Kepler-1749,TIC 159389232,0.551,0.035,-0.035,14.95,0.183,-0.183,11.809,0.013,-0.013,0.0956,,,0.0,,
Kepler-245 b,Kepler-245,TIC 63004906,0.856,0.02,-0.026,15.546,0.252,-0.252,13.639,0.053,-0.053,0.071,,,0.0,,
HIP 57274 c,HIP 57274,TIC 5078530,0.73,0.05,-0.05,8.97,0.03,-0.03,6.286,0.021,-0.021,0.178,,,0.05,0.02,-0.02
TOI-431 d,TOI-431,TIC 31374837,0.78,0.07,-0.07,9.12,0.03,-0.03,6.723,0.021,-0.021,0.098,0.002,-0.002,0.0,,
Kepler-999 b,Kepler-999,TIC 269032792,1.29,0.158,-0.118,12.364,0.069,-0.069,10.916,0.02,-0.02,0.06918,0.00055,-0.00055,0.0,,
Kepler-291 c,Kepler-291,TIC 158631683,1.023,0.031,-0.031,16.218,0.103,-0.103,14.15,0.058,-0.058,0.065,,,0.0,,
Kepler-83 d,Kepler-83,TIC 123416515,0.58,0.029,-0.031,16.145,0.217,-0.217,12.947,0.024,-0.024,0.051,,,0.0,,
TOI-2128 b,TOI-2128,TIC 21832928,1.0251,0.0381,-0.0375,7.22142,0.023,-0.023,5.821,0.034,-0.034,0.127,0.003,-0.003,0.0,,
Kepler-381 d,Kepler-381,TIC 164884235,1.198,0.144,-0.159,10.47,0.006,-0.006,9.504,0.014,-0.014,0.08364,0.00079,-0.00079,0.0,,
Kepler-1048 b,Kepler-1048,TIC 123408693,0.75,0.03,-0.039,15.138,0.126,-0.126,12.447,0.016,-0.016,0.059,,,0.0,,
Kepler-1422 b,Kepler-1422,TIC 27009720,1.15,0.091,-0.077,15.741,0.161,-0.161,14.352,0.089,-0.089,0.1499,,,0.0,,
KMT-2019-BLG-1953L b,KMT-2019-BLG-1953L,,0.31,0.37,-0.17,,,,,,,,,,,,
Kepler-148 b,Kepler-148,TIC 159171904,0.86,0.038,-0.044,15.398,0.08,-0.08,13.359,0.031,-0.031,0.028,,,0.0,,
HD 73256 c,HD 73256,TIC 11665403,1.0,0.05,-0.05,8.08,0.03,-0.03,6.264,0.023,-0.023,3.8,0.1,-0.1,0.16,0.07,-0.07
Kepler-971 b,Kepler-971,TIC 120105003,0.88,0.045,-0.057,13.483,0.08,-0.08,11.422,0.022,-0.022,0.08679,0.00048,-0.00048,0.0,,
Kepler-1927 b,Kepler-1927,TIC 184427149,1.408,0.151,-0.226,13.312,0.103,-0.103,11.826,0.018,-0.018,0.38733,0.00438,-0.00438,0.0,,
Kepler-57 c,Kepler-57,TIC 270615136,0.859,0.049,-0.049,15.017,0.126,-0.126,12.897,0.028,-0.028,0.09588,0.00095,-0.00095,0.0725,0.007,-0.0062
Kepler-1093 c,Kepler-1093,TIC 120420344,1.13,0.136,-0.088,13.781,0.08,-0.08,12.484,0.031,-0.031,0.41037,0.00412,-0.00412,0.0,,
K2-323 b,K2-323,TIC 392852196,0.478,0.089,-0.089,14.935,0.114,-0.114,10.789,0.021,-0.021,0.1275,0.0055,-0.0072,,,
Kepler-165 b,Kepler-165,TIC 123129877,0.746,0.028,-0.023,15.05,0.003,-0.003,12.843,0.021,-0.021,0.072,,,0.0,,
HD 213519 b,HD 213519,TIC 200215494,1.05,0.133,-0.133,7.68,0.03,-0.03,6.14,0.018,-0.018,0.099,0.004,-0.004,0.413,0.172,-0.144
Kepler-164 c,Kepler-164,TIC 158561894,1.036,0.031,-0.034,14.379,0.08,-0.08,12.935,0.024,-0.024,0.097,,,0.0,,
Kepler-229 c,Kepler-229,TIC 399912169,0.808,0.017,-0.021,16.22,0.024,-0.024,13.785,0.054,-0.054,0.117,,,0.0,,
WTS-2 b,WTS-2,TIC 138359318,0.82,0.082,-0.082,15.954,0.183,-0.183,13.414,0.039,-0.039,0.01855,0.00062,-0.00062,0.0,,
K2-242 b,K2-242,TIC 152701771,0.38,0.01,-0.01,16.414,0.309,-0.309,11.777,0.024,-0.024,0.0494,0.0004,-0.0004,,,
Kepler-1756 b,Kepler-1756,TIC 377910183,0.781,0.051,-0.025,15.736,0.183,-0.183,13.452,0.044,-0.044,0.0319,,,0.0,,
EPIC 206042996 c,EPIC 206042996,TIC 12785571,0.565,0.053,-0.053,16.59,1.133,-1.133,13.071,0.033,-0.033,,,,,,
Kepler-857 b,Kepler-857,TIC 271158887,0.99,0.075,-0.066,15.167,0.126,-0.126,13.403,0.037,-0.037,0.3751,,,0.0,,
HD 176986 b,HD 176986,TIC 39554091,0.789,0.019,-0.019,8.42,0.03,-0.03,6.22,0.031,-0.031,0.06296,0.00013,-0.00013,0.066,0.066,-0.066
Kepler-1740 b,Kepler-1740,TIC 138479461,0.943,0.052,-0.063,15.454,0.195,-0.195,13.695,0.048,-0.048,0.0779,,,0.0,,
Kepler-713 b,Kepler-713,TIC 271762145,0.98,0.111,-0.077,15.171,0.103,-0.103,13.3,0.035,-0.035,0.0748,,,0.0,,
HD 67087 c,HD 67087,TIC 165796397,1.36,0.04,-0.04,8.05,0.03,-0.03,6.866,0.018,-0.018,3.86,0.43,-0.37,0.76,0.17,-0.24
CoRoT-35 b,CoRoT-35,TIC 161062394,1.01,0.07,-0.06,15.635,0.229,-0.229,12.935,0.029,-0.029,0.0429,0.00092,-0.00092,0.0,,
Kepler-1127 b,Kepler-1127,TIC 275569511,0.97,0.045,-0.052,15.162,0.069,-0.069,13.463,0.051,-0.051,0.0556,,,0.0,,
Kepler-616 c,Kepler-616,TIC 271355361,0.98,0.058,-0.054,15.021,0.058,-0.058,13.448,0.044,-0.044,0.4024,,,0.0,,
OGLE-2019-BLG-1492L b,OGLE-2019-BLG-1492L,,0.68,0.34,-0.34,,,,,,,2.7,0.9,-0.9,,,
MOA-bin-1L b,MOA-bin-1L,,0.75,0.33,-0.41,,,,,,,8.3,4.5,-2.7,,,
Kepler-1284 b,Kepler-1284,TIC 159726546,0.84,0.04,-0.044,15.912,0.126,-0.126,13.572,0.033,-0.033,0.0143,,,0.0,,
HD 4760 b,HD 4760,TIC 405337087,1.05,0.19,-0.19,7.51,0.03,-0.03,3.993,0.027,-0.027,1.14,0.08,-0.08,0.23,0.09,-0.06
Kepler-649 b,Kepler-649,TIC 352012975,0.97,0.042,-0.046,13.556,0.114,-0.114,12.036,0.019,-0.019,0.17522,0.00123,-0.00123,0.0,,
Kepler-1770 b,Kepler-1770,TIC 268603980,0.941,0.104,-0.085,14.418,0.092,-0.092,12.577,0.031,-0.031,0.1261,,,0.0,,
HD 99492 b,HD 99492,TIC 363549734,0.85,0.02,-0.02,7.56727,0.023,-0.023,5.256,0.017,-0.017,0.12,0.0,0.0,0.034,0.025,-0.021
Kepler-210 c,Kepler-210,TIC 63283780,0.77,0.017,-0.019,14.126,0.137,-0.137,11.313,0.016,-0.016,0.07,,,0.0,,
Kepler-122 c,Kepler-122,TIC 122714267,0.982,0.028,-0.029,14.403,0.126,-0.126,12.826,0.028,-0.028,0.108,,,0.0,,
Kepler-231 c,Kepler-231,TIC 27006192,0.58,0.014,-0.014,15.813,0.057,-0.057,12.589,0.026,-0.026,0.114,,,0.0,,
Kepler-245 d,Kepler-245,TIC 63004906,0.856,0.02,-0.026,15.546,0.252,-0.252,13.639,0.053,-0.053,0.202,,,0.0,,
Kepler-49 c,Kepler-49,TIC 137555411,0.607,0.014,-0.014,15.655,0.046,-0.046,12.383,0.023,-0.023,0.07821,0.003,-0.003,0.008,0.023,-0.005
Kepler-1174 b,Kepler-1174,TIC 123408863,1.04,0.068,-0.073,14.271,0.149,-0.149,12.762,0.019,-0.019,0.0732,,,0.0,,
Kepler-178 b,Kepler-178,TIC 158394235,0.852,0.03,-0.026,14.876,0.195,-0.195,12.899,0.024,-0.024,0.085,,,0.0,,
Kepler-373 c,Kepler-373,TIC 299218776,0.981,0.028,-0.025,14.596,0.126,-0.126,12.859,0.032,-0.032,0.126,,,0.0,,
KOI-3503 c,KOI-3503,TIC 138097784,0.858,0.022,-0.019,13.831,0.114,-0.114,12.483,0.026,-0.026,0.18688,0.00147,-0.00147,0.0,,
OGLE-2006-BLG-284L A b,OGLE-2006-BLG-284L A,,0.35,0.3,-0.2,,,,,,,2.17,0.78,-0.78,,,
TOI-1260 c,TOI-1260,TIC 355867695,0.679,0.095,-0.057,11.922,0.034,-0.034,8.95,0.022,-0.022,0.0657,0.002,-0.002,0.0,,
TOI-3235 b,TOI-3235,TIC 243641947,0.3939,0.02,-0.02,15.16,0.2,-0.2,10.819,0.021,-0.021,0.02709,0.00046,-0.00046,0.029,,
Kepler-786 b,Kepler-786,TIC 138366498,0.81,0.021,-0.025,15.253,0.16,-0.16,12.706,0.029,-0.029,0.25483,0.00186,-0.00186,0.0,,
HATS-16 b,HATS-16,TIC 77044471,0.97,0.035,-0.035,13.957,0.103,-0.103,12.28,0.021,-0.021,0.03744,0.00045,-0.00045,0.0,,
Kepler-1291 b,Kepler-1291,TIC 122063936,0.84,0.043,-0.046,16.261,0.126,-0.126,13.893,0.054,-0.054,0.0779,,,0.0,,
Kepler-829 b,Kepler-829,TIC 123451768,0.98,0.048,-0.055,14.973,0.092,-0.092,13.29,0.03,-0.03,0.0678,,,0.0,,
TOI-5143 c,TOI-5143,TIC 281837575,0.864,0.04,-0.033,11.935,0.029,-0.029,9.98,0.019,-0.019,0.05602,0.00082,-0.00079,,,
TOI-1136 c,TOI-1136,TIC 142276270,1.022,0.027,-0.027,9.534,0.003,-0.003,8.034,0.021,-0.021,0.0669,0.0005,-0.0005,0.11,0.01,-0.01
TOI-908 b,TOI-908,TIC 350153977,0.95,0.01,-0.01,11.316,0.012,-0.012,9.637,0.021,-0.021,0.041657,2e-06,-2e-06,0.132,0.091,-0.091
WASP-90 b,WASP-90,TIC 459730973,1.55,0.1,-0.1,11.618,0.034,-0.034,10.248,0.023,-0.023,0.0562,0.0012,-0.0012,0.0,,
Kepler-1374 b,Kepler-1374,TIC 159722311,0.85,0.046,-0.056,15.991,0.08,-0.08,14.129,0.055,-0.055,0.0918,,,0.0,,
Kepler-337 c,Kepler-337,TIC 159226052,1.081,0.021,-0.019,12.799,0.057,-0.057,11.183,0.016,-0.016,0.093,,,0.0,,
OGLE-2018-BLG-1119L b,OGLE-2018-BLG-1119L,,0.48,0.35,-0.28,,,,,,,4.06,2.14,-2.58,,,
K2-59 b,K2-59,TIC 188570847,0.774,0.073,-0.073,14.266,0.114,-0.114,11.838,0.023,-0.023,0.1354,0.0043,-0.0043,,,
HD 179079 b,HD 179079,TIC 48917782,1.14,0.19,-0.19,7.95,0.03,-0.03,6.311,0.026,-0.026,0.1214,0.0068,-0.0068,0.049,0.087,-0.087
K2-396 c,K2-396,TIC 59088823,0.954,0.429,-0.293,13.32,0.069,-0.069,10.811,0.02,-0.02,,,,,,
Kepler-349 c,Kepler-349,TIC 270615037,1.083,0.015,-0.027,14.915,0.103,-0.103,13.176,0.032,-0.032,0.105,,,0.0,,
GJ 480 b,GJ 480,TIC 399119319,0.45,0.02,-0.02,11.49,0.1,-0.1,6.691,0.036,-0.036,0.068,0.001,-0.001,0.1,0.07,-0.07
TOI-1438 b,TOI-1438,TIC 229650439,0.876,0.038,-0.038,10.957,0.014,-0.014,9.09,0.02,-0.02,0.0553,0.0015,-0.0015,0.0,,
HATS-64 b,HATS-64,TIC 189625051,1.564,0.028,-0.028,13.045,0.114,-0.114,11.705,0.021,-0.021,0.06562,0.00039,-0.00039,0.151,,
K2-18 b,K2-18,TIC 388804061,0.359,0.047,-0.047,13.477,0.042,-0.042,8.899,0.019,-0.019,0.1429,0.006,-0.0065,0.2,0.08,-0.08
WASP-163 b,WASP-163,TIC 145368316,0.97,0.15,-0.15,12.663,0.08,-0.08,10.147,0.021,-0.021,0.0266,0.0014,-0.0014,,,
HATS-58 A b,HATS-58 A,TIC 21113347,1.461,0.043,-0.043,11.572,0.046,-0.046,10.289,0.023,-0.023,0.05798,0.00057,-0.00057,0.168,,
HAT-P-60 b,HAT-P-60,TIC 354469661,1.435,0.012,-0.012,9.727,0.004,-0.004,8.368,0.031,-0.031,0.06277,0.00017,-0.00017,0.25,,
TOI-672 b,TOI-672,TIC 151825527,0.5399,0.0204,-0.0204,13.576,0.026,-0.026,9.507,0.024,-0.024,,,,,,
TOI-3980 b,TOI-3980,TIC 312548829,1.24,0.08,-0.13,12.549,0.046,-0.046,10.741,0.023,-0.023,0.0494,0.001,-0.0018,0.16,,
TOI-4559 b,TOI-4559,TIC 271169413,0.392,0.027,-0.026,13.115,0.006,-0.006,8.619,0.025,-0.025,0.0359,0.0008,-0.0008,,,
HIP 99770 b,HIP 99770,TIC 10988057,1.85,0.19,-0.19,4.94292,0.023,-0.023,4.422,0.017,-0.017,16.9,3.4,-1.9,0.25,0.14,-0.16
Kepler-62 d,Kepler-62,TIC 164458488,0.69,0.02,-0.02,13.965,0.092,-0.092,11.659,0.021,-0.021,0.12,0.001,-0.001,0.0,,
HD 11506 d,HD 11506,TIC 266680498,1.22,0.02,-0.02,7.51,0.03,-0.03,6.168,0.017,-0.017,18.2,0.06,-0.09,0.29,0.02,-0.03
Kepler-1690 b,Kepler-1690,TIC 121462999,0.94,,,14.882,0.114,-0.114,12.905,0.024,-0.024,0.7097,,,0.0,,
TOI-2669 b,TOI-2669,TIC 348835438,1.19,0.16,-0.16,10.916,0.015,-0.015,8.492,0.023,-0.023,,,,0.09,0.05,-0.05
WASP-98 b,WASP-98,TIC 166833457,0.809,0.064,-0.064,13.252,0.069,-0.069,11.284,0.023,-0.023,0.03762,0.001,-0.001,0.0,,
Kepler-284 b,Kepler-284,TIC 275486985,0.766,0.026,-0.026,15.944,0.252,-0.252,14.079,0.085,-0.085,0.104,,,0.0,,
TOI-561 b,TOI-561,TIC 377064495,0.806,0.036,-0.036,10.252,0.006,-0.006,8.394,0.019,-0.019,0.01064,0.00016,-0.00016,0.0,,
Kepler-1564 b,Kepler-1564,TIC 159395366,0.93,0.04,-0.048,15.124,0.286,-0.286,13.283,0.029,-0.029,0.1327,,,0.0,,
HATS-18 b,HATS-18,TIC 14614418,1.037,0.047,-0.047,14.188,0.08,-0.08,12.289,0.028,-0.028,0.0174,0.00098,-0.00098,0.166,,
HD 63433 b,HD 63433,TIC 130181866,0.9883,0.0212,-0.0273,6.92035,0.023,-0.023,5.258,0.016,-0.016,0.072,0.001,-0.001,0.0,,
Kepler-1139 b,Kepler-1139,TIC 121458495,0.94,0.044,-0.05,14.229,0.16,-0.16,12.339,0.023,-0.023,0.01664,4e-05,-4e-05,0.0,,
Kepler-84 e,Kepler-84,TIC 170646917,1.06,0.057,-0.06,14.92,0.092,-0.092,13.193,0.026,-0.026,0.181,,,0.0,,
NGTS-27 b,NGTS-27,TIC 305739565,1.07,0.06,-0.06,13.523,0.149,-0.149,11.859,0.028,-0.028,0.0446,0.0026,-0.0036,0.0,,
EPIC 206215704 b,EPIC 206215704,TIC 38355468,0.407,0.095,-0.079,17.83,0.2,-0.2,12.767,0.029,-0.029,,,,,,
Kepler-114 d,Kepler-114,TIC 27011135,0.56,0.06,-0.06,13.961,0.103,-0.103,11.366,0.022,-0.022,0.08358,0.00303,-0.00303,0.0,,
Kepler-982 b,Kepler-982,TIC 158730203,1.16,0.069,-0.05,13.099,0.069,-0.069,11.895,0.011,-0.011,0.1277,0.00141,-0.00141,0.0,,
K2-293 b,K2-293,TIC 49679172,0.958,0.036,-0.034,13.44,0.16,-0.16,11.544,0.023,-0.023,,,,,,
Kepler-168 c,Kepler-168,TIC 378087276,1.113,0.069,-0.085,14.842,0.126,-0.126,13.206,0.037,-0.037,0.116,,,0.0,,
TOI-1450 A c,TOI-1450 A,TIC 377293776,0.48,0.024,-0.024,12.28,0.2,-0.2,7.565,0.017,-0.017,,,,,,
TOI-1670 c,TOI-1670,TIC 441739020,1.21,0.02,-0.02,9.889,0.004,-0.004,8.724,0.018,-0.018,0.249,0.005,-0.005,0.09,0.05,-0.04
Kepler-1157 b,Kepler-1157,TIC 164460347,0.76,0.029,-0.038,14.603,0.24,-0.24,12.015,0.023,-0.023,0.0448,,,0.0,,
HD 2638 b,HD 2638,TIC 244178536,0.77,0.09,-0.09,9.44,0.03,-0.03,7.308,0.023,-0.023,0.04,0.0,0.0,0.0,,
HD 94834 b,HD 94834,TIC 138764379,1.11,,,7.6,0.03,-0.03,5.2,0.017,-0.017,2.74,0.18,-0.18,0.14,0.1,-0.1
Kepler-239 c,Kepler-239,TIC 138641300,0.757,0.019,-0.019,15.252,0.115,-0.115,13.133,0.035,-0.035,0.268,,,0.0,,
K2-16 c,K2-16,TIC 281886199,0.68,0.03,-0.03,14.668,0.137,-0.137,12.087,0.023,-0.023,0.1229,0.0021,-0.0021,,,
NGTS-4 b,NGTS-4,TIC 143143769,0.75,0.02,-0.02,13.138,0.046,-0.046,11.073,0.022,-0.022,0.019,0.005,-0.005,0.0,,
BD+05 4868 A b,BD+05 4868 A,TIC 466376085,0.7,0.02,-0.02,10.158,0.01,-0.01,7.448,0.026,-0.026,0.0208,0.0003,-0.0003,,,
HD 185283 b,HD 185283,TIC 320264344,0.8,0.04,-0.04,9.03,0.03,-0.03,6.601,0.02,-0.02,4.6,0.2,-0.1,0.07,0.05,-0.04
Kepler-126 c,Kepler-126,TIC 159046962,1.108,0.029,-0.029,10.505,0.006,-0.006,9.344,0.011,-0.011,0.162,,,0.19,0.18,-0.19
Kepler-1627 b,Kepler-1627,TIC 120105470,0.87,0.048,-0.056,13.111,0.08,-0.08,11.194,0.018,-0.018,0.0643,,,0.0,,
Kepler-619 c,Kepler-619,TIC 417659212,1.09,0.072,-0.061,14.84,0.046,-0.046,13.291,0.037,-0.037,0.02216,0.00013,-0.00013,0.0,,
Kepler-1515 b,Kepler-1515,TIC 417660218,1.3,0.06,-0.054,12.1,0.029,-0.029,10.886,0.023,-0.023,0.75235,0.00439,-0.00439,0.0,,
GJ 357 b,GJ 357,TIC 413248763,0.342,0.011,-0.011,10.91,0.1,-0.1,6.475,0.017,-0.017,0.036,0.0004,-0.0004,,,
GJ 436 b,GJ 436,TIC 138819293,0.47,0.07,-0.07,10.67,0.1,-0.1,6.073,0.016,-0.016,0.0291,0.0015,-0.0015,0.13827,0.00018,-0.00018
Kepler-131 b,Kepler-131,TIC 121660708,1.02,0.06,-0.06,11.493,0.016,-0.016,10.079,0.017,-0.017,0.12789,0.00103,-0.00103,0.0,,
Kepler-271 d,Kepler-271,TIC 164414655,0.9,0.041,-0.045,13.578,0.16,-0.16,11.745,0.021,-0.021,0.05554,0.00068,-0.00068,0.0,,
HD 66428 c,HD 66428,TIC 73238215,1.01,0.132,-0.132,8.25,0.03,-0.03,6.66,0.021,-0.021,9.408,1.945,-1.267,0.207,0.097,-0.098
Kepler-1696 b,Kepler-1696,TIC 271755153,1.02,,,15.505,0.252,-0.252,13.969,0.058,-0.058,0.3244,,,0.0,,
K2-388 b,K2-388,TIC 49735922,0.93,0.04,-0.04,12.861,0.114,-0.114,10.931,0.021,-0.021,,,,,,
K2-389 c,K2-389,TIC 9030096,0.802,0.357,-0.246,11.827,0.046,-0.046,10.184,0.024,-0.024,,,,,,
TOI-2580 b,TOI-2580,TIC 102713734,1.33,0.08,-0.08,11.419,0.012,-0.012,9.877,0.02,-0.02,0.048,0.003,-0.003,0.08,0.04,-0.04
TOI-6054.02,TOI-6054,TIC 392681545,1.107,0.04,-0.04,8.020001,0.03,-0.03,6.673,0.024,-0.024,0.1079,0.0067,-0.0067,0.332,0.071,-0.082
Qatar-3 b,Qatar-3,TIC 291751373,1.145,0.064,-0.064,12.929,0.08,-0.08,11.219,0.022,-0.022,0.03783,0.00069,-0.00069,0.0,,
Kepler-808 b,Kepler-808,TIC 26417717,0.76,0.027,-0.05,14.519,0.103,-0.103,11.879,0.022,-0.022,0.01314,0.00013,-0.00013,0.0,,
TOI-286 c,TOI-286,TIC 150030205,0.832,0.049,-0.049,9.866,0.005,-0.005,7.851,0.033,-0.033,0.213,0.0042,-0.0042,0.0,,
HD 175167 b,HD 175167,TIC 467966544,1.09,0.04,-0.04,8.01,0.03,-0.03,6.288,0.018,-0.018,2.4,0.05,-0.05,0.51,0.035,-0.035
HD 11964 b,HD 11964,TIC 24978373,0.91,0.123927,-0.105744,6.41525,0.023,-0.023,4.491,0.02,-0.02,3.16,0.19,-0.19,0.041,0.047,-0.047
HD 215497 b,HD 215497,TIC 469943599,0.67,0.33,-0.33,8.96,0.03,-0.03,6.784,0.024,-0.024,0.05,0.0,0.0,0.16,0.09,-0.09
Kepler-100 c,Kepler-100,TIC 159654016,1.08,0.06,-0.06,11.055,0.011,-0.011,9.768,0.014,-0.014,0.11061,0.00173,-0.00173,0.02,0.15,-0.01
Kepler-101 c,Kepler-101,TIC 48304653,1.17,0.07,-0.05,13.7,0.069,-0.069,12.011,0.02,-0.02,0.0684,0.0014,-0.0014,0.0,,
Kepler-101 b,Kepler-101,TIC 48304653,1.17,0.07,-0.05,13.7,0.069,-0.069,12.011,0.02,-0.02,0.0474,0.001,-0.0008,0.086,0.08,-0.059
Kepler-383 c,Kepler-383,TIC 137150599,0.669,0.017,-0.017,15.473,0.172,-0.172,12.674,0.03,-0.03,0.172,,,0.0,,
Kepler-947 b,Kepler-947,TIC 271050878,0.9,0.053,-0.063,16.064,0.058,-0.058,13.972,0.054,-0.054,0.1773,,,0.0,,
Kepler-697 b,Kepler-697,TIC 120042965,0.92,0.05,-0.056,15.888,0.126,-0.126,13.785,0.042,-0.042,0.0471,,,0.0,,
K2-339 b,K2-339,TIC 175241633,0.74,0.04,-0.03,14.487,0.206,-0.206,12.173,0.023,-0.023,,,,,,
Kepler-454 d,Kepler-454,TIC 121276638,1.03,0.04,-0.03,11.567,0.021,-0.021,9.968,0.018,-0.018,5.1,0.34,-0.19,0.089,0.036,-0.027
Kepler-950 b,Kepler-950,TIC 121461701,1.02,0.068,-0.064,16.0,0.412,-0.412,14.139,0.062,-0.062,0.3982,,,0.0,,
HD 73526 b,HD 73526,TIC 180661948,1.14,0.15,-0.15,8.99,0.03,-0.03,7.302,0.026,-0.026,0.65,0.01,-0.01,0.19,0.05,-0.05
Kepler-235 d,Kepler-235,TIC 120765183,0.581,0.018,-0.018,16.567,0.252,-0.252,13.116,0.03,-0.03,0.122,,,0.0,,
HD 233604 b,HD 233604,TIC 150184553,1.5,0.3,-0.3,10.291,0.009,-0.009,7.979,0.021,-0.021,0.747,,,0.05,0.03,-0.03
Kepler-215 c,Kepler-215,TIC 271352188,0.788,0.018,-0.012,13.678,0.126,-0.126,11.996,0.019,-0.019,0.113,,,0.0,,
Kepler-126 b,Kepler-126,TIC 159046962,1.108,0.029,-0.029,10.505,0.006,-0.006,9.344,0.011,-0.011,0.099,,,0.07,0.1,-0.07
HD 210277 b,HD 210277,TIC 50227884,1.01,0.05,-0.05,6.54348,0.023,-0.023,4.799,0.02,-0.02,1.13,0.02,-0.02,0.48,0.02,-0.02
OGLE-2012-BLG-0950L b,OGLE-2012-BLG-0950L,,0.57,0.06,-0.1,,,,,,,2.6,0.3,-0.5,,,
Kepler-783 c,Kepler-783,TIC 159642390,0.94,,,14.153,0.092,-0.092,12.287,0.017,-0.017,0.06903,0.0009,-0.0009,0.0,,
GJ 3470 b,GJ 3470,TIC 19028197,0.539,0.047,-0.043,12.332,0.016,-0.016,7.989,0.023,-0.023,0.0355,0.0019,-0.0019,0.017,0.016,-0.012
TOI-2236 b,TOI-2236,TIC 394722182,1.343,0.066,-0.065,11.6,0.015,-0.015,9.96,0.021,-0.021,0.05009,0.0008,-0.00082,0.0,0.048,-0.052
HR 8799 c,HR 8799,TIC 245368902,1.5,0.3,-0.3,5.98,0.01,-0.01,5.24,0.018,-0.018,38.0,,,0.5,,
Kepler-91 b,Kepler-91,TIC 352011875,1.31,0.1,-0.1,12.712,0.092,-0.092,10.136,0.021,-0.021,0.0731,0.0034,-0.0031,0.0519,0.0095,-0.0088
K2-28 b,K2-28,TIC 39926974,0.257,0.048,-0.048,16.526,1.133,-1.133,10.746,0.023,-0.023,0.0214,0.0013,-0.0013,0.0,,
Kepler-271 b,Kepler-271,TIC 164414655,0.9,0.041,-0.045,13.578,0.16,-0.16,11.745,0.021,-0.021,0.08784,0.00105,-0.00105,0.0,,
Kepler-338 e,Kepler-338,TIC 258203303,1.14,,,12.19,0.028,-0.028,10.756,0.021,-0.021,0.08979,0.00064,-0.00064,0.05,0.23,-0.05
Kepler-1647 b,Kepler-1647,TIC 170344769,1.2207,0.0112,-0.0112,13.668,0.126,-0.126,12.007,0.024,-0.024,2.7205,0.007,-0.007,0.0581,0.0689,-0.0689
K2-198 d,K2-198,TIC 135043332,0.799,0.091,-0.045,10.971,0.015,-0.015,9.228,0.021,-0.021,,,,,,
Kepler-1769 b,Kepler-1769,TIC 271261159,1.061,0.109,-0.073,12.487,0.15,-0.15,11.264,,,0.40598,0.00268,-0.00268,0.0,,
Kepler-1128 b,Kepler-1128,TIC 137972889,0.94,0.044,-0.051,15.934,0.115,-0.115,13.896,0.061,-0.061,0.302,,,0.0,,
TOI-1272 b,TOI-1272,TIC 417948359,0.8772,0.0145,-0.0164,11.758,0.046,-0.046,9.701,0.02,-0.02,0.0417,0.0007,-0.0007,0.35,0.055,-0.055
Kepler-750 b,Kepler-750,TIC 158931258,1.15,0.142,-0.084,14.634,0.092,-0.092,13.103,0.034,-0.034,0.08742,0.00078,-0.00078,0.0,,
Kepler-1303 b,Kepler-1303,TIC 164674711,1.01,0.051,-0.054,14.854,0.16,-0.16,13.086,0.034,-0.034,0.0751,,,0.0,,
Kepler-656 c,Kepler-656,TIC 158731243,1.05,0.075,-0.113,15.549,0.183,-0.183,13.503,0.033,-0.033,0.0602,,,0.0,,
HD 197037 b,HD 197037,TIC 195382102,1.11,,,6.82294,0.023,-0.023,5.488,0.018,-0.018,2.07,0.05,-0.05,0.22,0.07,-0.07
KMT-2019-BLG-0297L b,KMT-2019-BLG-0297L,,0.21,0.09,-0.07,,,,,,,0.96,0.24,-0.21,,,
Kepler-1156 b,Kepler-1156,TIC 158842046,1.0,0.034,-0.036,14.262,0.126,-0.126,12.66,0.023,-0.023,0.09704,0.00115,-0.00115,0.0,,
EPIC 211822797 b,EPIC 211822797,TIC 337632006,0.62,0.02,-0.02,15.133,0.16,-0.16,11.429,0.018,-0.018,0.1195,0.01,-0.0251,0.06,0.13597,-0.048705
Kepler-1390 b,Kepler-1390,TIC 264508835,0.98,0.065,-0.066,14.558,0.172,-0.172,12.764,0.027,-0.027,0.0662,,,0.0,,
Kepler-223 c,Kepler-223,TIC 273876171,1.125,0.094,-0.073,15.69,0.137,-0.137,13.633,0.047,-0.047,0.09117,0.00092,-0.00092,0.15,0.019,-0.051
PH2 b,PH2,TIC 416279912,0.966,0.05,-0.056,12.645,0.046,-0.046,11.116,0.022,-0.022,0.833,0.014,-0.016,0.215,0.095,-0.082
HD 106315 b,HD 106315,TIC 56815340,1.091,0.036,-0.036,8.951,0.003,-0.003,7.853,0.02,-0.02,0.0907,0.001,-0.001,0.093,0.11,-0.068
WASP-107 b,WASP-107,TIC 429302040,0.683,0.017,-0.016,11.592,0.208,-0.208,8.637,0.023,-0.023,0.055,0.001,-0.001,0.06,0.04,-0.04
TOI-622 b,TOI-622,TIC 83092282,1.313,0.079,-0.079,8.995,0.002,-0.002,7.858,0.023,-0.023,0.0708,0.0052,-0.0059,0.42,,
KMT-2017-BLG-0428L b,KMT-2017-BLG-0428L,,0.34,0.22,-0.17,,,,,,,1.81,0.55,-0.59,,,
K2-58 c,K2-58,TIC 437703489,0.89,0.08,-0.08,12.415,0.057,-0.057,10.215,0.021,-0.021,0.035,0.0011,-0.0011,,,
MOA-2010-BLG-073L b,MOA-2010-BLG-073L,,0.16,0.03,-0.03,,,,,,,1.21,0.16,-0.16,,,
GPX-1 b,GPX-1,TIC 245392284,1.68,0.1,-0.1,12.316,0.069,-0.069,11.181,0.021,-0.021,0.0338,0.0003,-0.0003,0.0,,
Kepler-1585 b,Kepler-1585,TIC 272272564,0.94,0.047,-0.052,16.326,0.103,-0.103,14.125,0.06,-0.06,0.0445,,,0.0,,
HD 187123 c,HD 187123,TIC 58559140,1.04,0.112096,-0.159473,7.83,0.03,-0.03,6.337,0.016,-0.016,4.89,0.53,-0.53,0.252,0.033,-0.033
HD 140901 b,HD 140901,TIC 179348425,0.99,0.124,-0.124,6.01,0.03,-0.03,4.323,0.016,-0.016,0.085,0.003,-0.004,0.472,0.086,-0.151
Kepler-79 c,Kepler-79,TIC 239306681,1.165,0.044,-0.045,14.036,0.126,-0.126,12.606,0.031,-0.031,0.187,0.002,-0.003,0.03,0.027,-0.021
Kepler-79 b,Kepler-79,TIC 239306681,1.165,0.044,-0.045,14.036,0.126,-0.126,12.606,0.031,-0.031,0.117,0.002,-0.002,0.015,0.012,-0.006
HD 99283 b,HD 99283,TIC 341687229,1.76,0.31,-0.3,5.72916,0.023,-0.023,3.568,0.322,-0.322,1.08,0.05,-0.07,0.2,0.102,-0.146
Kepler-1038 c,Kepler-1038,TIC 268483792,0.868,0.035,-0.049,15.03,0.229,-0.229,12.782,0.022,-0.022,0.0692,,,0.0,,
Kepler-1020 b,Kepler-1020,TIC 63362217,0.87,0.029,-0.033,14.211,0.137,-0.137,12.15,0.021,-0.021,0.37594,0.00428,-0.00428,0.0,,
HIP 41378 c,HIP 41378,TIC 366443426,1.16,0.04,-0.04,8.93,0.03,-0.03,7.722,0.031,-0.031,,,,,,
HIP 41378 e,HIP 41378,TIC 366443426,1.16,0.04,-0.04,8.93,0.03,-0.03,7.722,0.031,-0.031,,,,,,
HD 28471 d,HD 28471,TIC 38698692,0.98,0.044,-0.044,7.89,0.03,-0.03,6.315,0.027,-0.027,0.1,0.002,-0.002,0.093,0.064,-0.058
Kepler-1159 b,Kepler-1159,TIC 270955277,1.19,0.175,-0.108,14.678,0.069,-0.069,13.156,0.03,-0.03,0.1603,,,0.0,,
HATS-59 c,HATS-59,TIC 437261733,1.038,0.039,-0.039,14.033,0.08,-0.08,12.238,0.03,-0.03,2.504,0.035,-0.035,0.083,,
DMPP-1 b,DMPP-1,TIC 66560666,1.21,0.03,-0.03,7.98,0.03,-0.03,6.69,0.024,-0.024,0.1462,0.0012,-0.0012,0.083,,
HD 153557 b,HD 153557,TIC 115582979,0.79,0.091,-0.091,7.83,0.001,-0.001,5.458,0.017,-0.017,0.068,0.003,-0.003,0.065,0.053,-0.037
OGLE-2011-BLG-0265L b,OGLE-2011-BLG-0265L,,0.211,0.068,-0.045,,,,,,,1.89,0.25,-0.2,,,
Kepler-162 b,Kepler-162,TIC 273036401,1.053,0.035,-0.034,14.351,0.057,-0.057,12.658,0.023,-0.023,0.069,,,0.0,,
HD 99109 b,HD 99109,TIC 38158652,0.76,0.1,-0.1,9.1,0.03,-0.03,7.162,0.024,-0.024,1.11,0.02,-0.02,0.09,0.12,-0.12
HD 22532 b,HD 22532,TIC 200851704,1.57,0.07,-0.07,7.85,0.03,-0.03,5.671,0.017,-0.017,1.9,0.004,-0.004,0.03,0.03,-0.03
Kepler-157 d,Kepler-157,TIC 122716806,1.02,0.042,-0.043,14.206,0.126,-0.126,12.573,0.03,-0.03,0.0706,0.0008,-0.0008,0.0,,
Kepler-180 c,Kepler-180,TIC 27532033,0.95,0.044,-0.048,14.488,0.114,-0.114,12.685,0.028,-0.028,0.229,,,0.0,,
Kepler-399 d,Kepler-399,TIC 172373693,0.902,0.065,-0.033,14.686,0.16,-0.16,12.698,0.025,-0.025,0.261,,,0.0,,
WASP-80 b,WASP-80,TIC 243921117,0.577,0.051,-0.054,11.841,0.034,-0.034,8.351,0.022,-0.022,0.0344,0.001,-0.0011,0.002,0.01,-0.002
Kepler-450 c,Kepler-450,TIC 27534138,1.19,0.197747,-0.142064,11.991,0.029,-0.029,10.429,0.017,-0.017,0.13351,0.00074,-0.00074,0.02,0.17,-0.02
Kepler-1599 b,Kepler-1599,TIC 120768052,0.99,0.057,-0.054,14.97,0.103,-0.103,13.361,0.033,-0.033,0.4823,,,0.0,,
Kepler-1247 b,Kepler-1247,TIC 271165854,0.86,0.043,-0.047,15.925,0.183,-0.183,14.069,0.057,-0.057,0.1091,,,0.0,,
Kepler-1712 b,Kepler-1712,TIC 48503881,0.515,0.039,-0.042,14.946,0.149,-0.149,11.124,0.022,-0.022,0.0903,,,0.0,,
TOI-4342 c,TOI-4342,TIC 354944123,0.6296,0.0086,-0.0086,12.669,0.057,-0.057,9.018,0.021,-0.021,0.0814,0.00017,-0.00017,,,
Kepler-487 c,Kepler-487,TIC 139158696,0.91,0.036,-0.041,14.882,0.183,-0.183,13.25,0.037,-0.037,0.21864,0.00242,-0.00242,0.0,,
Kepler-157 b,Kepler-157,TIC 122716806,0.95,0.032,-0.032,14.206,0.126,-0.126,12.573,0.03,-0.03,0.028,,,0.0,,
Kepler-605 c,Kepler-605,TIC 158423850,0.91,0.04,-0.04,14.376,0.103,-0.103,12.422,0.02,-0.02,0.03336,0.00042,-0.00042,0.0,,
Kepler-412 b,Kepler-412,TIC 158170594,1.167,0.091,-0.091,14.399,0.092,-0.092,12.837,0.031,-0.031,0.02897,0.00093,-0.00092,0.0038,0.0087,-0.0032
HD 115404 A b,HD 115404 A,TIC 373765355,0.83,0.102,-0.102,6.50066,0.023,-0.023,4.381,0.036,-0.036,0.088,0.003,-0.004,0.232,0.197,-0.138
Kepler-1468 c,Kepler-1468,TIC 138219758,1.04,0.083,-0.075,15.111,0.217,-0.217,13.458,0.042,-0.042,0.0466,,,0.0,,
Kepler-453 b,Kepler-453,TIC 164457525,0.944,0.01,-0.01,13.672,0.092,-0.092,11.92,0.02,-0.02,0.7903,0.0028,-0.0028,0.0359,0.0088,-0.0088
Kepler-1569 b,Kepler-1569,TIC 137488218,1.25,0.206,-0.129,14.123,0.103,-0.103,12.59,0.026,-0.026,0.06669,0.00058,-0.00058,0.0,,
Kepler-259 b,Kepler-259,TIC 158664318,0.867,0.035,-0.029,15.378,0.035,-0.035,13.555,0.029,-0.029,0.079,,,0.0,,
WASP-15 b,WASP-15,TIC 111991770,1.18,0.93,-0.93,10.972,0.01,-0.01,9.693,0.023,-0.023,0.05165,0.00067,-0.00067,0.0,,
K2-154 b,K2-154,TIC 175371068,0.65,0.02,-0.01,13.861,0.126,-0.126,10.368,0.019,-0.019,0.0405,0.0003,-0.0003,,,
Kepler-1859 b,Kepler-1859,TIC 270790094,1.09,0.07,-0.078,15.178,0.126,-0.126,13.714,0.048,-0.048,0.0394,,,0.0,,
WASP-36 b,WASP-36,TIC 13349647,1.081,0.034,-0.034,12.836,0.103,-0.103,11.294,0.026,-0.026,0.02677,0.00028,-0.00028,0.0,,
Kepler-26 b,Kepler-26,TIC 164833065,0.544,0.025,-0.025,15.853,0.035,-0.035,12.63,0.026,-0.026,0.08551,0.00393,-0.00393,0.021,0.021,-0.013
DMPP-2 b,DMPP-2,TIC 32432767,1.44,0.03,-0.03,8.57,0.03,-0.03,7.437,0.026,-0.026,0.0664,0.0005,-0.0005,0.078,,
TCP J05074264+2447555 b,TCP J05074264+2447555,TIC 69530840,0.586,0.033,-0.033,14.243,0.114,-0.114,11.68,0.018,-0.018,0.94,0.09,-0.09,,,
TOI-1075 b,TOI-1075,TIC 351601843,0.604,0.03,-0.03,12.615,0.069,-0.069,9.115,0.023,-0.023,0.01159,0.00023,-0.0002,0.0,,
HATS-33 b,HATS-33,TIC 360742636,1.062,0.032,-0.032,11.91,0.035,-0.035,10.287,0.027,-0.027,0.03727,0.00037,-0.00037,0.08,,
Kepler-307 b,Kepler-307,TIC 169930145,0.907,0.034,-0.034,14.149,0.103,-0.103,12.321,0.02,-0.02,0.09359,0.00063,-0.00063,0.0,,
HD 206255 b,HD 206255,TIC 139842723,1.42,0.08,-0.08,7.62,0.03,-0.03,5.979,0.02,-0.02,0.461,0.009,-0.009,0.23,0.11,-0.11
OGLE-2013-BLG-0102L b,OGLE-2013-BLG-0102L,,0.096,0.013,-0.013,,,,,,,0.8,0.08,-0.08,,,
Kepler-1950 b,Kepler-1950,TIC 158388625,0.759,0.122,-0.052,14.845,0.172,-0.172,12.679,0.029,-0.029,0.0871,,,0.0,,
TOI-2524 b,TOI-2524,TIC 169249234,1.007,0.032,-0.029,12.8,0.103,-0.103,11.198,0.025,-0.025,0.073,0.0007,-0.0007,0.0,,
NGTS-6 b,NGTS-6,TIC 1528696,0.767,0.025,-0.025,14.237,0.126,-0.126,11.65,0.032,-0.032,0.01677,0.00032,-0.00032,0.0,,
Kepler-234 b,Kepler-234,TIC 137318075,1.129,0.031,-0.033,15.747,0.149,-0.149,14.065,0.069,-0.069,0.04,,,0.0,,
Kepler-1100 b,Kepler-1100,TIC 63009789,1.21,0.204,-0.109,13.952,0.08,-0.08,12.456,0.028,-0.028,0.06745,0.00077,-0.00077,0.0,,
HD 4313 b,HD 4313,TIC 405228516,1.63,,,7.83,0.03,-0.03,5.595,0.021,-0.021,1.157,0.097,-0.097,0.147,0.047,-0.047
OGLE-2018-BLG-0506L b,OGLE-2018-BLG-0506L,,0.63,0.37,-0.32,,,,,,,3.0,0.7,-0.8,,,
Kepler-1038 b,Kepler-1038,TIC 268483792,0.87,0.071,-0.058,15.03,0.229,-0.229,12.782,0.022,-0.022,0.5238,,,0.0,,
KMT-2021-BLG-0712L b,KMT-2021-BLG-0712L,,0.22,0.12,-0.07,,,,,,,2.22,0.66,-0.48,,,
Kepler-186 b,Kepler-186,TIC 268159861,0.478,0.055,-0.055,15.138,0.08,-0.08,11.605,0.018,-0.018,0.0343,0.0046,-0.0046,0.0,,
Kepler-249 d,Kepler-249,TIC 272942100,0.510238,0.020399,-0.020399,16.37,0.2,-0.2,11.966,0.021,-0.021,0.097,,,0.0,,
TOI-3785 b,TOI-3785,TIC 458419328,0.52,0.02,-0.02,14.595,0.101,-0.101,10.165,0.022,-0.022,0.043,0.001,-0.001,0.11,0.1,-0.08
Kepler-250 c,Kepler-250,TIC 159098652,0.806,0.02,-0.029,15.819,0.035,-0.035,13.483,0.037,-0.037,0.069,,,0.0,,
2MASS J12073346-3932539 b,2MASS J12073346-3932539,TIC 102076870,0.024,,,20.15,0.19,,11.945,0.026,-0.026,55.0,,,,,
TOI-125 b,TOI-125,TIC 52368076,0.859,0.044,-0.038,11.023,0.008,-0.008,8.995,0.021,-0.021,0.05186,0.00086,-0.00077,0.194,0.041,-0.036
TOI-663 b,TOI-663,TIC 54962195,0.514,0.012,-0.012,13.667,0.023,-0.023,9.607,0.021,-0.021,0.0295,0.0011,-0.0011,,,
TOI-904 c,TOI-904,TIC 261257684,0.557,0.028,-0.028,12.588,0.069,-0.069,8.766,0.021,-0.021,0.312,0.023,-0.058,,,
EPIC 212297394 c,EPIC 212297394,TIC 287331845,0.83,0.05,-0.04,14.611,0.114,-0.114,12.186,0.023,-0.023,,,,,,
Kepler-284 c,Kepler-284,TIC 275486985,0.766,0.026,-0.026,15.944,0.252,-0.252,14.079,0.085,-0.085,0.213,,,0.0,,
Kepler-1397 b,Kepler-1397,TIC 269030207,1.09,0.041,-0.047,14.324,0.114,-0.114,12.468,0.02,-0.02,0.25861,0.00182,-0.00182,0.0,,
Kepler-295 c,Kepler-295,TIC 164890864,0.89,0.037,-0.044,14.631,0.137,-0.137,12.717,0.028,-0.028,0.142,,,0.0,,
Kepler-560 b,Kepler-560,TIC 239275865,0.34,0.021,-0.021,15.66,0.2,-0.2,11.455,0.019,-0.019,0.0899,0.0031,-0.0062,0.17,0.07,-0.04
OGLE-2018-BLG-0977L b,OGLE-2018-BLG-0977L,,0.47,0.38,-0.27,,,,,,,2.0,0.6,-0.5,,,
Kepler-1254 c,Kepler-1254,TIC 48506710,0.78,0.039,-0.05,15.541,0.16,-0.16,13.292,0.04,-0.04,0.0422,,,0.0,,
Kepler-895 b,Kepler-895,TIC 299217801,0.65,0.029,-0.028,16.21,0.137,-0.137,13.387,0.039,-0.039,0.0328,,,0.0,,
Kepler-1978 b,Kepler-1978,TIC 120693914,0.869,0.06,-0.095,15.49,0.057,-0.057,13.44,0.031,-0.031,0.0914,,,0.0,,
MOA-2009-BLG-266L b,MOA-2009-BLG-266L,,0.56,0.09,-0.09,,,,,,,3.2,1.9,-0.5,,,
Kepler-1396 b,Kepler-1396,TIC 270954695,1.18,0.17,-0.101,14.691,0.217,-0.217,13.173,0.034,-0.034,0.1406,,,0.0,,
NGTS-21 b,NGTS-21,TIC 441422655,0.72,0.04,-0.04,15.506,0.103,-0.103,12.951,0.029,-0.029,0.0236,0.0005,-0.0005,0.0,,
K2-330 b,K2-330,TIC 366484980,1.23,0.02,-0.02,9.608,0.004,-0.004,8.412,0.023,-0.023,,,,,,
Kepler-262 b,Kepler-262,TIC 122673489,0.816,0.03,-0.029,14.478,0.126,-0.126,12.732,0.025,-0.025,0.108,,,0.0,,
WASP-11 b,WASP-11,TIC 85593751,1.42,0.43,-0.43,11.567,0.029,-0.029,9.421,0.017,-0.017,0.0435,0.0006,-0.0006,0.0,,
Kepler-1490 b,Kepler-1490,TIC 271959909,0.9,0.065,-0.057,15.616,0.115,-0.115,13.616,0.038,-0.038,0.3729,,,0.0,,
HD 42012 b,HD 42012,TIC 97724459,0.83,0.08,-0.08,8.44,0.03,-0.03,6.584,0.017,-0.017,1.67,0.05,-0.06,0.2,,
2MASS J19383260+4603591 b,2MASS J19383260+4603591,TIC 271164763,0.48,,,12.651,0.215,-0.215,12.955,0.029,-0.029,0.92,0.02,-0.02,0.33,0.05,-0.05
Kepler-1989 b,Kepler-1989,TIC 159450616,0.999,0.153,-0.126,14.289,0.481,-0.481,13.193,0.059,-0.059,0.0918,,,0.0,,
TOI-4600 b,TOI-4600,TIC 232608943,0.89,0.05,-0.05,12.577,0.034,-0.034,10.571,0.018,-0.018,0.349,0.021,-0.021,0.25,0.33,-0.17
Kepler-702 b,Kepler-702,TIC 138430864,0.9,0.047,-0.049,15.437,0.103,-0.103,13.492,0.041,-0.041,0.088,,,0.0,,
Kepler-1058 b,Kepler-1058,TIC 271164394,0.73,0.039,-0.053,15.869,0.103,-0.103,13.005,0.028,-0.028,0.3679,,,0.0,,
HD 141399 b,HD 141399,TIC 156067565,1.07,0.08,-0.08,7.20856,0.023,-0.023,5.499,0.018,-0.018,0.415,0.011,-0.011,0.04,0.02,-0.02
HIP 86221 b,HIP 86221,TIC 311407476,0.79,,,9.25,0.03,-0.03,6.302,0.018,-0.018,0.031,,,0.086,,
TOI-1298 b,TOI-1298,TIC 237104103,1.2187,0.0246,-0.0568,11.889,0.022,-0.022,10.012,0.016,-0.016,0.057,0.001,-0.001,0.0,,
Kepler-1541 b,Kepler-1541,TIC 48353902,0.86,0.041,-0.045,13.944,0.103,-0.103,11.927,0.018,-0.018,0.07555,0.00079,-0.00079,0.0,,
Kepler-1871 b,Kepler-1871,TIC 137634508,1.02,0.111,-0.122,14.822,0.114,-0.114,12.841,0.032,-0.032,0.0308,,,0.0,,
Kepler-1843 b,Kepler-1843,TIC 137900524,1.02,0.133,-0.089,13.086,0.114,-0.114,11.141,0.018,-0.018,0.17871,0.00115,-0.00115,0.0,,
Kepler-496 b,Kepler-496,TIC 137341066,0.86,0.042,-0.047,15.106,0.263,-0.263,12.909,0.032,-0.032,0.0747,,,0.0,,
LHS 1140 b,LHS 1140,TIC 92226327,0.1844,0.0045,-0.0045,14.15,0.062,-0.062,8.821,0.024,-0.024,0.0946,0.0017,-0.0017,0.043,,
KELT-11 b,KELT-11,TIC 55092869,1.44,0.07,-0.07,8.04,0.03,-0.03,6.122,0.018,-0.018,0.0623,0.00104,-0.00104,0.0,,
HAT-P-2 b,HAT-P-2,TIC 39903405,1.33,0.03,-0.03,8.72,0.03,-0.03,7.603,0.02,-0.02,0.06814,0.00051,-0.00051,0.5172,0.0019,-0.0019
Kepler-592 b,Kepler-592,TIC 377782184,1.04,0.062,-0.071,14.846,0.16,-0.16,13.219,0.039,-0.039,0.0397,,,0.0,,
K2-316 c,K2-316,TIC 73943566,0.408,0.005,-0.005,17.14,0.2,-0.2,11.911,0.023,-0.023,0.0582,0.0081,-0.0122,,,
Kepler-1108 b,Kepler-1108,TIC 272083644,0.88,0.048,-0.055,15.132,0.195,-0.195,13.172,0.03,-0.03,0.0511,,,0.0,,
2MASS J01033563-5515561 AB b,2MASS J01033563-5515561 A,TIC 206502540,0.19,0.02,-0.02,15.788,0.275,-0.275,9.237001,0.022,-0.022,84.0,,,,,
Kepler-292 d,Kepler-292,TIC 271960465,0.865,0.021,-0.029,16.303,0.069,-0.069,13.97,0.057,-0.057,0.068,,,0.0,,
EPIC 206042996 b,EPIC 206042996,TIC 12785571,0.565,0.053,-0.053,16.59,1.133,-1.133,13.071,0.033,-0.033,,,,,,
Kepler-1244 b,Kepler-1244,TIC 123447592,1.46,0.264,-0.14,12.444,0.16,-0.16,11.269,0.011,-0.011,0.0502,,,0.0,,
Kepler-914 b,Kepler-914,TIC 159386728,1.1,0.048,-0.043,13.667,0.126,-0.126,12.131,0.016,-0.016,0.05454,0.00049,-0.00049,0.0,,
TOI-1062 c,TOI-1062,TIC 299799658,0.94,0.02,-0.02,10.249,0.005,-0.005,8.296,0.031,-0.031,0.08,0.013,-0.012,0.14,0.073,-0.069
Kepler-1326 b,Kepler-1326,TIC 184417262,1.45,0.213,-0.159,12.842,0.126,-0.126,11.7,0.017,-0.017,0.2743,,,0.0,,
Kepler-191 c,Kepler-191,TIC 159647213,0.857,0.015,-0.014,14.987,0.092,-0.092,12.883,0.04,-0.04,0.128,,,0.0,,
HIP 35173 b,HIP 35173,TIC 50992589,0.79,0.05,-0.05,9.01,0.03,-0.03,6.674,0.026,-0.026,0.217,0.004,-0.004,0.16,0.11,-0.11
HD 40307 d,HD 40307,TIC 374859347,0.77,0.05,-0.05,7.17,0.03,-0.03,4.793,0.016,-0.016,0.1321,0.0066,-0.0066,0.07,0.11,-0.07
Kepler-903 c,Kepler-903,TIC 121732589,0.98,0.05,-0.051,14.856,0.126,-0.126,12.993,0.029,-0.029,0.30249,0.00225,-0.00225,0.0,,
Kepler-896 b,Kepler-896,TIC 123490277,0.84,0.042,-0.048,15.457,0.046,-0.046,13.659,0.039,-0.039,0.56378,0.00867,-0.00867,0.0,,
Kepler-662 b,Kepler-662,TIC 407002705,0.79,0.035,-0.044,15.598,0.057,-0.057,13.201,0.034,-0.034,0.1408,,,0.0,,
Kepler-1287 b,Kepler-1287,TIC 158985675,0.96,0.05,-0.059,15.216,0.035,-0.035,13.505,0.041,-0.041,0.0976,,,0.0,,
WASP-183 b,WASP-183,TIC 14344979,0.784,0.038,-0.038,13.081,0.103,-0.103,11.207,0.021,-0.021,0.04632,0.00075,-0.00075,,,
Kepler-1665 b,Kepler-1665,TIC 122442334,0.842,,,13.737,0.137,-0.137,11.571,0.019,-0.019,0.096,0.00114,-0.00114,0.0,,
TOI-3693 b,TOI-3693,TIC 240823272,0.867,0.036,-0.037,11.948,0.018,-0.018,10.151,0.02,-0.02,0.0813,0.0011,-0.0012,0.0,0.048,-0.052
Kepler-132 e,Kepler-132,TIC 237158274,1.03,0.057,-0.055,11.922,0.026,-0.026,10.424,0.019,-0.019,0.43927,0.00532,-0.00532,0.0,,
Kepler-342 e,Kepler-342,TIC 63293562,1.26,0.047,-0.04,13.2,0.08,-0.08,11.957,0.021,-0.021,0.02909,0.0002,-0.0002,0.0,,
CoRoT-27 b,CoRoT-27,TIC 416136788,1.05,0.11,-0.11,15.774,0.103,-0.103,12.985,0.033,-0.033,0.0476,0.0066,-0.0066,0.065,,
Kepler-1733 b,Kepler-1733,TIC 122781795,1.273,0.077,-0.085,15.612,0.16,-0.16,13.981,0.049,-0.049,0.0933,,,0.0,,
Kepler-846 b,Kepler-846,TIC 399911496,0.94,0.038,-0.049,15.684,0.206,-0.206,13.978,0.054,-0.054,0.1399,,,0.0,,
Kepler-1624 b,Kepler-1624,TIC 137683938,0.5,0.032,-0.039,16.597,0.137,-0.137,12.312,0.025,-0.025,0.0327,,,0.0,,
TOI-198 b,TOI-198,TIC 12421862,0.467,0.023,-0.023,11.688,0.014,-0.014,7.856,0.021,-0.021,0.1,0.006,-0.006,,,
WASP-188 b,WASP-188,TIC 289574465,1.5,0.09,-0.09,12.165,0.025,-0.025,11.042,0.018,-0.018,0.072,0.003,-0.003,0.0,,
Kepler-607 c,Kepler-607,TIC 159579593,0.808,0.112,-0.06,14.672,0.206,-0.206,12.426,0.019,-0.019,0.21507,0.00249,-0.00249,0.0,,
Kepler-1888 b,Kepler-1888,TIC 122066892,0.897,0.075,-0.038,12.099,0.035,-0.035,10.322,0.018,-0.018,0.0956,,,0.0,,
Kepler-1611 b,Kepler-1611,TIC 27846759,0.94,0.044,-0.053,14.627,0.195,-0.195,12.689,0.027,-0.027,0.0586,,,0.0,,
Kepler-499 b,Kepler-499,TIC 271430916,0.87,0.046,-0.051,14.63,0.114,-0.114,12.405,0.024,-0.024,0.0598,,,0.0,,
HD 48948 d,HD 48948,TIC 88228576,0.686,0.02,-0.013,8.58,0.001,-0.001,5.612,0.018,-0.018,0.4894,0.0042,-0.0042,0.055,0.044,-0.044
Kepler-1090 b,Kepler-1090,TIC 271885110,0.86,0.049,-0.051,15.31,0.103,-0.103,13.07,0.025,-0.025,0.63323,0.0038,-0.0038,0.0,,
Kepler-603 b,Kepler-603,TIC 270948636,1.01,0.063,-0.063,14.969,0.172,-0.172,13.214,0.034,-0.034,0.16052,0.00188,-0.00188,0.0,,
Kepler-1268 b,Kepler-1268,TIC 158630552,1.06,0.076,-0.059,15.484,0.069,-0.069,13.764,0.04,-0.04,0.2383,,,0.0,,
Kepler-299 c,Kepler-299,TIC 48304460,1.004,0.032,-0.035,15.232,0.298,-0.298,13.436,0.044,-0.044,0.07,,,0.0,,
Kepler-1595 b,Kepler-1595,TIC 279915521,0.84,0.038,-0.045,15.508,0.16,-0.16,13.527,0.039,-0.039,0.051,,,0.0,,
K2-395 c,K2-395,TIC 245946724,0.952,0.421,-0.293,15.131,0.069,-0.069,11.365,0.018,-0.018,,,,,,
Kepler-1894 b,Kepler-1894,TIC 27531854,0.999,0.114,-0.125,15.452,0.092,-0.092,13.648,0.052,-0.052,0.0385,,,0.0,,
HD 134606 d,HD 134606,TIC 262457542,1.046,0.07,-0.059,6.86,0.03,-0.03,5.177,0.026,-0.026,1.941,0.043,-0.046,0.092,0.045,-0.045
Kepler-558 b,Kepler-558,TIC 164730843,0.85,0.041,-0.047,14.899,0.172,-0.172,12.961,0.032,-0.032,0.1759,,,0.0,,
Kepler-1235 b,Kepler-1235,TIC 164830167,0.93,0.043,-0.052,14.079,0.08,-0.08,12.199,0.023,-0.023,0.04836,0.00043,-0.00043,0.0,,
Kepler-1625 b,Kepler-1625,TIC 184011870,0.96,0.057,-0.063,16.227,0.069,-0.069,13.916,0.056,-0.056,0.87762,0.01131,-0.01131,0.0,,
TOI-3714 b,TOI-3714,TIC 155867025,0.53,0.02,-0.02,15.7,0.2,-0.2,10.852,0.017,-0.017,0.027,0.001,-0.001,0.03,0.03,-0.02
HIP 77900 b,HIP 77900,TIC 24133681,,,,6.15,0.03,-0.03,6.3,0.016,-0.016,3319.0,28.0,-28.0,,,
Kepler-41 b,Kepler-41,TIC 271042217,1.15,0.04,-0.04,14.509,0.092,-0.092,12.892,0.028,-0.028,0.03101,0.0004,-0.0004,0.0,,
Kepler-247 c,Kepler-247,TIC 158792051,0.887,0.016,-0.022,15.199,0.24,-0.24,13.051,0.026,-0.026,0.084,,,0.0,,
Kepler-176 e,Kepler-176,TIC 271159950,0.87,0.041,-0.048,14.767,0.126,-0.126,12.567,0.024,-0.024,0.25654,0.00196,-0.00196,0.0,,
Kepler-60 d,Kepler-60,TIC 158923465,1.041,0.077,-0.077,13.95,0.137,-0.137,12.516,0.018,-0.018,0.10203,0.00087,-0.00087,0.002,0.0051,-0.0015
Kepler-809 b,Kepler-809,TIC 299156496,0.99,0.043,-0.047,14.875,0.057,-0.057,13.195,0.032,-0.032,0.2901,,,0.0,,
HATS-40 b,HATS-40,TIC 172598832,1.561,0.069,-0.069,13.478,0.103,-0.103,12.147,0.027,-0.027,0.04997,0.00074,-0.00074,0.312,,
K2-386 b,K2-386,TIC 376879052,0.911,0.088,-0.083,13.241,0.092,-0.092,11.525,0.024,-0.024,,,,,,
TOI-5174 b,TOI-5174,TIC 49428710,1.0,0.137007,-0.113529,11.583,0.239,-0.239,9.6,0.021,-0.021,,,,,,
TOI-540 b,TOI-540,TIC 200322593,0.159,0.014,-0.014,14.823,0.149,-0.149,8.9,0.021,-0.021,0.01223,0.00036,-0.00036,0.0,,
HD 24085 b,HD 24085,TIC 32001057,1.22,0.07,-0.07,7.57,0.03,-0.03,6.172,0.017,-0.017,0.034,0.001,-0.001,0.22,0.12,-0.12
Kepler-1095 b,Kepler-1095,TIC 138096962,0.94,0.071,-0.066,14.597,0.149,-0.149,12.899,0.038,-0.038,0.0514,,,0.0,,
Kepler-1459 b,Kepler-1459,TIC 123448077,0.78,0.032,-0.038,14.893,0.114,-0.114,12.384,0.016,-0.016,0.2829,,,0.0,,
Kepler-320 b,Kepler-320,TIC 275575525,1.072,0.03,-0.029,13.494,0.103,-0.103,12.307,0.03,-0.03,0.085,,,0.0,,
Kepler-603 d,Kepler-603,TIC 270948636,1.01,0.063,-0.063,14.969,0.172,-0.172,13.214,0.034,-0.034,0.07117,0.00082,-0.00082,0.0,,
Kepler-693 b,Kepler-693,TIC 237159318,0.76,0.039,-0.051,16.7286,0.0459,-0.0459,14.178,0.071,-0.071,0.1121,,,0.0,,
WASP-8 b,WASP-8,TIC 183532609,1.34,0.26,-0.26,9.789,0.003,-0.003,8.086,0.023,-0.023,0.0801,0.0015,-0.0015,0.31,0.0,0.0
Kepler-1727 b,Kepler-1727,TIC 122376998,0.824,0.096,-0.078,15.751,0.263,-0.263,13.429,0.037,-0.037,0.0796,,,0.0,,
Kepler-1649 b,Kepler-1649,TIC 137558813,0.1977,0.0051,-0.0051,17.95,0.2,-0.2,12.589,0.026,-0.026,0.0514,0.0028,-0.0028,0.0,,
ITG 15 b,ITG 15 A,TIC 150058659,,,,,,,8.95,0.018,-0.018,435.0,4.0,-4.0,,,
OGLE-2018-BLG-0298L b,OGLE-2018-BLG-0298L,,0.69,0.34,-0.3,,,,,,,2.86,0.73,-0.8,,,
Kepler-253 d,Kepler-253,TIC 63065911,0.86,0.023,-0.028,15.778,0.115,-0.115,13.534,0.048,-0.048,0.13,,,0.0,,
TOI-715 b,TOI-715,TIC 271971130,0.225,0.012,-0.012,16.683,1.133,-1.133,10.917,0.019,-0.019,0.083,0.0027,-0.0027,,,
TOI-1742 b,TOI-1742,TIC 219857012,1.0861,0.034,-0.0333,8.863,0.002,-0.002,7.335,0.016,-0.016,0.154,0.003,-0.003,0.3,0.1,-0.1
TOI-1836 b,TOI-1836,TIC 207468071,1.307,0.077,-0.076,9.765,0.004,-0.004,8.531,0.018,-0.018,0.1597,0.0031,-0.0032,0.0,,
Kepler-1635 b,Kepler-1635,TIC 164891054,0.89,0.04,-0.041,15.82,0.081,-0.081,13.895,0.061,-0.061,1.12664,0.01245,-0.01245,0.0,,
TOI-1294 c,TOI-1294,TIC 219015370,1.1578,0.0638,-0.0508,11.314,0.03,-0.03,9.964,0.02,-0.02,0.61,0.02,-0.02,0.0,,
BD+49 828 b,BD+49 828,TIC 116376059,1.52,0.22,-0.22,9.381,0.005,-0.005,6.571,0.021,-0.021,4.2,0.32,-0.2,0.35,0.24,-0.1
Kepler-1445 b,Kepler-1445,TIC 351766604,1.13,0.074,-0.062,12.407,0.057,-0.057,11.114,0.024,-0.024,0.09587,0.00093,-0.00093,0.0,,
K2-375 b,K2-375,TIC 175290532,1.119,0.492,-0.344,13.164,0.114,-0.114,11.557,0.018,-0.018,,,,,,
KMT-2017-BLG-1057L b,KMT-2017-BLG-1057L,,0.57,0.37,-0.29,,,,,,,2.36,0.69,-0.62,,,
Kepler-1055 b,Kepler-1055,TIC 159440697,0.98,0.034,-0.038,13.194,0.092,-0.092,11.569,0.016,-0.016,0.0335,0.0002,-0.0002,0.0,,
OGLE-2017-BLG-0604L b,OGLE-2017-BLG-0604L,,0.7,0.28,-0.28,,,,,,,4.06,1.91,-1.34,,,
WASP-14 b,WASP-14,TIC 347430350,1.62,0.39,-0.39,9.745,0.004,-0.004,8.621,0.019,-0.019,0.037,0.001,-0.001,0.09,0.0,0.0
Kepler-967 b,Kepler-967,TIC 120962548,0.84,0.033,-0.041,14.702,0.126,-0.126,12.396,0.021,-0.021,0.1027,,,0.0,,
Kepler-1053 b,Kepler-1053,TIC 137152419,0.74,0.032,-0.035,13.576,0.103,-0.103,10.585,0.018,-0.018,0.0315,,,0.0,,
Kepler-1870 b,Kepler-1870,TIC 138433618,0.955,0.045,-0.067,13.566,0.103,-0.103,11.758,0.021,-0.021,0.0452,0.00017,-0.00017,0.0,,
Kepler-258 b,Kepler-258,TIC 270854411,0.82,0.033,-0.038,15.49,0.149,-0.149,12.956,0.027,-0.027,0.103,,,0.0,,
HD 102956 b,HD 102956,TIC 137810576,1.66,,,7.86,0.03,-0.03,5.663,0.02,-0.02,0.0807,0.0073,-0.0073,0.037,0.019,-0.019
TOI-3071 b,TOI-3071,TIC 452006073,1.29,0.02,-0.02,12.383,0.057,-0.057,11.005,0.021,-0.021,0.0249,0.0001,-0.0001,0.09,,
HAT-P-34 b,HAT-P-34,TIC 278348461,1.392,0.047,-0.047,10.403,0.007,-0.007,9.247,0.023,-0.023,0.06774,0.00074,-0.00076,0.432,0.029,-0.027
TOI-519 b,TOI-519,TIC 218795833,0.335,0.008,-0.008,17.35,0.2,-0.2,11.951,0.024,-0.024,0.0159,0.0001,-0.0001,0.33,,
OGLE-TR-182 b,OGLE-TR-182,TIC 466884459,1.14,0.05,-0.05,16.9195,0.0461,-0.0461,14.737,0.143,-0.143,0.051,0.001,-0.001,0.0,,
Kepler-208 d,Kepler-208,TIC 270781284,1.082,0.03,-0.03,13.561,0.057,-0.057,12.21,0.02,-0.02,0.103,,,0.0,,
Kepler-336 d,Kepler-336,TIC 122298677,1.09,0.059,-0.042,13.677,0.149,-0.149,12.144,0.022,-0.022,0.154,,,0.0,,
Kepler-126 d,Kepler-126,TIC 159046962,1.108,0.029,-0.029,10.505,0.006,-0.006,9.344,0.011,-0.011,0.448,,,0.02,0.09,-0.02
Kepler-1709 b,Kepler-1709,TIC 164464070,1.003,0.072,-0.064,11.642,0.018,-0.018,10.3,0.016,-0.016,0.32704,0.0038,-0.0038,0.0,,
Kepler-653 c,Kepler-653,TIC 123445166,1.02,0.048,-0.038,13.498,0.114,-0.114,11.793,0.011,-0.011,0.01855,0.00017,-0.00017,0.0,,
HD 18143 b,HD 18143,TIC 436933294,0.85,0.103,-0.103,7.518,0.091,-0.091,5.427,0.018,-0.018,0.088,0.003,-0.004,0.224,0.171,-0.122
WASP-144 b,WASP-144,TIC 207077681,0.81,0.04,-0.04,13.085,0.092,-0.092,10.897,0.021,-0.021,0.0316,0.0005,-0.0005,0.0,,
HD 178911 B b,HD 178911 B,TIC 42812945,1.24,0.58,-0.58,7.97,0.03,-0.03,6.375,0.023,-0.023,0.34,0.01,-0.01,0.11,0.0,0.0
GJ 682 c,GJ 682,TIC 16909043,0.27,,,10.94,0.1,-0.1,5.606,0.02,-0.02,0.176,0.03,-0.009,0.1,0.19,-0.1
HD 216437 b,HD 216437,TIC 277774779,1.22,0.06,-0.06,6.04,0.03,-0.03,4.518,0.031,-0.031,2.57,0.04,-0.04,0.31,0.01,-0.01
HD 40307 c,HD 40307,TIC 374859347,0.77,0.05,-0.05,7.17,0.03,-0.03,4.793,0.016,-0.016,0.0799,0.004,-0.004,0.06,0.11,-0.06
Kepler-451 d,2MASS J19383260+4603591,TIC 271164763,0.48,,,12.651,0.215,-0.215,12.955,0.029,-0.029,,,,0.0,,
K2-170 c,K2-170,TIC 188509935,0.963657,0.032012,-0.032447,12.668,0.114,-0.114,11.075,0.021,-0.021,,,,,,
Kepler-1553 b,Kepler-1553,TIC 351062058,0.85,0.043,-0.051,15.251,0.263,-0.263,13.167,0.033,-0.033,0.0481,,,0.0,,
Kepler-1032 b,Kepler-1032,TIC 122139228,0.77,0.025,-0.034,16.007,0.092,-0.092,13.301,0.034,-0.034,0.0361,,,0.0,,
K2-63 b,K2-63,TIC 437699592,1.4,0.25,-0.25,12.98,0.092,-0.092,11.274,0.022,-0.022,0.1627,0.0097,-0.0097,,,
OGLE-2018-BLG-1428L b,OGLE-2018-BLG-1428L,,0.43,0.33,-0.22,,,,,,,3.3,0.59,-0.83,,,
EPIC 206024342 d,EPIC 206024342,TIC 75266189,0.928,0.082,-0.098,13.096,0.08,-0.08,11.487,0.023,-0.023,,,,,,
HD 147513 b,HD 147513,TIC 350673608,1.11,,,5.37,0.03,-0.03,3.933,0.036,-0.036,1.32,,,0.26,0.05,-0.05
Kepler-865 c,Kepler-865,TIC 273499989,0.782,0.116,-0.062,14.635,0.069,-0.069,12.684,0.024,-0.024,0.061,,,0.0,,
OGLE-2019-BLG-0679L b,OGLE-2019-BLG-0679L,,0.66,0.38,-0.38,,,,,,,6.99,3.21,-3.21,,,
HD 133131 A b,HD 133131 A,TIC 440955228,0.95,,,7.66,0.03,-0.03,6.895,0.02,-0.02,1.44,0.005,-0.005,0.33,0.03,-0.03
Kepler-1530 c,Kepler-1530,TIC 298892283,0.92,0.04,-0.043,14.15,0.149,-0.149,12.3,0.025,-0.025,0.05744,0.00029,-0.00029,0.0,,
Kepler-858 b,Kepler-858,TIC 299089652,0.96,0.035,-0.039,12.568,0.069,-0.069,10.862,0.021,-0.021,0.33939,0.00391,-0.00391,0.0,,
LkCa 15 c,LkCa 15,TIC 118681038,,,,12.025,0.04,-0.04,8.163,0.018,-0.018,18.6,2.5,-2.5,,,
HD 69830 b,HD 69830,TIC 307624961,0.86,0.03,-0.03,5.96004,0.023,-0.023,4.165,0.036,-0.036,0.0785,,,0.1,0.04,-0.04
Kepler-612 b,Kepler-612,TIC 159723305,0.98,0.048,-0.054,15.191,0.137,-0.137,13.264,0.029,-0.029,0.0452,,,0.0,,
KMT-2018-BLG-2602L b,KMT-2018-BLG-2602L,,0.66,0.42,-0.36,,,,,,,3.81,2.96,-2.32,,,
Kepler-252 c,Kepler-252,TIC 271769940,0.61,0.015,-0.015,15.406,0.069,-0.069,12.466,0.018,-0.018,0.08,,,0.0,,
Kepler-762 b,Kepler-762,TIC 159725995,1.06,0.071,-0.061,15.574,0.115,-0.115,13.969,0.046,-0.046,0.0493,,,0.0,,
TOI-2346 b,TOI-2346,TIC 317483660,1.271,0.07,-0.074,12.366,0.031,-0.031,10.712,0.019,-0.019,0.0473,0.00086,-0.00094,0.086,,
TOI-2407 b,TOI-2407,TIC 153078576,0.548,0.016,-0.016,14.68,0.114,-0.114,10.324,0.022,-0.022,0.033,0.001,-0.001,0.08,0.07,-0.04
TOI-2992 b,TOI-2992,TIC 49045066,1.21,0.07,-0.1,12.603,0.08,-0.08,11.027,0.022,-0.022,0.0434,0.0009,-0.0013,0.089,,
bet Pic c,bet Pic,TIC 270577175,1.795,0.027,-0.027,3.85,0.03,-0.03,3.526,0.222,-0.222,2.68,0.016,-0.015,0.314,0.024,-0.034
TOI-5300 b,TOI-5300,TIC 267215820,0.67,0.02,-0.02,13.869,0.263,-0.263,10.568,0.021,-0.021,0.0295,0.0003,-0.0003,0.0,,
Kepler-318 b,Kepler-318,TIC 274198407,1.073,0.006,-0.014,13.442,0.114,-0.114,11.766,0.018,-0.018,0.056,,,0.0,,
Kepler-96 b,Kepler-96,TIC 169081296,1.0,0.06,-0.06,10.568,0.006,-0.006,8.868,0.02,-0.02,0.1261,0.00088,-0.00088,0.0,,
2MASS J21252752-8138278 b,2MASS J21252752-8138278,TIC 273305007,0.643977,0.020802,-0.020802,11.804,0.07,-0.07,7.341,0.04,-0.04,7493.0,11.0,-11.0,,,
Kepler-163 c,Kepler-163,TIC 271355638,0.882,0.065,-0.032,14.467,0.08,-0.08,12.784,0.027,-0.027,0.152,,,0.0,,
XO-3 b,XO-3,TIC 8400842,0.58,0.14,-0.14,9.854,0.004,-0.004,8.791,0.019,-0.019,0.0476,0.0005,-0.0005,0.29,0.0,0.0
GJ 317 b,GJ 317,TIC 118608254,0.402,0.014,-0.014,12.4,0.2,-0.2,7.028,0.02,-0.02,1.138,0.013,-0.013,0.0826,0.007,-0.0071
WASP-73 b,WASP-73,TIC 231670397,2.52,1.22,-1.22,10.468,0.006,-0.006,9.028,0.021,-0.021,0.05512,0.0006,-0.00053,0.0,,
Kepler-647 b,Kepler-647,TIC 164786172,1.03,0.055,-0.054,14.067,0.126,-0.126,12.611,0.026,-0.026,0.12237,0.00091,-0.00091,0.0,,
Kepler-1542 c,Kepler-1542,TIC 279915941,0.94,0.032,-0.031,12.734,0.092,-0.092,10.989,0.019,-0.019,0.0387,0.00028,-0.00028,0.0,,
K2-12 b,K2-12,TIC 396972464,0.965,0.064,-0.048,12.38,0.103,-0.103,10.605,0.024,-0.024,0.0792,0.0016,-0.0013,0.5,,
PSR B1620-26 b,PSR B1620-26,,1.35,,,,,,,,,23.0,,,,,
Kepler-1597 b,Kepler-1597,TIC 158722002,1.25,0.196,-0.111,14.257,0.092,-0.092,12.927,0.024,-0.024,0.04136,0.00037,-0.00037,0.0,,
Kepler-261 c,Kepler-261,TIC 137148674,0.834,0.01,-0.01,13.738,0.103,-0.103,11.585,0.021,-0.021,0.156,,,0.0,,
OGLE-2017-BLG-1522L b,OGLE-2017-BLG-1522L,,0.045,0.076,-0.024,,,,,,,0.59,0.12,-0.11,,,
MOA-2010-BLG-477L b,MOA-2010-BLG-477L,,0.67,0.33,-0.13,,,,,,,2.0,3.0,-1.0,,,
KMT-2018-BLG-0087L b,KMT-2018-BLG-0087L,,0.1,0.14,-0.05,,,,,,,0.87,0.24,-0.25,,,
KMT-2023-BLG-0469L b,KMT-2023-BLG-0469L,,0.47,0.35,-0.26,,,,,,,2.31,0.34,-0.39,,,
Kepler-576 b,Kepler-576,TIC 139036554,0.99,0.052,-0.055,14.627,0.08,-0.08,12.646,0.027,-0.027,0.179,,,0.0,,
TOI-1278 b,TOI-1278,TIC 163539739,0.54,0.02,-0.02,13.502,0.093,-0.093,9.735,0.012,-0.012,0.095,0.001,-0.001,0.013,0.004,-0.004
HD 167677 b,HD 167677,TIC 13894108,0.96,0.02,-0.02,8.9,0.03,-0.03,7.155,0.027,-0.027,2.877,0.025,-0.025,0.182,0.031,-0.026
Kepler-949 b,Kepler-949,TIC 268060310,0.89,0.063,-0.054,14.718,0.172,-0.172,12.519,0.024,-0.024,0.07739,0.0005,-0.0005,0.0,,
Kepler-957 b,Kepler-957,TIC 267748934,0.81,0.034,-0.042,15.833,0.115,-0.115,13.453,0.04,-0.04,0.0559,,,0.0,,
K2-61 b,K2-61,TIC 402314147,0.97,0.04,-0.04,13.173,0.08,-0.08,11.385,0.024,-0.024,0.0392,0.0024,-0.0024,,,
K2-181 b,K2-181,TIC 366528389,0.96,0.04,-0.04,12.669,0.103,-0.103,11.026,0.021,-0.021,0.0706,0.001,-0.001,0.4,0.3,-0.22
K2-18 c,K2-18,TIC 388804061,0.359,0.047,-0.047,13.477,0.042,-0.042,8.899,0.019,-0.019,0.06,0.003,-0.003,0.47,,
K2-99 c,K2-99,TIC 176966903,1.44,0.03,-0.03,11.149,0.013,-0.013,9.72,0.021,-0.021,1.43,0.01,-0.01,0.21,0.009,-0.009
HIP 41378 g,HIP 41378,TIC 366443426,1.16,0.04,-0.04,8.93,0.03,-0.03,7.722,0.031,-0.031,,,,,,
K2-37 c,K2-37,TIC 68504570,0.84,0.03,-0.03,12.573,0.046,-0.046,10.142,0.021,-0.021,0.06534,0.00097,-0.00097,,,
TOI-1898 b,TOI-1898,TIC 91987762,1.2484,0.0261,-0.0375,7.87,0.03,-0.03,6.663,0.023,-0.023,0.269,0.005,-0.005,0.485,0.039,-0.039
Kepler-1669 d,Kepler-1669,TIC 169457234,0.609,0.033,-0.033,16.473,0.343,-0.343,13.2,0.034,-0.034,0.0468,,,0.0,,
TOI-216.01,TOI-216,TIC 55652896,0.77,0.03,-0.03,12.324,0.069,-0.069,10.218,0.021,-0.021,0.2069,0.0107,-0.0082,0.0046,0.0027,-0.0012
Kepler-1194 b,Kepler-1194,TIC 137317096,0.94,0.039,-0.041,14.31,0.137,-0.137,12.445,0.026,-0.026,0.1212,,,0.0,,
ROXs 12 b,ROXs 12,TIC 175595883,0.87,0.08,-0.08,14.763,0.092,-0.092,9.099,0.025,-0.025,210.0,20.0,-20.0,0.83,,
WASP-164 b,WASP-164,TIC 237320326,0.946,0.067,-0.071,12.603,0.057,-0.057,10.959,0.021,-0.021,0.02818,0.00065,-0.00072,0.0,,
TOI-2416 b,TOI-2416,TIC 237922465,1.118,0.029,-0.027,13.019,0.137,-0.137,11.511,0.024,-0.024,0.0831,0.0007,-0.0007,0.32,0.02,-0.02
Kepler-843 b,Kepler-843,TIC 27774043,1.02,0.063,-0.062,15.354,0.206,-0.206,13.709,0.053,-0.053,0.0313,,,0.0,,
Kepler-1949 b,Kepler-1949,TIC 270611599,1.194,0.087,-0.109,15.231,0.08,-0.08,13.694,0.045,-0.045,0.0352,,,0.0,,
Kepler-1825 b,Kepler-1825,TIC 63282889,0.828,0.048,-0.035,14.605,0.114,-0.114,12.348,0.023,-0.023,0.0187,,,0.0,,
Kepler-579 b,Kepler-579,TIC 138959504,0.99,0.061,-0.057,14.552,0.149,-0.149,12.548,0.027,-0.027,0.0854,,,0.0,,
Kepler-1190 b,Kepler-1190,TIC 48504464,0.76,0.033,-0.039,14.665,0.08,-0.08,12.212,0.025,-0.025,0.0845,,,0.0,,
OGLE-2017-BLG-0173L b,OGLE-2017-BLG-0173L,,0.396,0.39,-0.227,,,,,,,3.913,1.615,-1.649,,,
KMT-2017-BLG-2331L b,KMT-2017-BLG-2331L,,0.4,0.32,-0.21,,,,,,,2.14,0.48,-0.42,,,
Kepler-1643 b,Kepler-1643,TIC 239307743,0.845,0.025,-0.025,14.072,0.092,-0.092,11.636,0.025,-0.025,0.0531,,,0.0,,
OGLE-2014-BLG-1722L b,OGLE-2014-BLG-1722L,,0.4,0.36,-0.24,,,,,,,1.5,0.6,-0.6,,,
HR 858 c,HR 858,TIC 178155732,1.204,0.052,-0.052,6.38,0.03,-0.03,5.149,0.02,-0.02,0.0687,0.00092,-0.00092,0.0,,
GJ 1061 b,GJ 1061,TIC 79611981,0.12,0.01,-0.01,12.7,0.2,-0.2,6.61,0.021,-0.021,0.021,0.001,-0.001,0.31,,
HD 11112 b,HD 11112,TIC 115319029,1.07,0.137,-0.137,7.13,0.03,-0.03,5.648,0.023,-0.023,13.38,2.17,-0.911,0.285,0.114,-0.202
Kepler-1269 b,Kepler-1269,TIC 158559018,1.1,0.085,-0.058,13.658,0.069,-0.069,12.218,0.018,-0.018,0.23611,0.00391,-0.00391,0.0,,
K2-409 b,K2-409,TIC 432261603,0.886,0.374,-0.271,12.902,0.092,-0.092,11.038,0.023,-0.023,,,,,,
Qatar-6 b,Qatar-6,TIC 311133118,0.822,0.021,-0.021,11.496,0.036,-0.036,9.226,,,0.0423,0.0004,-0.0004,0.0,,
KOI-984 c,KOI-984,TIC 122784501,0.928,0.031,-0.031,12.795,0.021,-0.021,10.016,0.021,-0.021,0.1467,0.0015,-0.0015,0.38,0.02,-0.02
KMT-2017-BLG-0849L b,KMT-2017-BLG-0849L,,0.19,0.23,-0.09,,,,,,,2.73,0.68,-0.62,,,
UZ For b,UZ For,TIC 144622139,0.7,,,16.7753,0.0939,-0.0939,14.776,0.124,-0.124,5.9,1.4,-1.4,0.04,0.05,-0.05
Kepler-1791 b,Kepler-1791,TIC 164728985,0.985,0.078,-0.064,13.529,0.092,-0.092,12.006,0.023,-0.023,0.0761,,,0.0,,
Kepler-972 b,Kepler-972,TIC 271967039,1.15,0.16,-0.121,15.084,0.092,-0.092,13.373,0.032,-0.032,0.0734,,,0.0,,
Kepler-978 b,Kepler-978,TIC 158317637,1.07,0.078,-0.074,13.513,0.114,-0.114,12.011,0.018,-0.018,0.2726,,,0.0,,
Kepler-1132 b,Kepler-1132,TIC 405719448,0.87,0.041,-0.048,15.818,0.103,-0.103,13.633,0.035,-0.035,0.2881,,,0.0,,
Kepler-413 b,Kepler-413,TIC 298969838,0.82,0.015,-0.014,15.885,0.126,-0.126,13.415,0.037,-0.037,0.3553,0.002,-0.0018,0.1181,0.0018,-0.0017
Kepler-1558 b,Kepler-1558,TIC 158322085,0.83,0.035,-0.044,13.809,0.103,-0.103,11.657,0.017,-0.017,0.04278,0.00016,-0.00016,0.0,,
WASP-8 c,WASP-8,TIC 183532609,1.04,0.08,-0.08,9.789,0.003,-0.003,8.086,0.023,-0.023,5.28,0.63,-0.34,0.0,0.0,0.0
Kepler-1983 b,Kepler-1983,TIC 169078948,0.812,0.058,-0.029,14.518,0.069,-0.069,12.232,0.021,-0.021,0.0689,,,0.0,,
Kepler-521 b,Kepler-521,TIC 268302011,1.34,0.063,-0.055,12.94,0.069,-0.069,11.67,0.023,-0.023,0.17116,0.00103,-0.00103,0.0,,
TOI-1516 b,TOI-1516,TIC 376637093,1.14,0.06,-0.06,10.858,0.008,-0.008,9.669,0.021,-0.021,,,,,,
Kepler-1576 b,Kepler-1576,TIC 121865123,1.05,0.074,-0.067,13.439,0.126,-0.126,11.8,0.022,-0.022,0.07211,0.00028,-0.00028,0.0,,
Kepler-539 c,Kepler-539,TIC 171510762,1.048,0.042,-0.042,12.444,0.057,-0.057,10.915,0.018,-0.018,2.42,0.5,-0.51,0.5,0.1,-0.1
KOI-7368 b,KOI-7368,TIC 27010191,0.879,0.018,-0.018,12.969,0.092,-0.092,10.794,0.017,-0.017,0.0678,,,0.0,,
EPIC 201833600 c,K2-50,TIC 363444743,0.611,0.056,-0.056,14.705,0.16,-0.16,11.664,0.023,-0.023,,,,,,
HATS-6 b,HATS-6,TIC 33521996,0.574,0.02,-0.027,15.044,0.092,-0.092,11.224,0.023,-0.023,0.03623,0.00042,-0.00057,0.0,,
HAT-P-35 b,HAT-P-35,TIC 455096220,1.236,0.048,-0.048,12.389,0.092,-0.092,11.03,0.021,-0.021,0.04978,0.00064,-0.00066,0.02,,
Kepler-343 c,Kepler-343,TIC 63120970,1.055,0.031,-0.03,14.063,0.114,-0.114,12.683,0.028,-0.028,0.167,,,0.0,,
Kepler-839 b,Kepler-839,TIC 159580625,1.22,0.062,-0.049,13.693,0.137,-0.137,12.25,0.019,-0.019,0.2316,0.00276,-0.00276,0.0,,
Kepler-1386 b,Kepler-1386,TIC 123201193,1.02,0.059,-0.051,14.597,0.114,-0.114,12.87,0.021,-0.021,0.068,,,0.0,,
WISPIT 1 b,WISPIT 1,TIC 268764100,0.72,0.081548,-0.084788,13.182,0.103,-0.103,10.121,0.019,-0.019,338.0,,,,,
K2-100 b,K2-100,TIC 307733361,1.15,0.05,-0.05,10.651,0.012,-0.012,9.182,0.018,-0.018,0.0301,0.0014,-0.0014,0.0,,
Kepler-956 b,Kepler-956,TIC 424867045,1.1,0.091,-0.073,13.387,0.069,-0.069,11.958,0.02,-0.02,0.06017,0.00045,-0.00045,0.0,,
Kepler-339 b,Kepler-339,TIC 26817284,0.87,0.01,-0.012,14.706,0.149,-0.149,12.874,0.031,-0.031,0.055,,,0.0,,
Kepler-1074 b,Kepler-1074,TIC 164724987,0.6,0.02,-0.026,15.599,0.092,-0.092,12.073,0.022,-0.022,0.0536,,,0.0,,
Kepler-1124 b,Kepler-1124,TIC 120963454,0.35,0.02,-0.021,16.745,1.133,-1.133,12.826,0.027,-0.027,0.0305,,,0.0,,
TOI-261.01,TOI-261,TIC 63898957,0.496728,,,9.56,0.03,-0.03,8.182,0.053,-0.053,0.034792189,,,,,
Kepler-303 c,Kepler-303,TIC 164460208,0.575,0.016,-0.016,14.917,0.183,-0.183,11.596,0.019,-0.019,0.057,,,0.0,,
Kepler-1855 b,Kepler-1855,TIC 237189544,0.385,0.055,-0.076,16.556,0.114,-0.114,12.032,0.028,-0.028,0.0115,,,0.0,,
Kepler-1345 b,Kepler-1345,TIC 63288941,1.32,0.222,-0.137,13.775,0.172,-0.172,12.563,0.027,-0.027,0.26412,0.0041,-0.0041,0.0,,
Kepler-522 b,Kepler-522,TIC 158657354,1.54,0.141,-0.109,12.22,0.332,-0.332,11.068,0.011,-0.011,0.25029,0.00118,-0.00118,0.0,,
Kepler-561 c,Kepler-561,TIC 270700432,0.96,0.068,-0.059,14.427,0.08,-0.08,12.585,0.023,-0.023,0.05947,0.00033,-0.00033,0.0,,
TOI-332 b,TOI-332,TIC 139285832,0.88,0.02,-0.02,12.349,0.046,-0.046,10.315,0.021,-0.021,0.0159,0.0001,-0.0001,0.0,,
HD 100546 b,HD 100546,TIC 280773136,2.4,0.1,-0.1,6.69,0.03,-0.03,5.418,0.023,-0.023,53.0,2.0,-2.0,,,
Kepler-601 b,Kepler-601,TIC 351801933,0.85,0.027,-0.033,14.151,0.103,-0.103,12.129,0.021,-0.021,0.05494,0.00056,-0.00056,0.0,,
Kepler-1021 b,Kepler-1021,TIC 271537790,0.89,0.053,-0.053,15.207,0.08,-0.08,13.332,0.038,-0.038,0.1034,,,0.0,,
K2-319 b,K2-319,TIC 301540319,0.954,0.055,-0.055,12.213,0.069,-0.069,10.223,0.025,-0.025,0.1516,0.0115,-0.0258,,,
Kepler-523 b,Kepler-523,TIC 164654277,0.93,0.028,-0.034,12.588,0.08,-0.08,10.827,0.017,-0.017,0.06159,0.00021,-0.00021,0.0,,
GJ 3222 b,GJ 3222,TIC 160004049,0.89,0.114,-0.114,6.9,0.03,-0.03,4.767,0.016,-0.016,0.091,0.004,-0.004,0.929,0.042,-0.08
Kepler-141 c,Kepler-141,TIC 273681580,0.878,0.007,-0.016,13.624,0.092,-0.092,11.393,0.017,-0.017,0.067,,,0.0,,
TOI-2768 b,TOI-2768,TIC 443556801,0.63,0.079,-0.079,12.66,0.069,-0.069,9.369,0.021,-0.021,0.027,0.0019,-0.0046,,,
Kepler-150 f,Kepler-150,TIC 121598758,0.97,,,15.161,0.252,-0.252,13.367,0.032,-0.032,1.24,0.29,-0.45,,,
Kepler-304 c,Kepler-304,TIC 377909730,0.737,0.005,-0.013,15.065,0.252,-0.252,12.626,0.033,-0.033,0.054,,,0.0,,
Kepler-1167 b,Kepler-1167,TIC 273875149,0.79,0.04,-0.049,16.047,0.229,-0.229,13.663,0.045,-0.045,0.0175,,,0.0,,
K2-43 b,K2-43,TIC 443616612,0.571,0.111,-0.055,15.748,1.133,-1.133,11.577,0.024,-0.024,0.03784,0.00063,-0.00063,0.07,0.149039,-0.057685
K2-398 b,K2-398,TIC 281660552,0.945,0.09,-0.083,13.287,0.149,-0.149,11.717,0.021,-0.021,,,,,,
Kepler-1096 b,Kepler-1096,TIC 271255413,0.66,0.034,-0.027,15.438,0.114,-0.114,12.384,0.023,-0.023,0.034,,,0.0,,
TOI-615 b,TOI-615,TIC 190496853,1.449,0.087,-0.087,10.825,0.008,-0.008,9.669,0.021,-0.021,0.0678,0.0031,-0.0026,0.39,,
HD 4308 b,HD 4308,TIC 234501204,0.93,0.1,-0.1,6.55,0.03,-0.03,4.945,0.02,-0.02,0.12,0.0,0.0,0.0,,
TOI-3464 b,TOI-3464,TIC 290504044,1.363,0.095,-0.099,12.731,0.08,-0.08,11.095,0.036,-0.036,0.0515,0.0012,-0.0013,0.25,,
TOI-4214 b,TOI-4214,TIC 409594381,1.382,0.064,-0.076,11.79,0.023,-0.023,10.036,0.024,-0.024,0.05018,0.00077,-0.00094,0.17,,
TOI-4465 b,TOI-4465,TIC 157236902,0.93,0.06,-0.06,10.427,0.006,-0.006,8.787,0.016,-0.016,0.416,0.014,-0.014,0.24,0.01,-0.01
Kepler-223 d,Kepler-223,TIC 273876171,1.125,0.094,-0.073,15.69,0.137,-0.137,13.633,0.047,-0.047,0.11956,0.00121,-0.00121,0.037,0.018,-0.017
Kepler-572 b,Kepler-572,TIC 350738817,0.83,0.044,-0.053,14.679,0.08,-0.08,12.558,0.021,-0.021,0.1192,,,0.0,,
Kepler-143 c,Kepler-143,TIC 28364164,0.982,0.028,-0.027,13.882,0.08,-0.08,12.223,0.025,-0.025,0.181,,,0.0,,
ups Leo b,ups Leo,TIC 49430557,1.48,0.9,-0.38,4.3049,0.023,-0.023,2.184,0.248,-0.248,1.18,0.11,-0.32,0.32,0.134,-0.218
Kepler-326 c,Kepler-326,TIC 270956861,0.91,0.011,-0.01,13.734,0.069,-0.069,11.673,0.019,-0.019,0.051,,,0.0,,
Kepler-1299 b,Kepler-1299,TIC 120762000,0.94,0.045,-0.057,15.962,0.446,-0.446,14.191,0.053,-0.053,0.1357,,,0.0,,
HD 10442 b,HD 10442,TIC 380908091,1.01,,,7.828,0.002,-0.002,5.59,0.016,-0.016,2.01,0.12,-0.12,0.132,0.044,-0.044
EPIC 212297394 b,EPIC 212297394,TIC 287331845,0.83,0.05,-0.04,14.611,0.114,-0.114,12.186,0.023,-0.023,,,,,,
Kepler-186 e,Kepler-186,TIC 268159861,0.478,0.055,-0.055,15.138,0.08,-0.08,11.605,0.018,-0.018,0.11,0.015,-0.015,0.0,,
HIP 41378 f,HIP 41378,TIC 366443426,1.16,0.04,-0.04,8.93,0.03,-0.03,7.722,0.031,-0.031,,,,,,
TOI-1438 c,TOI-1438,TIC 229650439,0.876,0.038,-0.038,10.957,0.014,-0.014,9.09,0.02,-0.02,0.083,0.003,-0.003,0.0,,
EPIC 220674823 b,EPIC 220674823,TIC 266015990,0.913,0.024,-0.024,12.101,0.031,-0.031,10.344,0.021,-0.021,0.01314,0.00032,-0.00034,0.0,,
TOI-1410 c,TOI-1410,TIC 199444169,0.7941,0.0209,-0.0225,11.111,0.015,-0.015,8.577,0.02,-0.02,0.239,0.004,-0.005,0.0,,
OGLE-2018-BLG-0799L b,OGLE-2018-BLG-0799L,,0.093,0.082,-0.038,,,,,,,1.28,0.48,-0.34,,,
Kepler-241 c,Kepler-241,TIC 137899939,0.671,0.017,-0.017,15.708,0.195,-0.195,12.881,0.033,-0.033,0.189,,,0.0,,
Kepler-1934 b,Kepler-1934,TIC 122680921,0.968,0.067,-0.067,12.874,0.057,-0.057,11.436,0.018,-0.018,0.02466,0.00028,-0.00028,0.0,,
Kepler-25 d,Kepler-25,TIC 120960812,1.165,0.027,-0.029,10.769,0.008,-0.008,9.493,0.017,-0.017,0.4164221832,,,0.13,0.13,-0.09
HD 177565 b,HD 177565,TIC 254147274,1.0,0.1,-0.1,6.15,0.03,-0.03,4.539,0.018,-0.018,0.246,0.019,-0.019,0.0593,0.1717,-0.05745
KPS-1 b,KPS-1,TIC 99834717,0.892,0.09,-0.1,12.97,0.092,-0.092,10.931,0.017,-0.017,0.0269,0.001,-0.001,0.0,,
Kepler-80 c,Kepler-80,TIC 184296619,0.73,0.03,-0.03,15.23,0.172,-0.172,12.253,0.02,-0.02,0.0792,0.0011,-0.0011,0.0079,0.004,-0.0037
Kepler-80 d,Kepler-80,TIC 184296619,0.73,0.03,-0.03,15.23,0.172,-0.172,12.253,0.02,-0.02,0.0372,0.0005,-0.0005,0.0041,0.0037,-0.0028
Kepler-132 b,Kepler-132,TIC 237158274,0.929,0.035,-0.033,11.922,0.026,-0.026,10.424,0.019,-0.019,0.067,,,0.0,,
Kepler-845 b,Kepler-845,TIC 417676802,0.79,0.033,-0.039,14.903,0.069,-0.069,12.515,0.029,-0.029,0.01668,0.00017,-0.00017,0.0,,
Kepler-1968 b,Kepler-1968,TIC 159762011,0.844,0.055,-0.08,16.303,0.217,-0.217,13.802,0.041,-0.041,0.0696,,,0.0,,
Kepler-106 d,Kepler-106,TIC 184997417,1.0,0.06,-0.06,12.923,0.08,-0.08,11.431,0.018,-0.018,0.16063,0.0019,-0.0019,0.0,,
Kepler-630 b,Kepler-630,TIC 138216186,1.02,0.043,-0.045,14.001,0.08,-0.08,12.293,0.022,-0.022,0.56201,0.00457,-0.00457,0.0,,
HD 102117 b,HD 102117,TIC 267519701,1.06,0.07,-0.07,7.47,0.03,-0.03,5.833,0.02,-0.02,0.15,0.0,0.0,0.12,0.08,-0.08
LHS 475 b,LHS 475,TIC 369327947,0.262,,,13.0,0.2,-0.2,7.686,0.042,-0.042,0.02037,0.00037,-0.00037,0.0,,
GJ 393 b,GJ 393,TIC 277888583,0.426,0.017,-0.017,9.65,0.1,-0.1,5.311,0.023,-0.023,0.05402,0.00072,-0.00072,,,
Qatar-7 b,Qatar-7,TIC 291685334,1.409,0.026,-0.026,13.134,0.069,-0.069,11.561,0.02,-0.02,0.0352,0.0002,-0.0002,0.0,,
OGLE-2018-BLG-1126L b,OGLE-2018-BLG-1126L,,0.69,0.41,-0.38,,,,,,,3.23,1.29,-1.71,,,
Kepler-19 d,Kepler-19,TIC 122375047,0.936,0.04,-0.04,12.035,0.026,-0.026,10.318,0.019,-0.019,,,,0.05,0.16,-0.01
KELT-9 b,KELT-9,TIC 16740101,2.52,0.25,-0.2,7.55,0.01,-0.01,7.482,0.02,-0.02,0.03462,0.0011,-0.00093,0.0,,
Kepler-1086 b,Kepler-1086,TIC 271545939,0.7,0.02,-0.03,16.002,0.069,-0.069,12.941,0.028,-0.028,0.1198,,,0.0,,
TOI-5799 c,TOI-5799,TIC 328081248,0.325,0.03,-0.03,13.29,0.077,-0.077,8.952,0.021,-0.021,0.0782,0.0023,-0.0025,,,
Kepler-1467 b,Kepler-1467,TIC 271427581,0.86,0.055,-0.057,15.83,0.229,-0.229,13.577,0.045,-0.045,0.2388,,,0.0,,
EPIC 220554210 c,K2-282,TIC 266030192,0.94,0.04,-0.04,14.21,0.114,-0.114,12.002,0.021,-0.021,,,,,,
HD 192263 b,HD 192263,TIC 243962745,0.66,0.08,-0.08,7.79,0.03,-0.03,5.537,0.023,-0.023,0.15,0.0,0.0,0.05,0.04,-0.04
HD 109271 c,HD 109271,TIC 429301734,1.047,0.024,-0.024,8.04,0.03,-0.03,6.495,0.026,-0.026,0.196,0.003,-0.003,0.15,0.09,-0.09
KMT-2016-BLG-1397L b,KMT-2016-BLG-1397L,,0.45,0.33,-0.28,,,,,,,5.1,1.5,-1.7,,,
OGLE-2015-BLG-1771L b,OGLE-2015-BLG-1771L,,0.077,0.119,-0.044,,,,,,,0.85,0.16,-0.16,,,
Kepler-1292 b,Kepler-1292,TIC 164830162,0.95,0.044,-0.044,16.337,0.104,-0.104,14.19,0.079,-0.079,0.0443,,,0.0,,
GJ 876 c,GJ 876,TIC 188580272,0.32,0.03,-0.03,10.16,0.1,-0.1,5.01,0.021,-0.021,0.12959,2.4e-05,-2.4e-05,0.25591,0.00093,-0.00093
OGLE-2013-BLG-1721L b,OGLE-2013-BLG-1721L,,0.46,0.26,-0.23,,,,,,,2.6,0.5,-0.7,,,
LHS 1140 c,LHS 1140,TIC 92226327,0.1844,0.0045,-0.0045,14.15,0.062,-0.062,8.821,0.024,-0.024,0.027,0.0005,-0.0005,0.05,,
GJ 357 d,GJ 357,TIC 413248763,0.342,0.011,-0.011,10.91,0.1,-0.1,6.475,0.017,-0.017,0.204,0.015,-0.015,,,
WASP-4 b,WASP-4,TIC 402026209,0.899,0.033,-0.031,12.483,0.041,-0.041,10.746,0.021,-0.021,0.02261,0.00036,-0.00027,0.0053,0.0038,-0.0038
51 Eri b,51 Eri,TIC 298810162,1.75,0.05,-0.05,5.21149,0.023,-0.023,4.537,0.024,-0.024,10.4,0.8,-1.1,0.57,0.08,-0.06
Kepler-49 b,Kepler-49,TIC 137555411,0.607,0.014,-0.014,15.655,0.046,-0.046,12.383,0.023,-0.023,0.05929,0.00227,-0.00227,0.0,,
WASP-29 b,WASP-29,TIC 183537452,0.77,0.25,-0.25,11.331,0.013,-0.013,8.783,0.02,-0.02,0.0457,0.0006,-0.0006,0.03,0.04,-0.04
K2-285 e,K2-285,TIC 262715204,0.83,0.023,-0.023,12.075,0.114,-0.114,9.971,0.022,-0.022,0.18041,0.0042,-0.0043,0.0,,
TOI-1443 b,TOI-1443,TIC 237232044,0.7663,0.0234,-0.0272,10.675,0.008,-0.008,8.674,0.02,-0.02,0.147,0.003,-0.003,0.0,,
HD 191939 b,HD 191939,TIC 269701147,0.81,0.04,-0.04,8.97,0.03,-0.03,7.18,0.021,-0.021,0.0804,0.0025,-0.0023,0.031,0.01,-0.011
TOI-500 c,TOI-500,TIC 134200185,0.74,0.017,-0.017,10.54,0.03,-0.03,7.715,0.026,-0.026,,,,0.072,0.074,-0.05
Kepler-637 b,Kepler-637,TIC 137626872,1.64,0.071,-0.096,13.5,0.103,-0.103,12.182,0.023,-0.023,0.16619,0.00153,-0.00153,0.0,,
Kepler-1675 b,Kepler-1675,TIC 350987771,1.06,,,13.672,0.126,-0.126,12.163,0.022,-0.022,0.32185,0.0026,-0.0026,0.0,,
Kepler-855 b,Kepler-855,TIC 271431851,1.03,0.065,-0.066,15.157,0.046,-0.046,13.338,0.031,-0.031,0.0762,,,0.0,,
TOI-1669 c,TOI-1669,TIC 428679607,0.9867,0.0322,-0.0309,10.218,0.004,-0.004,8.462,0.021,-0.021,0.0376,0.0007,-0.0007,0.0,,
K2-233 d,K2-233,TIC 428820090,0.79,0.01,-0.01,10.883,0.014,-0.014,8.375,0.023,-0.023,0.1516,0.003,-0.003,0.18,0.09,-0.09
Kepler-31 c,Kepler-31,TIC 270788519,1.21,0.17,-0.17,15.496,0.115,-0.115,13.871,0.05,-0.05,0.26,,,0.0,,
Kepler-509 b,Kepler-509,TIC 416283848,1.1,0.035,-0.039,11.848,0.046,-0.046,10.483,0.025,-0.025,0.23702,0.00228,-0.00228,0.0,,
Kepler-692 b,Kepler-692,TIC 138728891,0.9,0.053,-0.054,15.676,0.126,-0.126,13.702,0.049,-0.049,0.1495,,,0.0,,
Kepler-1052 b,Kepler-1052,TIC 271661839,1.03,0.082,-0.068,14.932,0.092,-0.092,13.305,0.034,-0.034,0.20988,0.00146,-0.00146,0.0,,
KMT-2021-BLG-1150L b,KMT-2021-BLG-1150L,,0.73,0.32,-0.3,,,,,,,4.5,1.6,-1.4,,,
Kepler-131 c,Kepler-131,TIC 121660708,1.02,0.06,-0.06,11.493,0.016,-0.016,10.079,0.017,-0.017,0.17391,0.00141,-0.00141,0.0,,
Kepler-376 b,Kepler-376,TIC 137219378,0.968,0.025,-0.023,13.86,0.126,-0.126,12.32,0.025,-0.025,0.057,,,0.0,,
K2-126 b,K2-126,TIC 422349422,0.69,0.01,-0.01,12.759,0.069,-0.069,9.712,0.021,-0.021,0.0656,0.0004,-0.0004,0.06,0.142277,-0.049906
K2-141 c,K2-141,TIC 301235044,0.708,0.028,-0.028,11.454,0.023,-0.023,8.401,0.023,-0.023,0.0683,0.00091,-0.00091,0.092,,
Kepler-1790 b,Kepler-1790,TIC 271164778,1.02,0.093,-0.078,14.179,0.092,-0.092,12.686,0.024,-0.024,0.20989,0.00136,-0.00136,0.0,,
Kepler-497 b,Kepler-497,TIC 122605766,1.09,0.095,-0.064,14.95,0.08,-0.08,13.21,0.038,-0.038,0.0457,,,0.0,,
Kepler-179 c,Kepler-179,TIC 268057162,0.893,0.013,-0.024,14.772,0.092,-0.092,12.75,0.026,-0.026,0.064,,,0.0,,
Kepler-334 c,Kepler-334,TIC 158394479,1.022,0.0235,-0.0235,12.834,0.069,-0.069,11.409,0.013,-0.013,0.107,,,0.0,,
HD 215152 e,HD 215152,TIC 251042502,0.77,0.015,-0.015,8.11,0.03,-0.03,5.775,0.026,-0.026,0.15417,0.00199,-0.00204,0.0,,
Kepler-1451 b,Kepler-1451,TIC 138217479,1.0,0.065,-0.066,15.313,0.115,-0.115,13.66,0.049,-0.049,0.2101,,,0.0,,
Kepler-444 d,Kepler-444,TIC 394172596,0.758,0.043,-0.043,8.87,0.03,-0.03,6.703,0.02,-0.02,0.06,0.0011,-0.0011,0.18,0.16,-0.12
DMPP-1 d,DMPP-1,TIC 66560666,1.21,0.03,-0.03,7.98,0.03,-0.03,6.69,0.024,-0.024,0.0422,0.0004,-0.0003,0.07,,
Kepler-605 b,Kepler-605,TIC 158423850,0.91,0.04,-0.04,14.376,0.103,-0.103,12.422,0.02,-0.02,0.04244,0.00054,-0.00054,0.0,,
MOA-2008-BLG-379L b,MOA-2008-BLG-379L,,0.56,0.24,-0.27,,,,,,,2.7,0.9,-1.0,,,
GJ 514 b,GJ 514,TIC 404519959,0.51,0.051,-0.051,9.05,0.1,-0.1,5.036,0.027,-0.027,0.422,0.014,-0.015,0.45,0.15,-0.14
Kepler-1478 b,Kepler-1478,TIC 138097834,1.04,0.074,-0.067,15.409,0.24,-0.24,13.873,0.059,-0.059,0.1681,,,0.0,,
HD 95735 c,GJ 411,TIC 166646191,0.3899,0.0106,-0.0061,7.49,0.1,-0.1,3.501,0.352,-0.352,2.94,0.14,-0.12,0.132,0.16,-0.091
TOI-782 b,TOI-782,TIC 429358906,0.397,0.01,-0.01,14.83,0.024,-0.024,9.86,0.024,-0.024,0.0578,0.0018,-0.0018,0.19,0.09,-0.11
HD 220074 b,HD 220074,TIC 269237357,2.2,2.62,-2.62,6.40607,0.023,-0.023,2.006,0.212,-0.212,1.6,0.13,-0.13,0.14,0.05,-0.05
GJ 806 c,GJ 806,TIC 239332587,0.413,0.011,-0.011,10.79,0.1,-0.1,6.533,0.016,-0.016,0.0523,0.0011,-0.0011,,,
HD 133131 A c,HD 133131 A,TIC 440955228,0.95,,,7.66,0.03,-0.03,6.895,0.02,-0.02,4.49,0.92,-0.92,0.49,0.22,-0.22
Kepler-582 b,Kepler-582,TIC 169556162,0.93,0.07,-0.066,15.097,0.023,-0.023,12.992,0.031,-0.031,0.1254,,,0.0,,
HD 50499 c,HD 50499,TIC 53175558,1.31,0.07,-0.07,7.21,0.03,-0.03,5.836,0.016,-0.016,9.02,1.73,-0.33,0.0,0.14,-0.02
HR 2562 b,HR 2562,TIC 167656187,1.368,0.018,-0.018,6.11,0.03,-0.03,5.02,0.016,-0.016,27.0,3.0,-3.0,,,
LP 890-9 b,LP 890-9,TIC 44898913,0.118,0.002,-0.002,18.0,0.2,-0.2,11.344,0.023,-0.023,0.01875,0.0001,-0.0001,,,
Kepler-206 c,Kepler-206,TIC 137342279,0.957,0.033,-0.03,13.507,0.08,-0.08,12.001,0.023,-0.023,0.111,,,0.0,,
Kepler-1039 b,Kepler-1039,TIC 274020852,0.79,0.046,-0.043,14.438,0.069,-0.069,11.753,0.019,-0.019,0.01714,0.00011,-0.00011,0.0,,
Kepler-255 c,Kepler-255,TIC 272083669,0.867,0.064,-0.032,15.699,0.172,-0.172,13.689,0.043,-0.043,0.092,,,0.0,,
GJ 667 C f,GJ 667 C,TIC 154385809,0.33,0.02,-0.02,10.602,0.023,-0.023,6.036,0.02,-0.02,0.156,0.014,-0.017,0.03,0.16,-0.03
HD 51608 c,HD 51608,TIC 279246287,0.8,,,8.17,0.03,-0.03,6.328,0.018,-0.018,0.3809,0.0153,-0.0164,0.14,0.07,-0.07
Kepler-1840 b,Kepler-1840,TIC 171090560,0.774,0.048,-0.028,15.192,0.15,-0.15,12.731,,,0.46206,0.00518,-0.00518,0.0,,
MOA-2013-BLG-605L b,MOA-2013-BLG-605L,,0.024,0.004,-0.003,,,,,,,0.93,0.08,-0.08,,,
HD 79498 b,HD 79498,TIC 85998162,1.08,0.15,-0.15,8.05,0.03,-0.03,6.53,0.017,-0.017,2.98,0.15,-0.15,0.575,0.023,-0.023
CoRoT-21 b,CoRoT-21,TIC 280420719,1.29,0.09,-0.09,16.058,0.435,-0.435,13.813,0.054,-0.054,0.0417,0.0011,-0.0011,0.0,,
TOI-1420 b,TOI-1420,TIC 321857016,0.987,0.048,-0.048,11.655,0.022,-0.022,10.119,0.022,-0.022,0.071,0.0012,-0.0012,0.17,,
TOI-1266 c,TOI-1266,TIC 467179528,0.437,0.021,-0.021,12.941,0.049,-0.049,8.84,0.02,-0.02,0.105,0.0017,-0.0017,0.071,,
Kepler-600 b,Kepler-600,TIC 164646661,0.84,0.046,-0.054,14.846,0.24,-0.24,12.812,0.033,-0.033,0.1536,,,0.0,,
HD 99492 c,HD 99492,TIC 363549734,0.85,0.02,-0.02,7.56727,0.023,-0.023,5.256,0.017,-0.017,,,,0.063,0.06,-0.04
KOI-3503 b,KOI-3503,TIC 138097784,0.858,0.022,-0.019,13.831,0.114,-0.114,12.483,0.026,-0.026,0.14247,0.00113,-0.00113,0.0,,
Kepler-22 b,Kepler-22,TIC 158984573,0.857,0.051,-0.043,11.751,0.057,-0.057,10.152,0.014,-0.014,0.812,0.011,-0.013,0.72,,
Kepler-1358 b,Kepler-1358,TIC 158169713,0.82,0.041,-0.049,14.693,0.103,-0.103,12.656,0.03,-0.03,0.0656,,,0.0,,
GJ 2126 b,GJ 2126,TIC 44082776,0.65,0.092,-0.075,10.7,0.03,-0.03,7.557,0.029,-0.029,0.71,0.03,-0.03,0.85,0.01,-0.01
K2-148 b,K2-148,TIC 423358488,0.65,0.061,-0.061,13.627,0.103,-0.103,10.292,0.025,-0.025,0.0454,0.0014,-0.0014,,,
Kepler-61 b,Kepler-61,TIC 271537530,0.635,0.037,-0.037,15.277,0.069,-0.069,12.272,0.019,-0.019,0.24861,0.00964,-0.00964,0.25,,
TOI-1691 b,TOI-1691,TIC 268334473,1.03,0.14,-0.14,10.134,0.004,-0.004,8.535,0.024,-0.024,0.129365,0.005726,-0.006268,0.0,,
Kepler-445 b,Kepler-445,TIC 268060194,0.18,0.04,-0.04,18.19,0.2,-0.2,12.61,0.028,-0.028,0.0217,,,0.0,,
HD 191939 g,HD 191939,TIC 269701147,0.81,0.04,-0.04,8.97,0.03,-0.03,7.18,0.021,-0.021,0.812,0.028,-0.028,0.03,0.025,-0.011
HD 191939 d,HD 191939,TIC 269701147,0.81,0.04,-0.04,8.97,0.03,-0.03,7.18,0.021,-0.021,0.2132,0.0065,-0.0061,0.031,0.018,-0.012
HIP 97166 b,HIP 97166,TIC 237222864,0.9342,0.0158,-0.0184,9.92,0.03,-0.03,7.923,0.02,-0.02,0.091,0.002,-0.002,0.29,0.072,-0.072
HD 93963 A b,HD 93963 A,TIC 368435330,1.0844,0.0252,-0.0314,9.182,0.003,-0.003,7.776,0.024,-0.024,0.02061,0.0004,-0.0004,0.0,,
HD 207897 b,HD 207897,TIC 264678534,0.8208,0.0226,-0.0253,8.37,0.03,-0.03,6.312,0.026,-0.026,0.117,0.002,-0.002,0.0,,
TOI-4961 b,TOI-4961,TIC 420202798,0.912,0.051,-0.04,12.486,0.057,-0.057,10.304,0.023,-0.023,0.0726,0.0013,-0.0011,0.182,0.04,-0.048
bet Pic b,bet Pic,TIC 270577175,1.795,0.027,-0.027,3.85,0.03,-0.03,3.526,0.222,-0.222,10.018,0.082,-0.076,0.106,0.007,-0.006
TOI-1203 b,TOI-1203,TIC 23434737,0.886,0.036,-0.036,8.59,0.03,-0.03,6.997,0.021,-0.021,0.04869,0.00094,-0.00095,0.067,0.063,-0.045
HD 4113 b,HD 4113,TIC 118586897,1.008,0.008,-0.008,7.88,0.03,-0.03,6.289,0.021,-0.021,1.28,0.004,-0.004,0.899,0.004,-0.003
TOI-5592 b,TOI-5592,TIC 88529975,1.194,0.069,-0.073,12.614,0.092,-0.092,11.363,0.018,-0.018,0.03935,0.00074,-0.00082,0.062,,
K2-253 b,K2-253,TIC 98669309,1.08,0.05,-0.08,15.002,0.149,-0.149,12.947,0.033,-0.033,0.0506,0.001,-0.0011,,,
EPIC 206024342 c,EPIC 206024342,TIC 75266189,0.928,0.082,-0.098,13.096,0.08,-0.08,11.487,0.023,-0.023,,,,,,
K2-148 c,K2-148,TIC 423358488,0.65,0.061,-0.061,13.627,0.103,-0.103,10.292,0.025,-0.025,0.0616,0.0019,-0.0019,,,
HD 87816 b,HD 87816,TIC 138998040,2.41,0.1,-0.1,6.5,0.03,-0.03,4.283,0.046,-0.046,1.618,0.0003,-0.0003,0.78,0.005,-0.005
Kepler-850 b,Kepler-850,TIC 26751527,1.06,0.067,-0.062,15.611,0.126,-0.126,13.987,0.063,-0.063,0.0744,,,0.0,,
Kepler-1004 b,Kepler-1004,TIC 28159194,1.11,0.185,-0.122,13.705,0.08,-0.08,11.06,0.014,-0.014,0.06791,0.00126,-0.00126,0.0,,
HD 102272 b,HD 102272,TIC 82605074,1.45,0.27,-0.27,8.69,0.03,-0.03,6.259,0.016,-0.016,0.51,0.03,-0.03,0.05,0.04,-0.04
Kepler-747 b,Kepler-747,TIC 121602473,0.82,0.039,-0.048,15.595,0.15,-0.15,13.63,,,0.1916,,,0.0,,
Kepler-25 b,Kepler-25,TIC 120960812,1.165,0.027,-0.029,10.769,0.008,-0.008,9.493,0.017,-0.017,0.0695,0.00068,-0.00068,0.0029,0.0023,-0.0017
HAT-P-32 b,HAT-P-32,TIC 292152376,1.132,0.051,-0.05,11.439,0.015,-0.015,9.99,0.022,-0.022,0.03397,0.00051,-0.0005,0.159,0.051,-0.028
Kepler-411 d,Kepler-411,TIC 399954349,0.87,0.039,-0.039,12.448,0.069,-0.069,10.062,0.023,-0.023,0.279,0.004,-0.004,0.128,0.003,-0.003
Kepler-82 f,Kepler-82,TIC 63372898,0.91,0.03,-0.03,15.131,0.492,-0.492,13.518,0.048,-0.048,0.3395,0.0041,-0.0041,0.0014,0.0018,-0.001
TOI-2202 c,TOI-2202,TIC 358107516,0.823,0.027,-0.023,13.004,0.103,-0.103,10.8,0.023,-0.023,0.15544,0.00255,-0.00263,0.0622,0.0452,-0.0211
GJ 273 c,GJ 273,TIC 318686860,0.29,,,9.84,0.1,-0.1,4.857,0.023,-0.023,0.036467,2e-06,-2e-06,0.17,0.13,-0.12
TOI-2589 b,TOI-2589,TIC 157698565,0.93,0.03,-0.02,11.415,0.012,-0.012,9.632,0.021,-0.021,0.3,0.006,-0.005,0.522,0.006,-0.006
K2-14 b,K2-14,TIC 366683184,0.47,0.01,-0.01,15.78,1.133,-1.133,12.611,0.031,-0.031,0.0627,0.0006,-0.0006,0.14,0.157139,-0.112926
CoRoT-14 b,CoRoT-14,TIC 282706928,1.13,0.09,-0.09,15.932,0.206,-0.206,13.806,0.053,-0.053,0.027,0.002,-0.002,0.0,,
KMT-2019-BLG-1339L b,KMT-2019-BLG-1339L,,0.48,0.4,-0.28,,,,,,,2.15,2.59,-1.58,,,
K2-172 c,K2-172,TIC 188507501,0.934356,0.025884,-0.026995,12.5,0.08,-0.08,10.661,0.019,-0.019,,,,,,
Kepler-1961 b,Kepler-1961,TIC 120821730,0.871,0.07,-0.104,15.809,0.252,-0.252,13.744,0.039,-0.039,0.0588,,,0.0,,
HD 184010 b,HD 184010,TIC 113329742,1.35,0.19,-0.21,5.88639,0.023,-0.023,3.98,0.306,-0.306,0.94,0.005,-0.001,0.0,,
Kepler-638 b,Kepler-638,TIC 120420633,0.88,0.044,-0.036,13.658,0.069,-0.069,11.683,0.02,-0.02,0.06695,0.00044,-0.00044,0.0,,
nu Oct A b,nu Oct A,TIC 352542468,1.57,0.06,-0.06,3.73,0.03,-0.03,1.458,0.306,-0.306,1.24,0.02,-0.02,0.195,0.05,-0.037
TOI-3023 b,TOI-3023,TIC 454248975,1.12,0.11,-0.06,12.252,0.08,-0.08,10.243,0.023,-0.023,0.0505,0.0015,-0.0009,0.0,,
Kepler-1598 b,Kepler-1598,TIC 158730471,1.07,0.068,-0.062,13.929,0.08,-0.08,12.42,0.02,-0.02,0.05207,0.00038,-0.00038,0.0,,
Kepler-1209 b,Kepler-1209,TIC 399953998,1.23,0.087,-0.05,12.554,0.069,-0.069,11.239,0.026,-0.026,0.17515,0.00154,-0.00154,0.0,,
EPIC 201238110 b,EPIC 201238110,TIC 35019000,0.41,0.112,-0.048,16.014,1.133,-1.133,11.933,0.024,-0.024,,,,,,
PSR J2322-2650 b,PSR J2322-2650,,1.4,,,,,,,,,0.0102,,,0.0017,,
Kepler-1802 b,Kepler-1802,TIC 239291510,0.649,0.032,-0.032,15.905,0.15,-0.15,12.397,,,0.0662,,,0.0,,
Kepler-330 b,Kepler-330,TIC 158727691,0.848,0.019,-0.027,15.569,0.092,-0.092,13.259,0.03,-0.03,0.075,,,0.0,,
Kepler-457 d,KOI-7892,TIC 123449386,1.148,0.192,-0.157,14.411,0.114,-0.114,12.966,0.023,-0.023,0.0996,,,0.0,,
Kepler-1420 b,Kepler-1420,TIC 272184502,0.82,0.055,-0.058,15.894,0.058,-0.058,13.76,0.046,-0.046,0.0671,,,0.0,,
TOI-904 b,TOI-904,TIC 261257684,0.557,0.028,-0.028,12.588,0.069,-0.069,8.766,0.021,-0.021,0.056,0.019,-0.012,,,
EPIC 206032309 b,EPIC 206032309,TIC 145752628,0.221,0.035,-0.062,17.89,0.2,-0.2,12.538,0.026,-0.026,,,,,,
K2-414 b,K2-414,TIC 301288279,0.814,0.363,-0.251,14.289,0.195,-0.195,11.438,0.023,-0.023,0.0487,0.0027,-0.0031,,,
Kepler-1650 b,Kepler-1650,TIC 273502299,0.326,0.047,-0.039,17.07,0.2,-0.2,12.199,0.021,-0.021,0.0167,,,0.01,0.15,-0.01
K2-50 b,K2-50,TIC 363444743,0.611,0.056,-0.056,14.705,0.16,-0.16,11.664,0.023,-0.023,0.0705,0.0022,-0.0022,,,
Kepler-377 b,Kepler-377,TIC 184015535,1.043,0.032,-0.031,14.081,0.103,-0.103,12.469,0.024,-0.024,0.109,,,0.0,,
K2-87 b,K2-87,TIC 17409453,1.164,0.042,-0.044,14.136,0.137,-0.137,11.197,0.019,-0.019,0.094,0.001,-0.001,,,
Kepler-1948 b,Kepler-1948,TIC 158489110,0.585,0.028,-0.038,14.569,0.092,-0.092,10.871,0.011,-0.011,0.1022,,,0.0,,
KMT-2021-BLG-2478L b,KMT-2021-BLG-2478L,,0.2,0.1,-0.05,,,,,,,1.85,0.31,-0.31,,,
K2-189 b,K2-189,TIC 422349881,0.85,0.03,-0.03,12.398,0.033,-0.033,10.589,0.021,-0.021,0.0361,0.0004,-0.0004,,,
TOI-2018 b,TOI-2018,TIC 357501308,0.57,0.02,-0.02,10.25,0.03,-0.03,7.104,0.017,-0.017,,,,0.0,,
Kepler-82 b,Kepler-82,TIC 63372898,0.91,0.03,-0.03,15.131,0.492,-0.492,13.518,0.048,-0.048,0.1683,0.002,-0.002,0.0033,0.0019,-0.00017
TOI-1246 c,TOI-1246,TIC 230127302,0.8889,0.0303,-0.0302,11.632,0.024,-0.024,9.907,0.036,-0.036,0.061,0.001,-0.001,0.0,,
Kepler-202 c,Kepler-202,TIC 258202719,0.683,0.018,-0.018,14.178,0.114,-0.114,11.639,0.023,-0.023,0.113,,,0.0,,
KMT-2019-BLG-1715L b,KMT-2019-BLG-1715L,,0.61,0.27,-0.28,,,,,,,3.32,0.82,-0.92,,,
Kepler-1755 b,Kepler-1755,TIC 239225129,1.003,0.129,-0.129,14.544,0.126,-0.126,12.911,0.031,-0.031,0.1668,,,0.0,,
HS Psc b,HS Psc,TIC 353804063,0.69,0.07,-0.07,10.769,0.087,-0.087,7.642,0.027,-0.027,0.0435,0.0017,-0.0017,0.27,0.21,-0.27
K2-278 b,K2-278,TIC 422334505,1.4,0.08,-0.08,13.446,0.092,-0.092,11.701,0.026,-0.026,0.0488,0.0009,-0.0009,,,
Kepler-411 c,Kepler-411,TIC 399954349,0.87,0.039,-0.039,12.448,0.069,-0.069,10.062,0.023,-0.023,0.0739,0.001,-0.001,0.108,0.003,-0.004
Kepler-411 e,Kepler-411,TIC 399954349,0.87,0.039,-0.039,12.448,0.069,-0.069,10.062,0.023,-0.023,0.186,0.003,-0.003,0.016,0.002,-0.001
Kepler-375 c,Kepler-375,TIC 299032517,0.891,0.029,-0.032,15.643,0.801,-0.801,14.081,0.055,-0.055,0.141,,,0.0,,
Kepler-552 b,Kepler-552,TIC 417659456,1.03,0.057,-0.062,14.476,0.183,-0.183,12.78,0.026,-0.026,0.0612,,,0.0,,
K2-353 b,K2-353,TIC 115010361,0.87,0.02,-0.02,12.337,0.057,-0.057,10.547,0.025,-0.025,,,,,,
HD 208527 b,HD 208527,TIC 283621278,1.6,0.4,-0.4,6.38984,0.023,-0.023,2.224,0.244,-0.244,2.1,0.2,-0.2,0.08,0.04,-0.04
BD+60 1417 b,BD+60 1417,TIC 159527171,1.0,,,9.374,0.003,-0.003,7.288,0.024,-0.024,1662.0,,,,,
Kepler-1833 b,Kepler-1833,TIC 159520040,1.286,0.081,-0.09,12.645,0.08,-0.08,11.29,0.013,-0.013,0.07545,0.0005,-0.0005,0.0,,
Lupus-TR-3 b,Lupus-TR-3,TIC 153091721,0.87,0.04,-0.04,19.6202,0.0561,-0.0561,15.068,0.149,-0.149,0.0464,0.0007,-0.0007,0.0,,
Kepler-800 b,Kepler-800,TIC 158275161,0.85,0.045,-0.054,15.92,0.115,-0.115,13.916,0.051,-0.051,0.1106,,,0.0,,
Kepler-1713 b,Kepler-1713,TIC 158432813,1.3,0.059,-0.072,11.065,0.009,-0.009,9.754,0.011,-0.011,0.14185,0.00116,-0.00116,0.0,,
HD 25015 b,HD 25015,TIC 178249461,0.86,0.101,-0.101,8.87,0.03,-0.03,6.806,0.026,-0.026,6.248,0.486,-0.439,0.341,0.085,-0.077
Kepler-1305 b,Kepler-1305,TIC 273131845,0.97,0.063,-0.06,15.834,0.183,-0.183,14.104,0.058,-0.058,0.1109,,,0.0,,
TOI-1272 c,TOI-1272,TIC 417948359,0.8772,0.0145,-0.0164,11.758,0.046,-0.046,9.701,0.02,-0.02,0.079,0.001,-0.001,0.12,0.0,0.0
Kepler-1313 b,Kepler-1313,TIC 63213622,0.92,0.031,-0.034,12.363,0.032,-0.032,10.088,0.016,-0.016,0.04619,0.00015,-0.00015,0.0,,
Kepler-1163 b,Kepler-1163,TIC 406950324,1.22,0.073,-0.053,12.208,0.069,-0.069,10.971,0.022,-0.022,0.06868,0.00055,-0.00055,0.0,,
Kepler-1890 b,Kepler-1890,TIC 137754713,1.024,0.1,-0.073,12.916,0.08,-0.08,11.566,0.021,-0.021,0.05712,0.0006,-0.0006,0.0,,
Kepler-112 b,Kepler-112,TIC 272943597,0.782,0.013,-0.009,13.927,0.103,-0.103,12.155,0.021,-0.021,0.076,,,0.0,,
Kepler-581 b,Kepler-581,TIC 184009313,1.0,0.079,-0.067,14.701,0.057,-0.057,12.932,0.027,-0.027,0.2259,,,0.0,,
HD 147873 b,HD 147873,TIC 211080657,1.38,0.05,-0.05,7.96,0.03,-0.03,6.581,0.029,-0.029,0.522,0.018,-0.018,0.207,0.013,-0.013
Kepler-1714 b,Kepler-1714,TIC 270698316,1.448,0.059,-0.148,11.041,0.01,-0.01,9.705,0.014,-0.014,0.10549,0.00053,-0.00053,0.0,,
TOI-1266 b,TOI-1266,TIC 467179528,0.437,0.021,-0.021,12.941,0.049,-0.049,8.84,0.02,-0.02,0.073,0.0011,-0.0011,0.039,0.035,-0.025
TOI-470 b,TOI-470,TIC 37770169,0.87,0.09,-0.09,11.171,0.017,-0.017,9.422,0.019,-0.019,0.119,0.008,-0.008,,,
Kepler-1484 b,Kepler-1484,TIC 137816475,0.94,0.076,-0.073,15.351,0.149,-0.149,13.646,0.044,-0.044,0.1939,,,0.0,,
Kepler-354 b,Kepler-354,TIC 120578185,0.652,0.016,-0.016,15.771,0.252,-0.252,13.16,0.031,-0.031,0.054,,,0.0,,
Kepler-616 d,Kepler-616,TIC 271355361,1.061,0.134,-0.134,15.021,0.058,-0.058,13.448,0.044,-0.044,0.2749,,,0.0,,
Kepler-271 c,Kepler-271,TIC 164414655,0.9,0.041,-0.045,13.578,0.16,-0.16,11.745,0.021,-0.021,0.06993,0.00087,-0.00087,0.0,,
MOA-2020-BLG-135L b,MOA-2020-BLG-135L,,0.23,0.39,-0.14,,,,,,,1.11,0.23,-0.2,,,
EPIC 201427007 b,EPIC 201427007,TIC 66664249,0.93,,,14.321,0.172,-0.172,12.581,0.029,-0.029,,,,,,
Kepler-740 b,Kepler-740,TIC 158270511,0.91,0.04,-0.043,16.022,0.183,-0.183,14.177,0.064,-0.064,0.0462,,,0.0,,
KELT-6 b,KELT-6,TIC 165987272,1.42,0.46,-0.46,10.371,0.007,-0.007,9.083,0.017,-0.017,0.07939,0.001,-0.00099,0.22,0.11,-0.11
HD 72659 c,HD 72659,TIC 121284864,1.09,0.134,-0.134,7.46,0.03,-0.03,5.982,0.024,-0.024,13.959,0.884,-0.861,0.091,0.055,-0.048
Kepler-1592 b,Kepler-1592,TIC 138364751,1.18,0.202,-0.124,14.94,0.183,-0.183,13.345,0.038,-0.038,0.04,,,0.0,,
Kepler-305 b,Kepler-305,TIC 171879024,0.76,0.13,-0.06,15.851,0.263,-0.263,13.702,0.042,-0.042,0.05746,0.00052,-0.00052,0.005,0.0035,-0.0034
KMT-2016-BLG-0212L b,KMT-2016-BLG-0212L,,0.48,0.38,-0.26,,,,,,,2.2,0.7,-0.7,,,
Kepler-123 c,Kepler-123,TIC 272944990,1.079,0.029,-0.03,14.129,0.069,-0.069,12.655,0.025,-0.025,0.181,,,0.0,,
LTT 3780 b,LTT 3780,TIC 36724087,0.381,0.024,-0.034,13.14,0.035,-0.035,8.204001,0.021,-0.021,0.01195,0.00028,-0.00029,0.0,,
K2-247 b,K2-247,TIC 110999033,0.74,0.03,-0.03,14.857,0.217,-0.217,11.556,0.027,-0.027,0.0304,0.0004,-0.0004,,,
Gl 410 b,Gl 410,TIC 97488127,0.55,0.02,-0.02,9.57,0.1,-0.1,5.688,0.021,-0.021,0.0531,0.0006,-0.0006,,,
KOI-1843.03,Kepler-974,TIC 120418600,0.46,0.08,-0.05,15.295,0.058,-0.058,11.056,0.017,-0.017,0.005,,,,,
K2-276 b,K2-276,TIC 14570090,0.82,0.02,-0.02,14.654,0.069,-0.069,12.26,0.022,-0.022,0.1291,0.0011,-0.0011,,,
K2-138 d,K2-138,TIC 4610830,0.935,0.019,-0.023,12.246,0.092,-0.092,10.305,0.021,-0.021,0.05893,0.0004,-0.0005,0.043,0.041,-0.03
Kepler-848 b,Kepler-848,TIC 26817863,1.01,0.042,-0.04,14.194,0.092,-0.092,12.431,0.025,-0.025,0.07586,0.00051,-0.00051,0.0,,
WASP-132 b,WASP-132,TIC 127530399,0.789,0.039,-0.039,11.938,0.046,-0.046,9.674,0.024,-0.024,0.0674,0.0029,-0.0029,0.0163,0.0067,-0.0069
HD 64114 b,HD 64114,TIC 36021583,0.95,0.05,-0.05,7.71,0.03,-0.03,6.046,0.024,-0.024,0.246,0.005,-0.005,0.12,0.08,-0.08
Kepler-750 c,Kepler-750,TIC 158931258,1.15,0.142,-0.084,14.634,0.092,-0.092,13.103,0.034,-0.034,0.05009,0.00045,-0.00045,0.0,,
K2-24 c,K2-24,TIC 68048686,1.07,0.06,-0.06,11.275,0.019,-0.019,9.18,0.021,-0.021,0.247,0.004,-0.004,0.07,,
GJ 180 d,GJ 180,TIC 246902275,0.43,,,10.914,0.026,-0.026,6.598,0.021,-0.021,0.309,0.01,-0.01,0.14,0.04,-0.04
OGLE-2015-BLG-1670L b,OGLE-2015-BLG-1670L,,0.55,0.28,-0.28,,,,20.3,1.3,-1.5,2.62,0.58,-0.6,,,
KMT-2019-BLG-0414L b,KMT-2019-BLG-0414L,,0.74,0.43,-0.38,,,,,,,1.16,0.47,-0.51,,,
Kepler-1570 b,Kepler-1570,TIC 269270853,0.92,0.089,-0.07,14.242,0.126,-0.126,11.997,0.021,-0.021,0.16699,0.00083,-0.00083,0.0,,
Kepler-164 e,Kepler-164,TIC 158561894,0.966,0.075,-0.068,14.379,0.08,-0.08,12.935,0.024,-0.024,0.4025,,,0.0,,
Kepler-58 e,Kepler-58,TIC 184471242,1.017,0.167,-0.125,15.086,0.092,-0.092,13.283,0.032,-0.032,0.0533,,,0.0,,
HD 12235 c,HD 12235,TIC 422679659,1.1,0.134,-0.134,5.88051,0.023,-0.023,4.494,0.016,-0.016,22.21,3.866,-2.766,0.174,0.11,-0.154
Kepler-224 e,Kepler-224,TIC 159642189,0.777,0.02,-0.022,15.801,0.126,-0.126,13.703,0.039,-0.039,0.124,,,0.0,,
Kepler-1487 c,Kepler-1487,TIC 184015844,1.801,0.193,-0.359,13.6,0.103,-0.103,12.289,0.017,-0.017,0.2588,,,0.0,,
TIC 88785435 b,TIC 88785435,TIC 88785435,0.724,0.017,-0.017,13.259,0.114,-0.114,9.546,0.021,-0.021,0.08432,0.00068,-0.00068,0.131,0.06,-0.064
Kepler-953 b,Kepler-953,TIC 158933249,0.95,0.031,-0.032,11.871,0.08,-0.08,10.295,0.016,-0.016,0.392,,,0.0,,
Kepler-1579 b,Kepler-1579,TIC 275571034,0.75,0.027,-0.043,15.49,0.137,-0.137,12.744,0.036,-0.036,0.014,,,0.0,,
OGLE-2019-BLG-0468L c,OGLE-2019-BLG-0468L,,0.92,0.49,-0.32,,,,,,,2.77,3.49,-2.12,,,
Kepler-1590 b,Kepler-1590,TIC 26416803,1.11,0.105,-0.074,14.186,0.183,-0.183,12.693,0.027,-0.027,0.07116,0.0004,-0.0004,0.0,,
HD 24040 b,HD 24040,TIC 456863621,1.11,0.12,-0.12,7.515,0.009,-0.009,5.969,0.02,-0.02,4.92,0.21,-0.21,0.04,0.06,-0.06
HD 28192 b,HD 28192,TIC 248644661,1.08,0.135,-0.135,8.06,0.03,-0.03,6.617,0.024,-0.024,0.118,0.005,-0.005,0.104,0.042,-0.023
MOA-2016-BLG-227L b,MOA-2016-BLG-227L,,0.29,0.23,-0.15,,,,,,,1.39,0.22,-0.22,,,
HD 160691 c,HD 160691,TIC 362661163,1.13,0.02,-0.02,5.12,0.03,-0.03,3.683,0.246,-0.246,4.17,0.07,-0.07,0.0985,0.0627,-0.0627
TOI-1899 b,TOI-1899,TIC 172370679,0.632,0.026,-0.025,14.88,0.2,-0.2,10.509,0.018,-0.018,0.1525,0.0065,-0.006,0.044,0.029,-0.027
K2-400 b,K2-400,TIC 345034874,0.374,0.009,-0.009,15.108,0.067,-0.067,10.405,0.024,-0.024,,,,,,
HD 159243 b,HD 159243,TIC 348652846,1.125,0.03,-0.03,8.65,0.03,-0.03,7.297,0.021,-0.021,0.11,0.002,-0.002,0.02,0.018,-0.018
Kepler-1360 b,Kepler-1360,TIC 239287622,1.51,0.225,-0.211,14.007,0.092,-0.092,12.547,0.031,-0.031,0.2866,,,0.0,,
Kepler-1668 b,Kepler-1668,TIC 273132513,0.98,,,15.792,0.366,-0.366,14.013,0.058,-0.058,0.124,,,0.0,,
WASP-69 b,WASP-69,TIC 248853232,0.83,0.05,-0.05,9.873,0.006,-0.006,7.459,0.024,-0.024,0.0453,0.0008,-0.0008,0.0,,
TOI-1444 b,TOI-1444,TIC 258514800,0.9513,0.0299,-0.0321,10.936,0.009,-0.009,9.061,0.021,-0.021,0.0116,0.0002,-0.0002,0.0,,
GJ 3512 c,GJ 3512,TIC 445064836,0.123,0.009,-0.009,15.18,0.2,-0.2,8.668,0.021,-0.021,1.731,0.043,-0.046,0.089,0.012,-0.012
GJ 463 b,GJ 463,TIC 147670988,0.486,0.014,-0.014,11.595,0.058,-0.058,7.122,0.018,-0.018,3.53,0.037,-0.038,0.146,0.014,-0.015
K2-31 b,K2-31,TIC 50171060,0.91,0.06,-0.06,10.802,0.01,-0.01,8.866,0.019,-0.019,0.022,0.0018,-0.0018,0.0,,
WASP-85 A b,WASP-85 A,TIC 380619414,1.09,0.08,-0.08,10.72,0.01,-0.01,8.733,0.026,-0.026,0.039,0.001,-0.001,0.0,,
Kepler-1985 b,Kepler-1985,TIC 270609465,0.877,0.064,-0.037,15.223,0.206,-0.206,13.556,0.043,-0.043,0.0426,,,0.0,,
Kepler-830 b,Kepler-830,TIC 271433874,1.07,0.121,-0.088,14.88,0.149,-0.149,13.269,0.034,-0.034,0.1033,,,0.0,,
TYC 3667-1280-1 b,TYC 3667-1280-1,TIC 312545949,1.87,0.17,-0.17,9.856,0.004,-0.004,7.1,0.017,-0.017,0.21,0.01,-0.01,0.036,0.043,-0.014
Kepler-724 b,Kepler-724,TIC 270521439,0.9,0.055,-0.053,15.284,0.103,-0.103,13.367,0.036,-0.036,0.0433,,,0.0,,
Kepler-442 b,Kepler-442,TIC 120499135,0.609,0.03,-0.026,15.322,0.057,-0.057,12.488,0.022,-0.022,0.409,0.209,-0.06,0.04,0.08,-0.04
HD 164509 b,HD 164509,TIC 382764222,1.12,0.19,-0.19,8.1,0.03,-0.03,6.586,0.021,-0.021,0.87,0.051,-0.051,0.238,0.062,-0.062
TOI-2266 b,TOI-2266,TIC 8348911,0.23,0.02,-0.02,16.54,0.2,-0.2,11.017,0.021,-0.021,0.02,0.002,-0.002,,,
Kepler-1177 b,Kepler-1177,TIC 399826020,0.98,0.034,-0.035,14.773,0.137,-0.137,12.967,0.034,-0.034,0.4301,,,0.0,,
HD 332231 b,HD 332231,TIC 199376584,1.1642,0.0317,-0.0337,8.558,0.002,-0.002,7.242,0.02,-0.02,0.145,0.003,-0.003,0.0,,
Kepler-399 b,Kepler-399,TIC 172373693,0.902,0.065,-0.033,14.686,0.16,-0.16,12.698,0.025,-0.025,0.103,,,0.0,,
OGLE-2018-BLG-0740L b,OGLE-2018-BLG-0740L,,1.0,0.1,-0.1,18.21,0.11,-0.11,,,,5.0,0.3,-0.3,0.0,,
HD 112300 b,HD 112300,TIC 411188061,1.4,0.3,-0.3,3.39515,0.023,-0.023,-1.189,0.194,-0.194,1.33,0.08,-0.11,0.36,0.06,-0.11
Kepler-462 c,Kepler-462,TIC 269263577,1.59,0.08,-0.08,11.632,0.016,-0.016,10.851,0.02,-0.02,0.7584,,,0.11,0.05,-0.02
Kepler-462 b,Kepler-462,TIC 269263577,1.59,0.08,-0.08,11.632,0.016,-0.016,10.851,0.02,-0.02,0.4172,,,0.042,0.046,-0.008
HIP 67851 c,HIP 67851,TIC 111947706,1.28,0.08,-0.08,6.17,0.03,-0.03,3.751,0.236,-0.236,4.55,0.05,-0.05,0.3,0.03,-0.03
Kepler-1106 b,Kepler-1106,TIC 159649503,1.11,0.139,-0.086,14.863,0.183,-0.183,13.234,0.024,-0.024,0.0239,,,0.0,,
Kepler-1001 c,Kepler-1001,TIC 405719252,0.93,,,15.582,0.126,-0.126,13.662,0.043,-0.043,0.08296,0.00065,-0.00065,0.0,,
HD 25463 c,HD 25463,TIC 407966340,1.251,0.0248,-0.0229,6.91134,0.023,-0.023,5.706,0.018,-0.018,0.0443,0.0008,-0.0008,0.0,,
Kepler-356 b,Kepler-356,TIC 137636895,1.163,0.031,-0.036,13.058,0.126,-0.126,11.704,0.021,-0.021,0.057,,,0.0,,
HD 134606 f,HD 134606,TIC 262457542,1.046,0.07,-0.059,6.86,0.03,-0.03,5.177,0.026,-0.026,0.1784,0.0039,-0.0041,0.081,0.1,-0.059
OGLE-2005-BLG-169L b,OGLE-2005-BLG-169L,,0.69,0.02,-0.02,22.783,0.067,-0.067,,,,3.5,0.3,-0.3,,,
Kepler-285 c,Kepler-285,TIC 26416742,0.915,0.026,-0.026,15.198,0.149,-0.149,13.319,0.039,-0.039,0.064,,,0.0,,
K2-36 c,K2-36,TIC 363445121,0.79,0.01,-0.01,11.726,0.037,-0.037,9.454001,0.025,-0.025,0.05528,0.00023,-0.00023,0.089,,
Kepler-1834 c,Kepler-1834,TIC 378087161,0.765,0.051,-0.028,15.18,0.08,-0.08,12.722,0.038,-0.038,0.015,,,0.0,,
Kepler-487 b,Kepler-487,TIC 139158696,0.91,0.036,-0.041,14.882,0.183,-0.183,13.25,0.037,-0.037,0.11819,0.00132,-0.00132,0.0,,
HD 208487 b,HD 208487,TIC 197686484,1.13,,,7.47,0.03,-0.03,6.159,0.034,-0.034,0.524,0.03,-0.03,0.24,0.16,-0.16
OGLE-2017-BLG-1434L b,OGLE-2017-BLG-1434L,,0.234,0.012,-0.012,,,,,,,1.18,0.1,-0.1,,,
Kepler-1821 b,Kepler-1821,TIC 27187386,0.946,0.044,-0.058,14.795,0.103,-0.103,13.058,0.036,-0.036,0.1244,,,0.0,,
Kepler-1090 c,Kepler-1090,TIC 271885110,0.869,0.065,-0.035,15.31,0.103,-0.103,13.07,0.025,-0.025,0.22622,0.00135,-0.00135,0.0,,
Kepler-263 c,Kepler-263,TIC 137637249,0.793,0.015,-0.024,15.435,0.137,-0.137,13.548,0.048,-0.048,0.242,,,0.0,,
HD 10180 g,HD 10180,TIC 231836962,1.06,0.05,-0.05,7.33,0.03,-0.03,5.868,0.018,-0.018,1.427,0.028,-0.028,0.263,0.152,-0.152
Kepler-461 b,Kepler-461,TIC 63206513,0.98,0.023,-0.029,13.457,0.103,-0.103,11.917,0.019,-0.019,0.07895,0.00072,-0.00072,0.0,,
TOI-4600 c,TOI-4600,TIC 232608943,0.89,0.05,-0.05,12.577,0.034,-0.034,10.571,0.018,-0.018,1.152,0.068,-0.068,0.21,0.29,-0.14
HD 66141 b,HD 66141,TIC 452867458,1.1,0.1,-0.1,4.37821,0.023,-0.023,1.447,0.308,-0.308,1.2,0.1,-0.1,0.07,0.03,-0.03
Kepler-1143 b,Kepler-1143,TIC 121215172,0.81,0.049,-0.046,15.493,0.16,-0.16,13.075,0.03,-0.03,0.0371,,,0.0,,
TOI-663 c,TOI-663,TIC 54962195,0.514,0.012,-0.012,13.667,0.023,-0.023,9.607,0.021,-0.021,0.0437,0.0016,-0.0016,,,
TOI-674 b,TOI-674,TIC 158588995,0.42,0.01,-0.01,14.203,0.041,-0.041,9.469,0.019,-0.019,0.025,0.0008,-0.0008,0.0,,
Kepler-1716 b,Kepler-1716,TIC 273035189,0.753,0.032,-0.059,13.129,0.057,-0.057,10.813,0.016,-0.016,0.18836,0.00174,-0.00174,0.0,,
Kepler-250 b,Kepler-250,TIC 159098652,0.806,0.02,-0.029,15.819,0.035,-0.035,13.483,0.037,-0.037,0.048,,,0.0,,
TOI-2015 c,TOI-2015,TIC 368287008,0.3041,0.0353,-0.0312,16.11,0.2,-0.2,10.263,0.019,-0.019,0.041232,4e-06,-4e-06,0.00033,0.0003,-0.0002
Kepler-476 b,Kepler-476,TIC 271430806,1.03,0.049,-0.045,14.018,0.114,-0.114,12.297,0.022,-0.022,0.1126,,,0.0,,
Kepler-1434 b,Kepler-1434,TIC 27534458,1.47,0.127,-0.118,12.198,0.057,-0.057,10.819,0.017,-0.017,0.0917,0.00048,-0.00048,0.0,,
HD 158259 e,HD 158259,TIC 188768068,1.08,0.1,-0.1,6.47915,0.023,-0.023,4.965,0.023,-0.023,,,,,,
Kepler-1240 b,Kepler-1240,TIC 258203566,0.98,0.048,-0.05,14.092,0.092,-0.092,12.361,0.029,-0.029,0.05791,0.00061,-0.00061,0.0,,
GJ 357 c,GJ 357,TIC 413248763,0.342,0.011,-0.011,10.91,0.1,-0.1,6.475,0.017,-0.017,0.061,0.004,-0.004,,,
CoRoT-7 c,CoRoT-7,TIC 280304863,0.899,0.122462,-0.095241,11.728,0.027,-0.027,9.806,0.021,-0.021,0.046,,,0.0,,
Kepler-593 b,Kepler-593,TIC 27391836,1.08,0.08,-0.067,14.622,0.206,-0.206,13.115,0.034,-0.034,0.1508,,,0.0,,
K2-164 b,K2-164,TIC 173090902,1.180894,0.093369,-0.061299,11.352,0.023,-0.023,9.775,0.019,-0.019,,,,,,
Kepler-1186 b,Kepler-1186,TIC 158730884,0.95,0.045,-0.052,15.367,0.057,-0.057,13.672,0.04,-0.04,0.1281,,,0.0,,
Kepler-27 d,Kepler-27,TIC 137556626,0.926,0.032,-0.064,15.822,0.069,-0.069,14.118,0.065,-0.065,0.06578,0.00047,-0.00047,0.0,,
HIP 71135 b,HIP 71135,TIC 457695809,0.66,0.04,-0.04,10.53,0.03,-0.03,7.242,0.021,-0.021,0.335,0.007,-0.007,0.21,0.13,-0.13
HR 858 d,HR 858,TIC 178155732,1.204,0.052,-0.052,6.38,0.03,-0.03,5.149,0.02,-0.02,0.1046,0.0014,-0.0014,0.0,,
USco1621 b,USco1621 A,TIC 322928241,0.36,0.08,-0.08,15.543,0.183,-0.183,10.193,0.021,-0.021,2880.0,20.0,-20.0,,,
TOI-5388.01,TOI-5388,TIC 407591297,0.28572,,,12.728,0.064,-0.064,8.319,0.021,-0.021,0.024335855,,,,,
Kepler-1847 b,Kepler-1847,TIC 272490211,1.041,0.14,-0.14,16.027,0.126,-0.126,14.192,0.062,-0.062,0.0989,,,0.0,,
Kepler-1782 b,Kepler-1782,TIC 123202646,0.794,0.035,-0.05,13.875,0.08,-0.08,11.576,0.016,-0.016,0.05825,0.00053,-0.00053,0.0,,
CoRoT-24 b,CoRoT-24,TIC 36105482,0.91,0.09,-0.09,15.383,0.114,-0.114,12.924,0.024,-0.024,0.056,0.002,-0.002,0.0,,
Kepler-1589 b,Kepler-1589,TIC 377909767,1.18,0.171,-0.106,15.074,0.126,-0.126,13.544,0.047,-0.047,0.0205,,,0.0,,
Kepler-495 b,Kepler-495,TIC 120692092,0.86,0.044,-0.052,14.942,0.092,-0.092,12.81,0.024,-0.024,0.0427,,,0.0,,
TOI-5704 b,TOI-5704,TIC 148673433,0.73,0.0846,-0.0846,11.529,0.046,-0.046,9.021,0.018,-0.018,,,,,,
Kepler-991 b,Kepler-991,TIC 28084836,0.64,0.028,-0.031,15.626,0.034,-0.034,12.611,0.024,-0.024,0.3104,,,0.0,,
TOI-128.01,TOI-128,TIC 391949880,0.851969,,,8.44,0.03,-0.03,6.932,0.033,-0.033,0.05381019,,,,,
Kepler-1774 b,Kepler-1774,TIC 121660779,1.101,0.173,-0.126,14.02,0.103,-0.103,12.505,0.024,-0.024,0.29496,0.00296,-0.00296,0.0,,
Kepler-1783 b,Kepler-1783,TIC 168811794,0.887,0.117,-0.157,13.309,0.08,-0.08,11.124,0.019,-0.019,0.07595,0.00038,-0.00038,0.0,,
Kepler-1806 b,Kepler-1806,TIC 399954605,0.884,0.07,-0.104,16.173,0.195,-0.195,14.039,0.063,-0.063,0.0813,,,0.0,,
Kepler-160 b,Kepler-160,TIC 158555483,1.003,0.036,-0.034,14.816,0.16,-0.16,13.052,0.026,-0.026,0.05511,0.0019,-0.0037,0.0,,
K2-52 b,K2-52,TIC 399155300,1.691,0.157,-0.143,15.93,0.03,-0.03,11.853,0.019,-0.019,0.054,0.002,-0.002,,,
HD 189733 b,HD 189733,TIC 256364928,0.79,0.08,-0.08,7.67,0.03,-0.03,5.541,0.021,-0.021,0.03126,0.00036,-0.00036,0.0,,
TOI-2184 b,TOI-2184,TIC 176956893,1.53,0.12,-0.12,12.254,0.04,-0.04,10.41,0.019,-0.019,,,,0.08,0.07,-0.07
TOI-2989 b,TOI-2989,TIC 97825640,0.77,0.02,-0.02,13.859,0.057,-0.057,10.861,0.021,-0.021,0.0384,0.0003,-0.0003,0.0,,
Kepler-314 b,Kepler-314,TIC 271052158,0.99,0.014,-0.015,12.64,0.08,-0.08,10.778,0.012,-0.012,0.035,,,0.0,,
Kepler-930 b,Kepler-930,TIC 274031725,1.25,0.224,-0.156,13.89,0.08,-0.08,12.258,0.021,-0.021,0.34593,0.00374,-0.00374,0.0,,
TOI-1694 c,TOI-1694,TIC 396740648,0.853,0.0227,-0.0249,11.446,0.015,-0.015,9.425,0.02,-0.02,0.1,0.02,-0.02,0.0,,
KOI-3680 b,KOI-3680,TIC 275574174,1.01,0.07,-0.16,14.616,0.103,-0.103,13.101,0.039,-0.039,0.534,0.012,-0.03,0.496,0.031,-0.031
Kepler-712 c,Kepler-712,TIC 271347119,0.84,0.031,-0.036,16.161,0.172,-0.172,13.841,0.052,-0.052,0.66479,0.00699,-0.00699,0.0,,
Kepler-983 b,Kepler-983,TIC 164882868,1.13,0.028,-0.024,14.1125,0.0463,-0.0463,12.169,0.021,-0.021,0.3148,,,0.0,,
TOI-2076 e,TOI-2076,TIC 27491137,0.8557,0.0201,-0.0212,9.139,0.002,-0.002,7.115,0.017,-0.017,0.0385,0.0021,-0.0049,,,
TOI-1117 b,TOI-1117,TIC 295541511,0.97,0.02,-0.02,11.016,0.023,-0.023,9.385,0.022,-0.022,0.033,0.0002,-0.0002,0.0,,
Kepler-757 b,Kepler-757,TIC 360022783,1.08,0.143,-0.11,15.066,0.16,-0.16,13.043,0.035,-0.035,0.019,,,0.0,,
Kepler-716 c,Kepler-716,TIC 159377404,0.83,,,15.314,0.275,-0.275,13.135,0.029,-0.029,0.04548,0.00043,-0.00043,0.0,,
TOI-1136 b,TOI-1136,TIC 142276270,1.022,0.027,-0.027,9.534,0.003,-0.003,8.034,0.021,-0.021,0.05106,0.0009,-0.0009,0.027,0.009,-0.009
Kepler-36 b,Kepler-36,TIC 350810590,1.034,0.022,-0.022,11.941,0.025,-0.025,10.788,0.022,-0.022,0.11419,0.0008,-0.0008,0.0,,
Kepler-367 b,Kepler-367,TIC 28159518,0.768,0.011,-0.013,13.193,0.297,-0.297,10.674,0.014,-0.014,0.201,,,0.0,,
Kepler-1848 b,Kepler-1848,TIC 268712158,0.756,0.042,-0.034,13.887,0.137,-0.137,11.529,0.02,-0.02,0.05835,0.00033,-0.00033,0.0,,
Kepler-1565 b,Kepler-1565,TIC 170241112,0.76,0.044,-0.058,15.381,0.195,-0.195,13.259,0.033,-0.033,0.0241,,,0.0,,
Kepler-36 c,Kepler-36,TIC 350810590,1.034,0.022,-0.022,11.941,0.025,-0.025,10.788,0.022,-0.022,0.12692,0.00092,-0.00092,0.0,,
Kepler-1720 b,Kepler-1720,TIC 272839596,0.939,0.081,-0.112,14.822,0.126,-0.126,12.891,0.026,-0.026,0.1043,,,0.0,,
TOI-1203 c,TOI-1203,TIC 23434737,0.886,0.036,-0.036,8.59,0.03,-0.03,6.997,0.021,-0.021,,,,0.092,0.081,-0.063
HD 106252 b,HD 106252,TIC 397558558,1.05,0.02,-0.02,7.41,0.03,-0.03,5.929,0.026,-0.026,2.655,0.017,-0.017,0.48,0.01,-0.01
Kepler-1723 b,Kepler-1723,TIC 271040560,0.96,0.142,-0.103,14.383,0.069,-0.069,12.849,0.031,-0.031,0.2249,,,0.0,,
Kepler-938 b,Kepler-938,TIC 271253308,0.92,0.046,-0.053,15.148,0.069,-0.069,13.26,0.035,-0.035,0.2689,,,0.0,,
HD 203387 c,HD 203387,TIC 288329878,2.817,0.271,-0.271,4.28,0.03,-0.03,2.206,0.27,-0.27,5.067,0.204,-0.196,0.202,0.125,-0.101
HU Aqr AB b,HU Aqr,TIC 364173220,0.88,,,16.183,0.334,-0.334,13.634,0.044,-0.044,3.6,0.8,-0.8,0.0,,
Kepler-535 b,Kepler-535,TIC 351192037,1.18,0.057,-0.042,13.209,0.092,-0.092,11.845,0.019,-0.019,0.06011,0.00029,-0.00029,0.0,,
TOI-3082 b,TOI-3082,TIC 428699140,0.664,0.0798,-0.0798,12.934,0.08,-0.08,9.881,0.021,-0.021,,,,,,
KOI-12 b,KOI-12,TIC 169461816,1.5,0.1,-0.1,11.51,0.014,-0.014,10.234,0.018,-0.018,0.154,0.004,-0.003,0.34,0.08,-0.07
WASP-18 c,WASP-18,TIC 100100827,1.22,,,9.28,0.03,-0.03,8.131,0.027,-0.027,0.035,,,0.015,,
Kepler-1747 b,Kepler-1747,TIC 164670571,0.983,0.065,-0.115,16.1966,0.0459,-0.0459,14.036,0.071,-0.071,0.066,,,0.0,,
K2-392 b,K2-392,TIC 8963531,0.841,0.37,-0.258,12.922,0.092,-0.092,11.238,0.024,-0.024,,,,,,
TIC 393818343 b,TIC 393818343,TIC 393818343,1.082,0.055,-0.056,9.48,0.004,-0.004,8.052,0.033,-0.033,0.1291,0.0021,-0.0022,0.6058,0.0023,-0.0023
TOI-2095 c,TOI-2095,TIC 235678745,0.44,0.02,-0.02,13.19,0.2,-0.2,8.988,0.015,-0.015,0.137,0.006,-0.006,0.0,,
Kepler-695 b,Kepler-695,TIC 171974763,0.84,0.052,-0.048,15.262,0.275,-0.275,12.922,0.03,-0.03,0.0374,,,0.0,,
K2-416 b,K2-416,TIC 301132473,0.548,0.012,-0.012,14.794,0.033,-0.033,10.734,0.021,-0.021,0.088,0.01,-0.021,,,
WASP-72 b,WASP-72,TIC 122612091,2.78,1.28,-1.28,10.868,0.007,-0.007,9.617,0.021,-0.021,0.03711,0.00048,-0.00051,0.0,,
KOI-4777.01,KOI-4777,TIC 158427808,0.41,0.02,-0.02,16.413,0.069,-0.069,12.449,0.018,-0.018,0.008,0.0003,-0.0003,0.0,,
Kepler-507 b,Kepler-507,TIC 27992970,1.16,0.07,-0.048,12.197,0.03,-0.03,10.665,0.017,-0.017,0.04781,0.00038,-0.00038,0.0,,
K2-157 d,K2-157,TIC 349445372,0.89,0.029,-0.029,12.942,0.069,-0.069,10.98,0.023,-0.023,0.309,0.0038,-0.0038,0.5,,
BD-06 1339 b,BD-06 1339,TIC 66914642,0.7,,,9.7,0.03,-0.03,6.305,0.018,-0.018,0.0428,0.0007,-0.0007,0.0,,
Kepler-1033 b,Kepler-1033,TIC 164560648,0.94,0.039,-0.044,16.186,0.343,-0.343,14.283,0.086,-0.086,0.0761,,,0.0,,
Kepler-1996 b,Kepler-1996,TIC 164892125,0.748,0.027,-0.043,15.11,0.114,-0.114,12.53,0.03,-0.03,0.1789,,,0.0,,
UKIRT-2017-BLG-001L b,UKIRT-2017-BLG-001L,,0.81,0.21,-0.27,,,,17.7,,,4.18,0.96,-0.88,,,
Kepler-45 b,Kepler-45,TIC 137899948,0.59,0.06,-0.06,16.744,1.133,-1.133,12.892,0.03,-0.03,0.03,,,0.11,0.1,-0.09
Kepler-395 c,Kepler-395,TIC 270520765,0.622827,0.021315,-0.021315,16.5919,0.046,-0.046,12.948,0.03,-0.03,0.177,,,0.0,,
TOI-2796 b,TOI-2796,TIC 220076110,1.063,0.057,-0.062,12.475,0.08,-0.08,10.936,0.023,-0.023,0.0569,0.001,-0.0011,0.0,,
Kepler-864 b,Kepler-864,TIC 164836049,1.0,0.048,-0.054,15.898,0.149,-0.149,14.218,0.078,-0.078,0.0687,,,0.0,,
K2-405 b,K2-405,TIC 149496868,1.034,0.459,-0.314,12.816,0.046,-0.046,10.547,0.016,-0.016,,,,,,
WASP-192 b,WASP-192,TIC 160578764,1.09,0.06,-0.06,12.678,0.057,-0.057,11.137,0.023,-0.023,0.0408,0.0008,-0.0008,0.0,,
Kepler-1394 b,Kepler-1394,TIC 164527695,1.64,0.091,-0.124,11.714,0.019,-0.019,10.679,0.016,-0.016,0.05474,0.00043,-0.00043,0.0,,
Kepler-428 b,Kepler-428,TIC 122596693,0.87,0.05,-0.05,15.362,0.035,-0.035,13.234,0.033,-0.033,0.0433,0.0009,-0.0009,0.22,,
HD 189567 c,HD 189567,TIC 352402781,0.83,0.01,-0.01,6.074,0.001,-0.001,4.511,0.026,-0.026,0.197,0.003,-0.003,0.16,0.09,-0.09
HD 1502 b,HD 1502,TIC 303193565,1.46,,,8.36,0.03,-0.03,6.12,0.026,-0.026,1.262,0.092,-0.092,0.031,0.022,-0.022
OGLE-2019-BLG-1180L b,OGLE-2019-BLG-1180L,,0.545,0.272,-0.26,,,,,,,5.19,0.9,-1.23,,,
Kepler-1710 b,Kepler-1710,TIC 137316027,0.932,0.051,-0.068,12.695,0.092,-0.092,11.047,0.02,-0.02,0.11583,0.00097,-0.00097,0.0,,
Kepler-1027 b,Kepler-1027,TIC 158552426,0.91,0.027,-0.021,12.994,0.08,-0.08,11.119,0.013,-0.013,0.02911,0.00013,-0.00013,0.0,,
Kepler-828 b,Kepler-828,TIC 158386765,0.81,0.037,-0.045,15.374,0.183,-0.183,12.992,0.027,-0.027,0.01228,0.00013,-0.00013,0.0,,
BD-11 4672 b,BD-11 4672,TIC 217831699,0.651,0.031,-0.029,10.03,0.03,-0.03,6.867,0.024,-0.024,2.36,0.04,-0.04,0.05,0.05,-0.03
Kepler-301 c,Kepler-301,TIC 48419097,1.022,0.021,-0.029,14.458,0.103,-0.103,12.706,0.027,-0.027,0.06,,,0.0,,
WASP-48 b,WASP-48,TIC 284475976,0.88,0.36,-0.36,11.647,0.019,-0.019,10.372,0.022,-0.022,0.03444,0.00045,-0.00045,0.0,,
TOI-2525 c,TOI-2525,TIC 149601126,0.849,0.042,-0.042,14.216,0.092,-0.092,11.905,0.024,-0.024,0.249,0.004,-0.004,0.157,0.008,-0.007
KOI-1783.02,KOI-1783,TIC 159051209,1.076,0.036,-0.032,13.978,0.08,-0.08,12.621,0.02,-0.02,0.86695,0.0092,-0.0092,0.0,,
Kepler-1270 b,Kepler-1270,TIC 399826741,1.28,0.014,-0.106,13.562,0.092,-0.092,11.242,0.023,-0.023,0.07045,0.00148,-0.00148,0.0,,
Kepler-197 e,Kepler-197,TIC 27397848,0.857,0.023,-0.019,11.775,0.024,-0.024,10.535,0.021,-0.021,0.164,,,0.38,0.25,-0.17
Kepler-1315 c,Kepler-1315,TIC 271881331,0.809,0.047,-0.042,15.133,0.069,-0.069,12.684,0.031,-0.031,0.0635,0.00035,-0.00035,0.0,,
Kepler-862 b,Kepler-862,TIC 273379660,0.88,0.043,-0.046,15.601,0.103,-0.103,13.315,0.035,-0.035,0.039,,,0.0,,
HD 18599 b,HD 18599,TIC 207141131,0.863,0.02,-0.02,8.99,0.03,-0.03,6.883,0.02,-0.02,0.048,0.0004,-0.0004,0.34,0.07,-0.09
HD 33564 b,HD 33564,TIC 142103211,1.25,0.03,-0.04,5.10111,0.023,-0.023,3.911,0.02,-0.02,1.1,,,0.34,0.02,-0.02
GJ 3138 b,GJ 3138,TIC 632528291,0.681,,,10.8275,0.0459,-0.0459,7.246,0.016,,0.0197,0.0005,-0.0005,0.19,0.18,-0.13
Kepler-1523 b,Kepler-1523,TIC 272083995,0.97,0.07,-0.062,14.993,0.103,-0.103,13.182,0.029,-0.029,0.01867,0.00018,-0.00018,0.0,,
Kepler-435 b,Kepler-435,TIC 63211674,1.538,0.088,-0.088,13.704,0.114,-0.114,12.291,0.022,-0.022,0.0948,0.0018,-0.0018,0.114,0.077,-0.077
Kepler-138 c,Kepler-138,TIC 159376971,0.535,0.012,-0.012,13.04,0.092,-0.092,9.506,0.011,-0.011,0.0913,0.0007,-0.0007,0.017,0.008,-0.007
HD 37605 c,HD 37605,TIC 144730053,0.94,0.15,-0.15,8.67,0.03,-0.03,6.815,0.021,-0.021,3.74,0.21,-0.21,0.03,0.012,-0.012
MOA-2010-BLG-353L b,MOA-2010-BLG-353L,,0.18,0.32,-0.11,,,,,,,1.72,0.56,-0.48,,,
K2-163 b,K2-163,TIC 56760743,0.826112,0.019092,-0.022721,13.078,0.503,-0.503,10.627,0.024,-0.024,,,,,,
Kepler-1370 b,Kepler-1370,TIC 120253552,1.19,0.155,-0.09,13.718,0.092,-0.092,12.349,0.02,-0.02,0.15763,0.00063,-0.00063,0.0,,
Kepler-257 d,Kepler-257,TIC 273132699,0.916,0.017,-0.017,15.652,0.15,-0.15,13.372,,,0.16,,,0.0,,
K2-376 b,K2-376,TIC 117414377,0.908,0.394,-0.281,10.415,0.006,-0.006,9.007,0.016,-0.016,,,,,,
USco CTIO 108 b,USco CTIO 108,TIC 48666170,0.06,0.02,-0.02,,,,12.507,0.03,-0.03,670.0,,,,,
Kepler-172 c,Kepler-172,TIC 237157751,1.081,0.027,-0.034,14.703,0.08,-0.08,12.793,0.036,-0.036,0.068,,,0.0,,
Kepler-1040 b,Kepler-1040,TIC 48217265,0.98,0.035,-0.037,13.614,0.16,-0.16,11.772,0.018,-0.018,0.67249,0.00766,-0.00766,0.0,,
Kepler-102 e,Kepler-102,TIC 123357864,0.803,0.021,-0.021,12.072,0.027,-0.027,9.351,0.011,-0.011,0.1162,0.001,-0.001,0.089,,
Kepler-102 d,Kepler-102,TIC 123357864,0.803,0.021,-0.021,12.072,0.027,-0.027,9.351,0.011,-0.011,0.08618,0.00076,-0.00076,0.092,,
HD 63935 c,HD 63935,TIC 453211454,0.9406,0.0342,-0.0318,8.58,0.03,-0.03,6.881,0.021,-0.021,0.148,0.003,-0.003,0.0,,
Kepler-1683 b,Kepler-1683,TIC 274126997,0.95,,,14.962,0.103,-0.103,13.04,0.028,-0.028,0.1182,,,0.0,,
K2-233 b,K2-233,TIC 428820090,0.79,0.01,-0.01,10.883,0.014,-0.014,8.375,0.023,-0.023,0.03293,0.00066,-0.00066,0.0,,
Kepler-102 c,Kepler-102,TIC 123357864,0.803,0.021,-0.021,12.072,0.027,-0.027,9.351,0.011,-0.011,0.06702,0.00059,-0.00059,0.094,,
HD 3167 c,HD 3167,TIC 318707987,0.837,0.053,-0.043,8.97,0.03,-0.03,7.066,0.02,-0.02,0.1776,0.0037,-0.0031,0.06,,
KIC 3558849 b,KIC 3558849,TIC 138888805,0.98,0.11,-0.11,14.32,0.114,-0.114,12.767,0.027,-0.027,,,,,,
Kepler-1348 b,Kepler-1348,TIC 26582909,1.04,0.068,-0.068,14.871,0.137,-0.137,13.242,0.04,-0.04,0.1834,,,0.0,,
WASP-194 b,WASP-194,TIC 400432230,1.29,0.08,-0.08,11.985,0.046,-0.046,10.875,0.021,-0.021,0.047,0.003,-0.003,0.0,,
HD 98736 b,HD 98736,TIC 3819571,0.92,0.13,-0.13,7.93,0.03,-0.03,6.028,0.017,-0.017,1.864,0.091,-0.091,0.226,0.064,-0.064
Kepler-208 c,Kepler-208,TIC 270781284,1.082,0.03,-0.03,13.561,0.057,-0.057,12.21,0.02,-0.02,0.079,,,0.0,,
HIP 38594 b,HIP 38594,TIC 128902569,0.61,0.02,-0.02,9.75,0.1,-0.1,6.169,0.021,-0.021,0.256,0.003,-0.003,0.17,0.11,-0.11
Kepler-175 c,Kepler-175,TIC 159099116,0.969,0.029,-0.029,15.225,0.137,-0.137,13.496,0.035,-0.035,0.213,,,0.0,,
KMT-2021-BLG-1303L b,KMT-2021-BLG-1303L,,0.57,0.32,-0.29,,,,,,,2.89,0.44,-0.66,,,
Kepler-433 b,Kepler-433,TIC 169556484,1.46,0.17,-0.17,14.717,0.137,-0.137,12.826,0.026,-0.026,0.0679,0.0027,-0.0027,0.119,0.079,-0.079
Kepler-398 d,Kepler-398,TIC 137155210,0.72,0.024,-0.028,13.499,0.08,-0.08,10.794,0.018,-0.018,0.0618,,,0.0,,
HD 99706 b,HD 99706,TIC 148680230,1.46,,,7.65,0.03,-0.03,5.335,0.016,-0.016,1.98,0.14,-0.14,0.25,0.16,-0.16
CoRoT-31 b,CoRoT-31,TIC 250595183,1.25,0.22,-0.21,15.479,0.309,-0.309,13.426,0.038,-0.038,0.0586,0.0034,-0.0034,0.02,0.16,-0.16
K2-312 c,HD 80653,TIC 55315929,1.18,0.04,-0.04,9.452,0.003,-0.003,8.018,0.021,-0.021,1.961,0.027,-0.027,0.853,0.011,-0.011
Kepler-1884 b,Kepler-1884,TIC 272707494,0.993,0.131,-0.131,15.433,0.195,-0.195,13.611,0.044,-0.044,0.0845,,,0.0,,
2MASS J03590986+2009361 b,2MASS J03590986+2009361,TIC 14183352,0.264996,0.020979,-0.020979,,,,12.533,0.028,-0.028,572.0,7.0,-7.0,,,
WASP-18 b,WASP-18,TIC 100100827,1.294,0.063,-0.061,9.28,0.03,-0.03,8.131,0.027,-0.027,0.02024,0.00029,-0.00031,0.0051,0.007,-0.0037
WASP-19 b,WASP-19,TIC 35516889,0.965,0.091,-0.095,12.248,0.069,-0.069,10.481,0.023,-0.023,0.01652,0.0005,-0.00056,0.0126,0.014,-0.0089
Kepler-1824 b,Kepler-1824,TIC 360023295,1.135,0.062,-0.07,14.976,0.183,-0.183,13.409,0.04,-0.04,0.4267,,,0.0,,
Kepler-334 b,Kepler-334,TIC 158394479,1.022,0.0235,-0.0235,12.834,0.069,-0.069,11.409,0.013,-0.013,0.061,,,0.0,,
Kepler-248 b,Kepler-248,TIC 275493574,0.838,0.018,-0.027,15.506,0.115,-0.115,13.357,0.053,-0.053,0.066,,,0.0,,
Kepler-730 c,Kepler-730,TIC 352013543,1.047,0.072,-0.054,15.782,0.069,-0.069,14.102,0.049,-0.049,0.03997,0.00089,-0.00069,0.0,,
Kepler-1530 b,Kepler-1530,TIC 298892283,0.92,0.04,-0.043,14.15,0.149,-0.149,12.3,0.025,-0.025,0.03553,0.00018,-0.00018,0.0,,
TOI-451 c,TOI-451,TIC 257605131,0.95,0.02,-0.02,10.939,0.008,-0.008,9.19,0.023,-0.023,0.0823,0.0033,-0.0036,0.0,,
Kepler-255 d,Kepler-255,TIC 272083669,0.9,0.043,-0.054,15.699,0.172,-0.172,13.689,0.043,-0.043,0.0192,,,0.0,,
Kepler-998 b,Kepler-998,TIC 27914290,1.12,0.098,-0.083,14.463,0.08,-0.08,12.888,0.031,-0.031,0.0626,,,0.0,,
HD 158259 b,HD 158259,TIC 188768068,1.08,0.1,-0.1,6.47915,0.023,-0.023,4.965,0.023,-0.023,,,,,,
KELT-20 b,KELT-20,TIC 69679391,1.76,0.14,-0.19,7.59,0.03,-0.03,7.415,0.017,-0.017,0.0542,0.0014,-0.0021,0.0,,
GJ 3929 b,GJ 3929,TIC 188589164,0.313,0.027,-0.022,12.675,0.023,-0.023,7.869,0.02,-0.02,0.0252,0.0005,-0.0005,0.0,,
K2-32 d,K2-32,TIC 437444661,0.83,0.02,-0.02,12.304,0.092,-0.092,9.821,0.019,-0.019,0.18422,0.00152,-0.00144,0.05,0.053,-0.035
TRAPPIST-1 b,TRAPPIST-1,TIC 278892590,0.0898,0.0023,-0.0023,17.02,0.2,-0.2,10.296,0.023,-0.023,0.01154,0.0001,-0.0001,0.00622,0.00304,-0.00304
K2-32 c,K2-32,TIC 437444661,0.83,0.02,-0.02,12.304,0.092,-0.092,9.821,0.019,-0.019,0.13843,0.00115,-0.00108,0.049,0.046,-0.035
Kepler-1700 b,Kepler-1700,TIC 158325998,1.12,,,13.764,0.057,-0.057,12.352,0.019,-0.019,0.76094,0.00812,-0.00812,0.0,,
Kepler-256 e,Kepler-256,TIC 63362772,1.037,0.024,-0.028,15.178,0.103,-0.103,13.424,0.043,-0.043,0.096,,,0.0,,
HR 8799 b,HR 8799,TIC 245368902,1.5,0.3,-0.3,5.98,0.01,-0.01,5.24,0.018,-0.018,68.0,,,,,
KELT-2 A b,KELT-2 A,TIC 97735908,1.54,0.28,-0.28,8.68,0.03,-0.03,7.346,0.031,-0.031,0.05497,0.00037,-0.00037,0.0,,
TOI-1273 b,TOI-1273,TIC 445859771,1.06,0.06,-0.06,10.98,0.009,-0.009,9.417,0.024,-0.024,0.0549,0.001,-0.001,0.055,0.032,-0.032
Kepler-167 b,Kepler-167,TIC 137686948,0.777,0.034,-0.031,14.284,0.126,-0.126,11.832,0.022,-0.022,0.04825,0.0007,-0.0007,0.0,,
Kepler-138 e,Kepler-138,TIC 159376971,0.535,0.012,-0.012,13.04,0.092,-0.092,9.506,0.011,-0.011,0.1803,0.0014,-0.0014,0.112,0.018,-0.024
Kepler-125 c,Kepler-125,TIC 273873718,0.542101,0.020298,-0.020298,15.431,0.046,-0.046,11.682,0.019,-0.019,0.051,,,0.0,,
Kepler-267 d,Kepler-267,TIC 269357457,0.541571,0.020592,-0.020592,16.69,0.2,-0.2,12.485,0.024,-0.024,0.154,,,0.0,,
GJ 3988 b,GJ 3988,TIC 274626553,0.1842,0.0153,-0.0153,13.627,0.098,-0.098,7.921,0.021,-0.021,0.0405,0.0011,-0.0012,0.0,,
Kepler-569 b,Kepler-569,TIC 48353203,0.95,0.033,-0.035,14.244,0.195,-0.195,12.513,0.024,-0.024,0.19784,0.00247,-0.00247,0.0,,
Kepler-751 b,Kepler-751,TIC 271259677,0.87,0.049,-0.057,15.211,0.114,-0.114,13.124,0.029,-0.029,0.1263,,,0.0,,
Kepler-1482 b,Kepler-1482,TIC 279917678,0.88,0.041,-0.047,13.967,0.114,-0.114,11.996,0.028,-0.028,0.09968,0.00049,-0.00049,0.0,,
Kepler-1781 b,Kepler-1781,TIC 63005080,1.053,0.084,-0.115,15.713,0.069,-0.069,14.018,0.072,-0.072,0.0574,,,0.0,,
KMT-2018-BLG-0030L b,KMT-2018-BLG-0030L,,0.51,0.43,-0.31,,,,,,,4.39,2.18,-2.4,,,
TOI-431 c,TOI-431,TIC 31374837,0.78,0.07,-0.07,9.12,0.03,-0.03,6.723,0.021,-0.021,0.052,0.001,-0.001,0.0,,
Kepler-332 b,Kepler-332,TIC 158272257,0.743,0.014,-0.025,14.243,0.103,-0.103,11.974,0.018,-0.018,0.07,,,0.0,,
Kepler-508 b,Kepler-508,TIC 271671025,1.16,0.064,-0.054,11.592,0.021,-0.021,10.379,0.012,-0.012,0.17274,0.00168,-0.00168,0.0,,
Kepler-1896 b,Kepler-1896,TIC 394175334,1.07,0.137,-0.15,15.844,0.092,-0.092,14.165,0.054,-0.054,0.2529,,,0.0,,
KOI-1599.02,KOI-1599,TIC 170647523,1.02,,,14.795,0.126,-0.126,13.238,0.031,-0.031,0.112293,,,0.0114,,
Kepler-481 b,Kepler-481,TIC 26541093,1.01,0.039,-0.035,14.054,0.149,-0.149,12.383,0.025,-0.025,0.08926,0.00081,-0.00081,0.0,,
Kepler-1005 b,Kepler-1005,TIC 158215347,1.0,0.037,-0.035,13.371,0.137,-0.137,11.718,0.014,-0.014,0.06717,0.00068,-0.00068,0.0,,
K2-22 b,K2-22,TIC 363445338,0.595292,0.059529,-0.059529,15.565,0.046,-0.046,11.924,0.026,-0.026,0.009,0.0,0.0,0.19,0.221175,-0.152914
Kepler-1322 b,Kepler-1322,TIC 275490412,0.9,0.052,-0.056,15.876,0.229,-0.229,14.068,0.079,-0.079,0.0183,,,0.0,,
Kepler-1300 b,Kepler-1300,TIC 121865605,1.29,0.164,-0.15,12.861,0.103,-0.103,11.383,0.018,-0.018,0.16005,0.00112,-0.00112,0.0,,
K2-104 b,K2-104,TIC 175194958,0.51,0.02,-0.02,15.989,0.206,-0.206,12.014,0.021,-0.021,0.0242,0.0022,-0.0055,0.09,0.167783,-0.07267
WASP-167 b,WASP-167,TIC 104024556,1.59,0.08,-0.08,10.517,0.007,-0.007,9.76,0.021,-0.021,0.0365,0.0006,-0.0006,,,
Kepler-888 b,Kepler-888,TIC 27531978,0.97,0.03,-0.03,13.061,0.069,-0.069,11.594,0.019,-0.019,0.31481,0.00319,-0.00319,0.0,,
K2-54 b,K2-54,TIC 12822545,0.615,0.031,-0.031,14.542,0.137,-0.137,11.075,0.043,-0.043,0.0761,0.0013,-0.0013,0.24,0.4,-0.18
Kepler-401 c,Kepler-401,TIC 267746315,1.173,0.068,-0.048,13.366,0.08,-0.08,11.987,0.021,-0.021,0.269,,,0.0,,
HD 76920 b,HD 76920,TIC 302372658,1.0,0.2,-0.2,7.83,0.03,-0.03,5.253,0.026,-0.026,1.091,0.068,-0.077,0.8782,0.0025,-0.0025
Kepler-920 b,Kepler-920,TIC 267570317,0.89,0.039,-0.049,15.492,0.069,-0.069,13.511,0.036,-0.036,0.065,,,0.0,,
Kepler-1731 b,Kepler-1731,TIC 137099260,0.781,0.034,-0.049,12.742,0.092,-0.092,10.41,0.017,-0.017,0.1399,0.00095,-0.00095,0.0,,
Kepler-1438 b,Kepler-1438,TIC 121946404,0.97,0.05,-0.046,14.983,0.217,-0.217,13.136,0.041,-0.041,0.0346,,,0.0,,
K2-390 b,K2-390,TIC 9030119,0.789,0.351,-0.239,13.611,0.069,-0.069,11.718,0.026,-0.026,,,,,,
Kepler-336 b,Kepler-336,TIC 122298677,1.09,0.059,-0.042,13.677,0.149,-0.149,12.144,0.022,-0.022,0.033,,,0.0,,
Kepler-788 b,Kepler-788,TIC 122224871,1.16,0.13,-0.101,15.45,0.149,-0.149,13.873,0.049,-0.049,0.0835,,,0.0,,
Kepler-1225 b,Kepler-1225,TIC 122595850,1.13,0.136,-0.093,14.819,0.195,-0.195,13.282,0.038,-0.038,0.0771,,,0.0,,
Kepler-19 b,Kepler-19,TIC 122375047,0.936,0.04,-0.04,12.035,0.026,-0.026,10.318,0.019,-0.019,0.0846,0.0012,-0.0012,0.41,,
Kepler-440 b,Kepler-440,TIC 120495880,0.575,0.043,-0.047,15.637,0.172,-0.172,12.121,0.021,-0.021,0.242,0.066,-0.041,0.34,0.12,-0.19
Kepler-1937 b,Kepler-1937,TIC 122597057,1.19,0.181,-0.163,14.163,0.126,-0.126,12.817,0.027,-0.027,0.0915,0.00098,-0.00098,0.0,,
Kepler-335 b,Kepler-335,TIC 272085033,1.367,0.024,-0.022,14.111,0.103,-0.103,12.496,0.016,-0.016,0.075,,,0.0,,
Kepler-1035 b,Kepler-1035,TIC 158927791,0.98,0.061,-0.064,13.097,0.092,-0.092,11.416,0.011,-0.011,0.03883,0.00043,-0.00043,0.0,,
BD-17 63 b,BD-17 63,TIC 75377076,0.741,0.04,-0.04,9.62,0.03,-0.03,6.914,0.024,-0.024,1.34,0.02,-0.02,0.5439,0.0052,-0.0052
Kepler-1301 b,Kepler-1301,TIC 158278132,0.85,0.036,-0.042,15.656,0.092,-0.092,13.469,0.039,-0.039,0.0815,,,0.0,,
TOI-4364 b,TOI-4364,TIC 4070275,0.487,0.017,-0.016,13.564,0.034,-0.034,9.075,0.024,-0.024,0.04753,0.00053,-0.00054,0.29,0.38,-0.17
GJ 433 d,GJ 433,TIC 57654763,0.48,,,9.81,0.1,-0.1,5.623,0.021,-0.021,0.178,0.006,-0.006,0.07,0.05,-0.05
Pr0211 b,Pr0211,TIC 175291727,0.935,0.013,-0.013,12.163,0.08,-0.08,10.173,0.016,-0.016,0.03176,0.00015,-0.00015,0.011,0.012,-0.008
Kepler-1423 b,Kepler-1423,TIC 121599740,0.79,0.035,-0.043,14.721,0.195,-0.195,12.405,0.021,-0.021,0.1586,,,0.0,,
Kepler-1797 b,Kepler-1797,TIC 63288848,1.069,0.144,-0.144,15.421,0.081,-0.081,13.83,0.058,-0.058,0.1637,,,0.0,,
Kepler-1909 b,Kepler-1909,TIC 159573063,0.663,0.088,-0.044,15.933,0.263,-0.263,13.558,0.037,-0.037,0.0306,,,0.0,,
KMT-2019-BLG-0578L b,KMT-2019-BLG-0578L,,0.28,0.28,-0.14,,,,,,,2.0,0.3,-0.3,,,
Kepler-111 c,Kepler-111,TIC 63001143,1.118,0.061,-0.068,13.543,0.069,-0.069,12.11,0.023,-0.023,0.751,0.013,-0.016,0.176,0.08,-0.085
Kepler-24 c,Kepler-24,TIC 122376177,1.06,0.069,-0.069,15.04,0.08,-0.08,13.372,0.037,-0.037,0.10612,0.00115,-0.00115,0.014,0.011,-0.011
TOI-6002 b,TOI-6002,TIC 102734241,0.2101,0.0049,-0.0048,14.6,0.2,-0.2,10.175,0.019,-0.019,0.05722,0.00044,-0.00044,0.15,0.42,-0.11
HAT-P-33 b,HAT-P-33,TIC 239154970,1.82,1.45,-1.45,11.032,0.014,-0.014,10.004,0.018,-0.018,0.04995,0.00048,-0.00049,0.0,,
Kepler-390 c,Kepler-390,TIC 137340986,0.787,0.025,-0.015,14.231,0.092,-0.092,12.075,0.023,-0.023,0.101,,,0.0,,
HD 95089 b,HD 95089,TIC 345078350,1.54,,,7.92,0.03,-0.03,5.626,0.018,-0.018,1.36,0.13,-0.13,0.119,0.072,-0.072
Kepler-627 b,Kepler-627,TIC 137413972,1.3,0.21,-0.137,14.181,0.206,-0.206,12.608,0.029,-0.029,0.22661,0.00199,-0.00199,0.0,,
HD 113538 b,HD 113538,TIC 422214062,0.585,0.05,-0.05,9.05,0.03,-0.03,5.637,0.024,-0.024,1.24,0.04,-0.04,0.14,0.08,-0.08
KMT-2021-BLG-1391L b,KMT-2021-BLG-1391L,,0.37,0.19,-0.19,,,,,,,2.29,0.56,-0.71,,,
TOI-1776 b,TOI-1776,TIC 21535395,0.9196,0.0328,-0.0317,8.26,0.03,-0.03,6.687,0.02,-0.02,0.0378,0.0007,-0.0008,0.0,,
Kepler-1698 b,Kepler-1698,TIC 138105005,0.822,0.114858,-0.077645,13.054,0.092,-0.092,10.915,0.018,-0.018,0.02065,0.0001,-0.0001,0.0,,
Kepler-688 b,Kepler-688,TIC 378085713,0.98,0.066,-0.068,15.805,0.115,-0.115,13.924,0.066,-0.066,0.046,,,0.0,,
Kepler-139 e,Kepler-139,TIC 123450224,1.078,0.0255,-0.0255,12.775,0.092,-0.092,11.167,0.016,-0.016,3.23579639,,,0.013121,0.046302,-0.046302
K2-195 b,K2-195,TIC 178941218,0.94,0.04,-0.04,12.524,0.046,-0.046,10.876,0.023,-0.023,0.1208,0.0016,-0.0017,,,
WASP-132 c,WASP-132,TIC 127530399,0.789,0.039,-0.039,11.938,0.046,-0.046,9.674,0.024,-0.024,0.01833,0.00079,-0.00079,0.0,,
KMT-2021-BLG-1554L b,KMT-2021-BLG-1554L,,0.08,0.13,-0.04,,,,,,,0.72,0.13,-0.14,,,
Kepler-402 b,Kepler-402,TIC 158725491,1.072,0.036,-0.029,13.27,0.092,-0.092,11.993,0.018,-0.018,0.051,,,0.0,,
Kepler-344 b,Kepler-344,TIC 63289452,0.931,0.02,-0.029,15.539,0.629,-0.629,13.66,0.054,-0.054,0.153,,,0.0,,
Kepler-1935 b,Kepler-1935,TIC 184469205,0.845,0.111,-0.074,14.522,0.137,-0.137,12.683,0.023,-0.023,0.0463,,,0.0,,
Kepler-1375 b,Kepler-1375,TIC 272269239,1.47,0.224,-0.157,13.864,0.126,-0.126,12.362,0.018,-0.018,0.0471,,,0.0,,
Kepler-1321 c,Kepler-1321,TIC 271165895,0.54,0.072,-0.036,17.5054,0.0466,-0.0466,13.884,0.054,-0.054,0.0267,,,0.0,,
Kepler-670 b,Kepler-670,TIC 27990610,0.99,0.054,-0.057,15.162,0.046,-0.046,13.315,0.039,-0.039,0.0383,,,0.0,,
KMT-2016-BLG-2142L b,KMT-2016-BLG-2142L,,0.073,0.117,-0.04,,,,,,,0.83,0.15,-0.2,,,
GJ 238 b,GJ 238,TIC 260708537,0.4193,0.0095,-0.0098,11.62,0.1,-0.1,7.03,0.023,-0.023,0.02123,0.00016,-0.00017,,,
EPIC 206024342 b,EPIC 206024342,TIC 75266189,0.928,0.082,-0.098,13.096,0.08,-0.08,11.487,0.023,-0.023,,,,,,
Kepler-1688 b,Kepler-1688,TIC 122068161,0.814,0.029,-0.05,14.142,0.137,-0.137,11.755,0.02,-0.02,0.0577,,,0.0,,
Kepler-1891 b,Kepler-1891,TIC 159221689,0.873,0.092,-0.092,14.412,0.149,-0.149,12.538,0.019,-0.019,0.0473,,,0.0,,
HD 160691 d,HD 160691,TIC 362661163,1.13,0.02,-0.02,5.12,0.03,-0.03,3.683,0.246,-0.246,0.09286,,,0.0,0.02,-0.02
Kepler-985 b,Kepler-985,TIC 159305424,0.91,0.032,-0.035,14.904,0.195,-0.195,13.019,0.026,-0.026,0.44664,0.00223,-0.00223,0.0,,
HD 89744 b,HD 89744,TIC 8154501,1.86,,,5.73469,0.023,-0.023,4.454,0.021,-0.021,0.917,0.009,-0.009,0.677,0.003,-0.003
Kepler-326 d,Kepler-326,TIC 270956861,0.91,0.011,-0.01,13.734,0.069,-0.069,11.673,0.019,-0.019,0.066,,,0.0,,
Kepler-84 d,Kepler-84,TIC 170646917,1.06,0.057,-0.06,14.92,0.092,-0.092,13.193,0.026,-0.026,0.052,,,0.0,,
Kepler-767 b,Kepler-767,TIC 137220387,0.96,0.063,-0.058,15.678,0.458,-0.458,13.812,0.055,-0.055,0.5874,,,0.0,,
Kepler-1182 b,Kepler-1182,TIC 272270522,1.04,0.11,-0.09,15.742,0.183,-0.183,13.67,0.045,-0.045,0.0981,,,0.0,,
TOI-700 e,TOI-700,TIC 150428135,0.415,0.021,-0.02,13.151,0.069,-0.069,8.634,0.023,-0.023,0.134,0.0022,-0.0022,0.059,0.057,-0.042
Kepler-1456 b,Kepler-1456,TIC 158385035,0.64,0.049,-0.083,15.777,0.355,-0.355,12.681,0.024,-0.024,0.1132,,,0.0,,
Kepler-1363 b,Kepler-1363,TIC 27990682,0.76,0.04,-0.049,15.454,0.057,-0.057,12.959,0.035,-0.035,0.0363,,,0.0,,
K2-169 b,K2-169,TIC 12770870,0.986144,0.027819,-0.026433,12.23,0.069,-0.069,10.371,0.021,-0.021,,,,,,
WASP-197 b,WASP-197,TIC 85266608,1.36,0.08,-0.08,11.565,0.015,-0.015,10.017,0.017,-0.017,0.065,0.002,-0.002,0.0,,
Kepler-1997 b,Kepler-1997,TIC 273372570,1.111,0.153,-0.153,15.454,0.149,-0.149,13.885,0.055,-0.055,0.1815,,,0.0,,
Kepler-224 b,Kepler-224,TIC 159642189,0.777,0.02,-0.022,15.801,0.126,-0.126,13.703,0.039,-0.039,0.038,,,0.0,,
Kepler-235 b,Kepler-235,TIC 120765183,0.581,0.018,-0.018,16.567,0.252,-0.252,13.116,0.03,-0.03,0.037,,,0.0,,
Kepler-236 c,Kepler-236,TIC 120044687,0.596005,0.020415,-0.020415,16.014,0.252,-0.252,12.312,0.022,-0.022,0.132,,,0.0,,
Kepler-1911 b,Kepler-1911,TIC 171971636,0.954,0.063,-0.063,12.245,0.057,-0.057,10.635,0.018,-0.018,0.0636,,,0.0,,
HD 13167 b,HD 13167,TIC 72638232,1.35,,,8.34,0.03,-0.03,6.711,0.02,-0.02,4.1,0.34,-0.34,0.563,0.033,-0.033
HD 56957 b,HD 56957,TIC 22972926,1.03,0.131,-0.131,7.57,0.03,-0.03,5.986,0.024,-0.024,6.426,1.564,-0.867,0.273,0.178,-0.136
Kepler-953 c,Kepler-953,TIC 158933249,0.95,0.031,-0.032,11.871,0.08,-0.08,10.295,0.016,-0.016,0.0862,,,0.0,,
Kepler-205 b,Kepler-205,TIC 399822422,0.592,0.014,-0.014,13.779,0.069,-0.069,10.833,0.021,-0.021,0.032,,,0.0,,
Kepler-38 b,Kepler-38,TIC 158316612,0.941,0.055,-0.059,14.015,0.114,-0.114,12.342,0.022,-0.022,0.4632,0.0082,-0.0092,0.032,,
Kepler-1494 b,Kepler-1494,TIC 123499226,0.96,0.048,-0.055,15.372,0.046,-0.046,13.536,0.039,-0.039,0.3982,,,0.0,,
HD 148164 c,HD 148164,TIC 323319664,1.21,0.24,-0.24,8.23,0.03,-0.03,6.906,0.021,-0.021,6.15,0.5,-0.5,0.125,0.017,-0.017
K2-347 b,K2-347,TIC 14603874,0.66,0.03,-0.03,15.15,0.069,-0.069,12.3,0.023,-0.023,,,,,,
TOI-5153 b,TOI-5153,TIC 124029677,1.24,0.07,-0.07,11.932,0.022,-0.022,10.408,0.019,-0.019,0.158,0.006,-0.006,0.091,0.024,-0.026
BD+15 2940 b,BD+15 2940,TIC 393702609,1.1,0.2,-0.2,9.01,0.03,-0.03,6.525,0.016,-0.016,0.539,,,0.26,0.1,-0.1
Kepler-937 c,Kepler-937,TIC 270854155,1.15,0.123,-0.081,15.405,0.092,-0.092,13.681,0.044,-0.044,0.5545,,,0.0,,
Kepler-1795 b,Kepler-1795,TIC 120893436,0.768,0.024,-0.067,16.188,0.217,-0.217,12.996,0.031,-0.031,0.1002,,,0.0,,
Kepler-251 e,Kepler-251,TIC 272489533,0.891,0.019,-0.027,15.541,0.275,-0.275,13.632,0.042,-0.042,0.404,,,0.0,,
HD 112570 b,HD 112570,TIC 137004295,1.15,0.12,-0.12,6.11055,0.023,-0.023,3.486,0.354,-0.354,3.9,0.16,-0.16,0.2,0.16,-0.14
Kepler-1604 b,Kepler-1604,TIC 351911398,0.81,0.033,-0.038,15.224,0.092,-0.092,12.821,0.026,-0.026,0.01406,0.00013,-0.00013,0.0,,
K2-44 b,K2-44,TIC 49427836,1.15,0.06,-0.06,12.27,0.069,-0.069,10.693,0.024,-0.024,0.06,0.0019,-0.0029,,,
HD 212301 b,HD 212301,TIC 317057430,1.55,0.16,-0.16,7.76,0.03,-0.03,6.466,0.021,-0.021,0.03,0.0,0.0,0.0,,
KMT-2018-BLG-0029L b,KMT-2018-BLG-0029L,,1.14,0.1,-0.12,,,,,,,4.27,0.21,-0.23,,,
Kepler-1213 b,Kepler-1213,TIC 416266465,1.14,0.045,-0.04,13.416,0.08,-0.08,11.988,0.023,-0.023,0.06026,0.00051,-0.00051,0.0,,
HD 7924 d,HD 7924,TIC 468723402,0.832,0.022,-0.036,7.17896,0.023,-0.023,5.159,0.02,-0.02,0.1551,0.0018,-0.0019,0.21,0.13,-0.12
HD 161178 b,HD 161178,TIC 441797545,1.06,0.25,-0.17,5.88375,0.023,-0.023,3.657,0.236,-0.236,0.85,0.05,-0.07,0.044,0.132,-0.019
Kepler-1238 b,Kepler-1238,TIC 169931288,1.3,0.243,-0.181,14.919,0.183,-0.183,13.259,0.03,-0.03,0.0541,,,0.0,,
HD 184010 d,HD 184010,TIC 113329742,1.35,0.19,-0.21,5.88639,0.023,-0.023,3.98,0.306,-0.306,1.92,0.012,-0.012,0.0,,
MOA-2011-BLG-293L b,MOA-2011-BLG-293L,,0.86,0.06,-0.06,,,,,,,1.1,0.1,-0.1,,,
KMT-2018-BLG-1292L b,KMT-2018-BLG-1292L,,1.09,0.22,-0.17,,,,,,,6.03,0.71,-0.62,,,
TOI-1736 b,TOI-1736,TIC 408618999,1.0373,0.0368,-0.0331,8.953,0.002,-0.002,7.283,0.023,-0.023,0.073,0.001,-0.001,0.0,,
Kepler-1947 b,Kepler-1947,TIC 272180236,0.984,0.137,-0.137,12.973,0.069,-0.069,11.504,0.017,-0.017,0.07375,0.00056,-0.00056,0.0,,
Kepler-1568 b,Kepler-1568,TIC 158984590,1.09,0.045,-0.036,14.138,0.137,-0.137,12.618,0.023,-0.023,0.15157,0.00147,-0.00147,0.0,,
Kepler-1453 b,Kepler-1453,TIC 158175366,0.97,0.042,-0.048,15.695,0.137,-0.137,13.999,0.052,-0.052,0.262,,,0.0,,
ups And b,ups And,TIC 189576919,1.3,,,4.09565,0.023,-0.023,2.859,0.274,-0.274,0.05922166,2e-07,-2e-07,0.0215,0.0007,-0.0007
HIP 29442 d,HD 42813,TIC 33692729,0.901,0.043,-0.043,9.49,0.03,-0.03,7.587,0.024,-0.024,0.0673,0.0012,-0.0012,,,
TOI-4010 d,TOI-4010,TIC 352682207,0.88,0.03,-0.03,12.291,0.069,-0.069,10.157,0.021,-0.021,0.113,0.001,-0.001,0.07,0.03,-0.03
WASP-158 b,WASP-158,TIC 37718056,1.38,0.14,-0.14,12.044,0.025,-0.025,10.881,0.025,-0.025,0.0517,0.0018,-0.0018,0.0,,
OGLE-2008-BLG-355L b,OGLE-2008-BLG-355L,,0.37,0.3,-0.17,,,,,,,1.7,0.29,-0.3,,,
TOI-849 b,TOI-849,TIC 33595516,0.97,0.04,-0.04,11.981,0.034,-0.034,10.418,0.023,-0.023,0.0155,0.0003,-0.0003,0.0,,
Kepler-825 b,Kepler-825,TIC 378086008,1.03,0.122,-0.083,14.296,0.092,-0.092,12.67,0.031,-0.031,0.0453,,,0.0,,
Kepler-1233 b,Kepler-1233,TIC 273131021,1.16,0.178,-0.1,14.82,0.012,-0.012,13.258,0.034,-0.034,0.263,,,0.0,,
Kepler-1481 b,Kepler-1481,TIC 299219860,0.8,0.032,-0.036,14.929,0.035,-0.035,12.603,0.025,-0.025,0.059,,,0.0,,
Kepler-285 b,Kepler-285,TIC 26416742,0.915,0.026,-0.026,15.198,0.149,-0.149,13.319,0.039,-0.039,0.036,,,0.0,,
Kepler-1076 b,Kepler-1076,TIC 399955825,0.79,0.026,-0.036,13.175,0.114,-0.114,10.664,0.021,-0.021,0.0611,,,0.0,,
TOI-6255 b,TOI-6255,TIC 261135533,0.353,0.015,-0.015,12.747,0.052,-0.052,8.071,0.02,-0.02,,,,0.0,,
Kepler-328 c,Kepler-328,TIC 184164097,1.15,0.22,-0.16,15.794,0.115,-0.115,14.187,0.067,-0.067,0.354,,,0.0,,
Kepler-311 d,Kepler-311,TIC 351898154,0.974,0.082,-0.062,13.902,0.137,-0.137,12.418,0.026,-0.026,0.7326,,,0.0,,
TOI-1794 b,TOI-1794,TIC 286916251,0.9698,0.0328,-0.0308,10.32,0.005,-0.005,8.692,0.02,-0.02,0.082,0.002,-0.002,0.0,,
TOI-1669 b,TOI-1669,TIC 428679607,0.9867,0.0322,-0.0309,10.218,0.004,-0.004,8.462,0.021,-0.021,1.27,0.03,-0.03,0.0,,
HD 159243 c,HD 159243,TIC 348652846,1.125,0.03,-0.03,8.65,0.03,-0.03,7.297,0.021,-0.021,0.8,0.02,-0.02,0.075,0.05,-0.05
HAT-P-46 b,HAT-P-46,TIC 104866616,1.284,0.095,-0.06,11.997,0.069,-0.069,9.924,0.023,-0.023,0.0577,0.0014,-0.0009,0.123,0.12,-0.12
Kepler-67 b,Kepler-67,TIC 270855225,0.865,0.034,-0.034,16.172,0.172,-0.172,14.155,0.065,-0.065,0.1171,0.0015,-0.0015,0.0,,
GJ 667 C c,GJ 667 C,TIC 154385809,0.33,0.02,-0.02,10.602,0.023,-0.023,6.036,0.02,-0.02,0.125,0.012,-0.013,0.02,0.15,-0.02
HD 106906 b,HD 106906,TIC 390472975,1.5,0.1,-0.1,7.8,0.03,-0.03,6.683,0.026,-0.026,650.0,,,,,
HD 73526 c,HD 73526,TIC 180661948,1.014,0.046,-0.046,8.99,0.03,-0.03,7.302,0.026,-0.026,1.03,0.02,-0.02,0.28,0.05,-0.05
HATS-5 b,HATS-5,TIC 139733308,0.936,0.028,-0.028,12.598,0.046,-0.046,10.703,0.023,-0.023,0.0542,0.0006,-0.0006,0.019,0.019,-0.019
bet Cnc b,bet Cnc,TIC 458582777,1.7,0.1,-0.1,3.51012,0.023,-0.023,0.19,0.202,-0.202,1.7,0.1,-0.1,0.08,0.02,-0.02
GJ 667 C e,GJ 667 C,TIC 154385809,0.33,0.02,-0.02,10.602,0.023,-0.023,6.036,0.02,-0.02,0.213,0.019,-0.022,0.02,0.22,-0.02
Kepler-415 c,Kepler-415,TIC 138365520,0.67,,,16.142,0.149,-0.149,13.378,0.04,-0.04,0.0695,,,0.0,,
Kepler-416 b,Kepler-416,TIC 137217372,1.0,,,14.166,0.092,-0.092,12.51,0.027,-0.027,0.0674,0.0007,-0.0007,0.0,,
CoRoT-2 b,CoRoT-2,TIC 391958006,0.96,0.08,-0.08,12.516,0.092,-0.092,10.31,0.031,-0.031,0.02798,0.00076,-0.0008,0.0143,0.0077,-0.0076
DP Leo b,DP Leo,TIC 903484062,0.69,,,18.6837,0.0496,-0.0496,,,,8.19,0.39,-0.39,0.39,0.13,-0.13
HAT-P-17 c,HAT-P-17,TIC 266593143,0.92,0.154252,-0.078885,10.375,0.005,-0.005,8.544,0.025,-0.025,5.6,3.5,-1.4,0.39,0.23,-0.17
Kepler-415 b,Kepler-415,TIC 138365520,0.67,,,16.142,0.149,-0.149,13.378,0.04,-0.04,0.0426,,,0.0,,
2MASS J01225093-2439505 b,2MASS J01225093-2439505,TIC 11614485,0.4,0.05,-0.05,14.244,0.074,-0.074,9.198,0.026,-0.026,52.0,6.0,-6.0,,,
Kapteyn c,Kapteyn,TIC 200385493,0.281,0.014,-0.014,8.86,0.1,-0.1,5.049,0.021,-0.021,0.311,0.038,-0.014,0.23,0.1,-0.12
kap And b,kap And,TIC 176945734,2.6,0.2,-0.2,4.13791,0.023,-0.023,4.571,0.354,-0.354,55.0,2.0,-2.0,,,
Kepler-77 b,Kepler-77,TIC 159098316,0.95,0.04,-0.04,14.152,0.08,-0.08,12.361,0.018,-0.018,0.04501,0.00063,-0.00063,0.0,,
Kepler-197 d,Kepler-197,TIC 27397848,0.857,0.023,-0.019,11.775,0.024,-0.024,10.535,0.021,-0.021,0.119,,,0.03,0.2,-0.03
HIP 105854 b,HIP 105854,TIC 129649472,2.1,0.1,-0.1,5.64,0.03,-0.03,2.994,0.232,-0.232,0.81,0.03,-0.03,0.02,0.03,-0.03
V0391 Peg b,V0391 Peg,TIC 397595169,0.5,0.05,-0.05,14.769,0.231,-0.231,15.376,0.201,-0.201,1.7,0.1,-0.1,0.0,,
HAT-P-27 b,HAT-P-27,TIC 461239485,0.916,0.121408,-0.099904,12.052,0.069,-0.069,10.109,0.021,-0.021,0.04,0.0008,-0.0008,0.0,,
WASP-75 b,WASP-75,TIC 36592530,1.14,0.07,-0.07,11.591,0.057,-0.057,10.062,0.025,-0.025,0.0375,0.0007,-0.0008,0.0,,
Kepler-259 c,Kepler-259,TIC 158664318,0.867,0.035,-0.029,15.378,0.035,-0.035,13.555,0.029,-0.029,0.217,,,0.0,,
Kepler-148 c,Kepler-148,TIC 159171904,0.86,0.038,-0.044,15.398,0.08,-0.08,13.359,0.031,-0.031,0.05,,,0.0,,
HATS-8 b,HATS-8,TIC 96847781,1.056,0.037,-0.037,14.512,0.069,-0.069,12.661,0.033,-0.033,0.04667,0.00055,-0.00055,0.376,,
NGTS-8 b,NGTS-8,TIC 102068384,0.89,0.05,-0.04,13.69,0.103,-0.103,11.642,0.021,-0.021,0.035,0.001,-0.001,0.01,0.014,-0.01
TOI-178 d,TOI-178,TIC 251848941,0.65,0.027,-0.029,11.955,0.035,-0.035,8.656,0.021,-0.021,0.0592,0.0018,-0.0018,,,
NGTS-14 A b,NGTS-14 A,TIC 197643976,0.898,0.035,-0.035,13.268,0.092,-0.092,11.305,0.027,-0.027,0.0403,0.0071,-0.0071,0.0,,
K2-39 b,K2-39,TIC 250977648,0.66,0.56,-0.56,10.831,0.025,-0.025,8.516,0.024,-0.024,0.05708,0.00098,-0.00098,0.0,,
GJ 1132 b,GJ 1132,TIC 101955023,0.1945,0.0048,-0.0046,13.68,0.2,-0.2,8.322,0.027,-0.027,0.0157,0.00013,-0.00013,0.0118,0.047,-0.0099
Kepler-165 c,Kepler-165,TIC 123129877,0.746,0.028,-0.023,15.05,0.003,-0.003,12.843,0.021,-0.021,0.11,,,0.0,,
Kepler-69 c,Kepler-69,TIC 275573429,0.81,0.09,-0.081,13.866,0.092,-0.092,12.234,0.026,-0.026,0.64,0.15,-0.11,0.14,0.18,-0.1
NN Ser c,NN Ser,TIC 172608008,0.535,,,16.943,0.09,-0.09,16.168,0.286,-0.286,5.35,0.06,-0.06,0.08,0.05,-0.05
HAT-P-42 b,HAT-P-42,TIC 270468559,1.178,0.068,-0.068,12.125,0.046,-0.046,10.626,0.026,-0.026,0.0575,0.0011,-0.0011,0.0,,
Kepler-216 b,Kepler-216,TIC 270698499,1.126,0.045,-0.043,14.054,0.195,-0.195,12.621,0.021,-0.021,0.079,,,0.0,,
Kepler-65 d,Kepler-65,TIC 121731834,1.25,0.06,-0.06,10.922,0.008,-0.008,9.806,0.017,-0.017,0.084,0.006,-0.002,0.014,0.016,-0.01
Kepler-65 c,Kepler-65,TIC 121731834,1.25,0.06,-0.06,10.922,0.008,-0.008,9.806,0.017,-0.017,0.068,0.004,-0.002,0.02,0.022,-0.013
Kepler-289 d,Kepler-289,TIC 273234825,1.08,0.02,-0.02,14.142,0.069,-0.069,12.508,0.022,-0.022,0.33,0.02,-0.02,,,
Kepler-289 c,Kepler-289,TIC 273234825,1.08,0.02,-0.02,14.142,0.069,-0.069,12.508,0.022,-0.022,0.50155,0.00364,-0.00364,0.0,,
Kepler-561 b,Kepler-561,TIC 270700432,0.96,0.068,-0.059,14.427,0.08,-0.08,12.585,0.023,-0.023,0.29256,0.00162,-0.00162,0.0,,
91 Aqr b,91 Aqr,TIC 4610441,1.4,0.1,-0.1,4.23946,0.023,-0.023,1.597,0.236,-0.236,0.7,,,0.027,0.026,-0.026
tau Gem b,tau Gem,TIC 68984421,2.3,0.3,-0.3,4.37799,0.023,-0.023,1.681,0.254,-0.254,1.17,,,0.031,0.009,-0.009
HD 95086 b,HD 95086,TIC 399637637,1.6,,,7.36,0.03,-0.03,6.789,0.021,-0.021,55.7,2.5,-2.5,,,
GJ 163 c,GJ 163,TIC 219221189,0.4,0.02,-0.02,11.79,0.1,-0.1,7.135,0.021,-0.021,0.1254,0.0001,-0.0001,0.099,0.086,-0.086
DENIS-P J082303.1-491201 b,DENIS-P J082303.1-491201,TIC 388682292,0.075,0.007,-0.007,,,,12.062,0.023,-0.023,0.36,0.01,-0.01,0.345,0.068,-0.064
Kepler-289 b,Kepler-289,TIC 273234825,1.08,0.02,-0.02,14.142,0.069,-0.069,12.508,0.022,-0.022,0.21183,0.00154,-0.00154,0.0,,
HIP 63242 b,HIP 63242,TIC 437310271,1.54,0.05,-0.05,6.86,0.03,-0.03,4.406,0.016,-0.016,0.565,,,0.23,,
Kepler-57 b,Kepler-57,TIC 270615136,0.859,0.049,-0.049,15.017,0.126,-0.126,12.897,0.028,-0.028,0.05988,0.00059,-0.00059,0.0162,0.0024,-0.0021
WISEP J121756.91+162640.2 A b,WISEP J121756.91+162640.2 A,,0.029,0.005,-0.005,,,,,,,8.0,1.3,-1.3,,,
Kepler-338 b,Kepler-338,TIC 258203303,1.105,0.026,-0.021,12.19,0.028,-0.028,10.756,0.021,-0.021,0.117,,,0.04,0.27,-0.04
Kepler-24 b,Kepler-24,TIC 122376177,1.06,0.069,-0.069,15.04,0.08,-0.08,13.372,0.037,-0.037,0.08045,0.00088,-0.00088,0.023,0.014,-0.016
Kepler-23 b,Kepler-23,TIC 27083727,1.078,0.077,-0.077,13.567,0.172,-0.172,11.998,0.019,-0.019,0.07212,0.00057,-0.00057,0.017,0.019,-0.014
Kepler-116 c,Kepler-116,TIC 271260980,1.198,0.019,-0.029,13.744,0.103,-0.103,12.383,0.022,-0.022,0.116,,,0.0,,
Kepler-1550 b,Kepler-1550,TIC 121395435,1.07,0.095,-0.076,15.107,0.149,-0.149,13.427,0.037,-0.037,0.7681,,,0.0,,
Kepler-266 b,Kepler-266,TIC 271046092,0.947,0.067,-0.044,15.787,0.366,-0.366,13.811,0.05,-0.05,0.071,,,0.0,,
Kepler-270 b,Kepler-270,TIC 123417308,1.17,0.036,-0.033,13.9,0.114,-0.114,12.627,0.019,-0.019,0.107,,,0.0,,
Kepler-183 b,Kepler-183,TIC 138214374,0.99,0.036,-0.035,14.993,0.024,-0.024,13.308,0.039,-0.039,0.064,,,0.0,,
Kepler-280 c,Kepler-280,TIC 159716174,0.962,0.038,-0.034,14.35,0.092,-0.092,12.844,0.022,-0.022,0.056,,,0.0,,
Kepler-155 b,Kepler-155,TIC 298969755,0.635,0.016,-0.016,14.654,0.183,-0.183,11.805,0.03,-0.03,0.056,,,0.0,,
Kepler-300 c,Kepler-300,TIC 27458633,1.07,0.086,-0.069,14.25,0.137,-0.137,12.742,0.027,-0.027,0.232,,,0.0,,
Kepler-214 b,Kepler-214,TIC 164785720,1.11,0.029,-0.023,14.057,0.183,-0.183,12.607,0.028,-0.028,0.13,,,0.0,,
Kepler-341 c,Kepler-341,TIC 159179987,0.976,0.03,-0.029,14.739,0.137,-0.137,12.994,0.026,-0.026,0.08,,,0.0,,
Kepler-330 c,Kepler-330,TIC 158727691,0.848,0.019,-0.027,15.569,0.092,-0.092,13.259,0.03,-0.03,0.116,,,0.0,,
Kepler-292 e,Kepler-292,TIC 271960465,0.865,0.021,-0.029,16.303,0.069,-0.069,13.97,0.057,-0.057,0.097,,,0.0,,
Kepler-295 b,Kepler-295,TIC 164890864,0.89,0.037,-0.044,14.631,0.137,-0.137,12.717,0.028,-0.028,0.099,,,0.0,,
Kepler-298 b,Kepler-298,TIC 48217868,0.66,0.015,-0.015,15.617,0.126,-0.126,13.075,0.031,-0.031,0.08,,,0.0,,
Kepler-225 b,Kepler-225,TIC 63203294,0.593,0.014,-0.014,16.294,0.286,-0.286,13.253,0.039,-0.039,0.056,,,0.0,,
Kepler-329 c,Kepler-329,TIC 268713285,0.602,0.014,-0.014,15.886,0.057,-0.057,12.693,0.02,-0.02,0.113,,,0.0,,
Kepler-298 c,Kepler-298,TIC 48217868,0.66,0.015,-0.015,15.617,0.126,-0.126,13.075,0.031,-0.031,0.136,,,0.0,,
Kepler-300 b,Kepler-300,TIC 27458633,1.07,0.086,-0.069,14.25,0.137,-0.137,12.742,0.027,-0.027,0.094,,,0.0,,
Kepler-286 b,Kepler-286,TIC 290035455,0.83,0.031,-0.029,15.863,0.229,-0.229,14.121,0.071,-0.071,0.027,,,0.0,,
Kepler-232 c,Kepler-232,TIC 27686898,0.97,0.056,-0.052,15.565,0.172,-0.172,13.765,0.056,-0.056,0.101,,,0.0,,
Kepler-226 b,Kepler-226,TIC 63204017,0.904,0.029,-0.03,15.563,0.172,-0.172,13.633,0.053,-0.053,0.047,,,0.0,,
Kepler-289 e,Kepler-289,TIC 273234825,1.061,0.011,-0.035,14.142,0.069,-0.069,12.508,0.022,-0.022,0.9342,,,0.0,,
Kepler-279 e,Kepler-279,TIC 158428960,1.164,0.134,-0.134,13.647,0.08,-0.08,12.509,0.019,-0.019,0.439,,,0.0,,
Kepler-139 f,Kepler-139,TIC 123450224,1.078,0.028,-0.034,12.775,0.092,-0.092,11.167,0.016,-0.016,,,,,,
Kepler-408 b,Kepler-408,TIC 48450369,1.08,0.07,-0.07,8.834,0.002,-0.002,7.486,0.018,-0.018,0.03592,0.00033,-0.00033,0.0,,
HD 191939 f,HD 191939,TIC 269701147,0.81,0.04,-0.04,8.97,0.03,-0.03,7.18,0.021,-0.021,3.71,0.13,-0.13,0.0,,
Kepler-141 b,Kepler-141,TIC 273681580,0.878,0.007,-0.016,13.624,0.092,-0.092,11.393,0.017,-0.017,0.039,,,0.0,,
Kepler-280 b,Kepler-280,TIC 159716174,0.962,0.038,-0.034,14.35,0.092,-0.092,12.844,0.022,-0.022,0.032,,,0.0,,
Kepler-386 c,Kepler-386,TIC 267669725,0.825,0.028,-0.025,15.949,0.172,-0.172,13.605,0.041,-0.041,0.155,,,0.0,,
Kepler-222 b,Kepler-222,TIC 158625100,0.933,0.019,-0.011,15.407,0.046,-0.046,13.235,0.03,-0.03,0.048,,,0.0,,
Kepler-291 b,Kepler-291,TIC 158631683,1.023,0.031,-0.031,16.218,0.103,-0.103,14.15,0.058,-0.058,0.047,,,0.0,,
Kepler-104 b,Kepler-104,TIC 158553540,0.818,0.013,-0.008,12.697,0.08,-0.08,11.209,0.011,-0.011,0.094,,,0.0,,
Kepler-363 d,Kepler-363,TIC 258349590,1.226,0.031,-0.075,13.472,0.046,-0.046,11.697,0.021,-0.021,0.107,,,0.0,,
Kepler-384 b,Kepler-384,TIC 158114249,0.882,0.015,-0.014,13.734,0.08,-0.08,12.038,0.018,-0.018,0.148,,,0.0,,
Kepler-308 b,Kepler-308,TIC 184162776,0.92,0.055,-0.053,16.019,0.218,-0.218,14.187,0.074,-0.074,0.09,,,0.0,,
Kepler-364 c,Kepler-364,TIC 123358019,1.076,0.03,-0.03,13.754,0.103,-0.103,12.388,0.018,-0.018,0.312,,,0.0,,
Kepler-1330 b,Kepler-1330,TIC 122595516,0.97,0.047,-0.051,15.076,0.069,-0.069,13.302,0.041,-0.041,0.0889,,,0.0,,
Kepler-147 b,Kepler-147,TIC 121458206,1.145,0.044,-0.049,14.134,0.195,-0.195,12.416,0.023,-0.023,0.113,,,0.0,,
Kepler-717 b,Kepler-717,TIC 240183442,0.88,0.051,-0.054,15.756,0.218,-0.218,13.996,0.06,-0.06,0.052,,,0.0,,
Kepler-311 b,Kepler-311,TIC 351898154,0.994,0.033,-0.029,13.902,0.137,-0.137,12.418,0.026,-0.026,0.087,,,0.0,,
Kepler-891 b,Kepler-891,TIC 122713286,1.06,0.076,-0.056,15.386,0.069,-0.069,13.85,0.046,-0.046,0.2881,,,0.0,,
Kepler-382 b,Kepler-382,TIC 268612521,1.002,0.033,-0.031,14.907,0.126,-0.126,12.89,0.03,-0.03,0.055,,,0.0,,
Kepler-135 b,Kepler-135,TIC 122450088,1.047,0.032,-0.028,12.794,0.044,-0.044,11.456,0.022,-0.022,0.067,,,0.0,,
Kepler-228 b,Kepler-228,TIC 27772524,1.006,0.035,-0.033,15.902,0.126,-0.126,14.132,0.072,-0.072,0.038,,,0.0,,
Kepler-1044 b,Kepler-1044,TIC 275488493,1.08,0.081,-0.065,15.478,0.081,-0.081,13.903,0.073,-0.073,0.0741,,,0.0,,
Kepler-371 b,Kepler-371,TIC 137550286,0.876,0.018,-0.013,13.997,0.206,-0.206,12.344,0.025,-0.025,0.2,,,0.0,,
Kepler-222 c,Kepler-222,TIC 158625100,0.933,0.019,-0.011,15.407,0.046,-0.046,13.235,0.03,-0.03,0.091,,,0.0,,
Kepler-1476 b,Kepler-1476,TIC 164727404,0.98,0.043,-0.046,15.574,0.115,-0.115,13.828,0.06,-0.06,0.0932,,,0.0,,
Kepler-290 b,Kepler-290,TIC 158218214,0.756,0.019,-0.027,15.775,0.08,-0.08,13.452,0.038,-0.038,0.11,,,0.0,,
Kepler-247 b,Kepler-247,TIC 158792051,0.887,0.016,-0.022,15.199,0.24,-0.24,13.051,0.026,-0.026,0.042,,,0.0,,
Kepler-251 b,Kepler-251,TIC 272489533,0.891,0.019,-0.027,15.541,0.275,-0.275,13.632,0.042,-0.042,0.053,,,0.0,,
Kepler-374 c,Kepler-374,TIC 270863576,1.033,0.033,-0.029,14.701,0.035,-0.035,13.136,0.032,-0.032,0.042,,,0.0,,
TOI-1744.01,TOI-1744,TIC 229455001,1.18,0.16,-0.16,9.543,0.003,-0.003,8.034,0.02,-0.02,0.164086,0.007321,-0.00801,,,
Kepler-294 b,Kepler-294,TIC 158487005,0.947,0.029,-0.033,15.948,0.08,-0.08,14.172,0.055,-0.055,0.048,,,0.0,,
Kepler-921 b,Kepler-921,TIC 48448706,0.93,0.051,-0.062,14.852,0.115,-0.115,13.188,0.041,-0.041,0.2716,,,0.0,,
Kepler-254 d,Kepler-254,TIC 158665380,0.849,0.034,-0.027,16.012,0.218,-0.218,14.254,0.068,-0.068,0.139,,,0.0,,
Kepler-1610 b,Kepler-1610,TIC 272073436,0.91,0.039,-0.038,16.077,0.103,-0.103,13.905,0.047,-0.047,0.0777,,,0.0,,
Kepler-377 c,Kepler-377,TIC 184015535,1.043,0.032,-0.031,14.081,0.103,-0.103,12.469,0.024,-0.024,0.182,,,0.0,,
Kepler-261 b,Kepler-261,TIC 137148674,0.834,0.01,-0.01,13.738,0.103,-0.103,11.585,0.021,-0.021,0.088,,,0.0,,
Kepler-309 c,Kepler-309,TIC 273373488,0.816,0.011,-0.023,15.418,0.114,-0.114,12.852,0.028,-0.028,0.401,,,0.0,,
Kepler-383 b,Kepler-383,TIC 137150599,0.669,0.017,-0.017,15.473,0.172,-0.172,12.674,0.03,-0.03,0.095,,,0.0,,
HATS-55 b,HATS-55,TIC 114299824,1.1955,0.0091,-0.0119,13.525,0.08,-0.08,12.02,0.041,-0.041,0.05412,0.00014,-0.00018,0.092,,
Kepler-1158 b,Kepler-1158,TIC 137557778,1.41,0.128,-0.128,13.618,0.103,-0.103,12.271,0.023,-0.023,0.12643,0.00194,-0.00194,0.0,,
Kepler-378 b,Kepler-378,TIC 271354634,0.78,0.024,-0.029,12.619,0.046,-0.046,10.201,0.017,-0.017,0.112,,,0.0,,
Kepler-123 b,Kepler-123,TIC 272944990,1.079,0.029,-0.03,14.129,0.069,-0.069,12.655,0.025,-0.025,0.135,,,0.0,,
Kepler-104 c,Kepler-104,TIC 158553540,0.818,0.013,-0.008,12.697,0.08,-0.08,11.209,0.011,-0.011,0.153,,,0.0,,
Kepler-357 d,Kepler-357,TIC 159649595,0.794,0.012,-0.021,15.735,0.229,-0.229,13.408,0.032,-0.032,0.246,,,0.0,,
Kepler-1479 b,Kepler-1479,TIC 377781254,0.99,0.05,-0.06,13.914,0.114,-0.114,12.256,0.03,-0.03,0.11341,0.00109,-0.00109,0.0,,
Kepler-1904 b,Kepler-1904,TIC 299089587,0.526,0.022,-0.032,16.367,1.133,-1.133,12.752,0.028,-0.028,0.0436,,,0.0,,
L 98-59 b,L 98-59,TIC 307210830,0.2923,0.0067,-0.0067,11.685,0.017,-0.017,7.101,0.018,-0.018,0.0223,0.0007,-0.0007,0.031,0.017,-0.016
Kepler-149 d,Kepler-149,TIC 120638033,1.013,0.031,-0.033,14.152,0.114,-0.114,12.184,0.025,-0.025,0.571,,,0.0,,
Kepler-386 b,Kepler-386,TIC 267669725,0.825,0.028,-0.025,15.949,0.172,-0.172,13.605,0.041,-0.041,0.096,,,0.0,,
Kepler-331 b,Kepler-331,TIC 351063265,0.653,0.014,-0.014,16.199,0.149,-0.149,13.343,0.035,-0.035,0.065,,,0.0,,
Kepler-340 c,Kepler-340,TIC 184247532,1.65,0.103,-0.076,12.329,0.057,-0.057,11.583,0.014,-0.014,0.178,,,0.0,,
Kepler-110 c,Kepler-110,TIC 26751563,0.989,0.029,-0.028,13.003,0.103,-0.103,11.623,0.019,-0.019,0.198,,,0.0,,
Kepler-104 d,Kepler-104,TIC 158553540,0.818,0.013,-0.008,12.697,0.08,-0.08,11.209,0.011,-0.011,0.257,,,0.0,,
Kepler-273 b,Kepler-273,TIC 159726559,0.756,0.026,-0.017,15.1,0.103,-0.103,13.217,0.027,-0.027,0.037,,,0.0,,
L 98-59 e,L 98-59,TIC 307210830,0.2923,0.0067,-0.0067,11.685,0.017,-0.017,7.101,0.018,-0.018,0.0712,0.0022,-0.0022,0.012,0.009,-0.008
L 98-59 d,L 98-59,TIC 307210830,0.2923,0.0067,-0.0067,11.685,0.017,-0.017,7.101,0.018,-0.018,0.0494,0.0016,-0.0016,0.006,0.007,-0.004
L 98-59 f,L 98-59,TIC 307210830,0.2923,0.0067,-0.0067,11.685,0.017,-0.017,7.101,0.018,-0.018,0.1052,0.0033,-0.0033,0.044,0.027,-0.028
Kepler-716 b,Kepler-716,TIC 159377404,0.83,0.036,-0.042,15.314,0.275,-0.275,13.135,0.029,-0.029,0.08628,0.00081,-0.00081,0.0,,
Kepler-1826 b,Kepler-1826,TIC 26749051,0.49,0.04,-0.04,16.83,0.2,-0.2,12.674,0.027,-0.027,0.0213,,,0.0,,
Kepler-732 b,Kepler-732,TIC 164555597,0.49,0.025,-0.034,16.53,0.2,-0.2,11.721,0.018,-0.018,0.0691,,,0.0,,
Kepler-265 d,Kepler-265,TIC 122445076,0.97,0.029,-0.034,15.47,0.16,-0.16,13.897,0.051,-0.051,0.236,,,0.0,,
Kepler-200 b,Kepler-200,TIC 120252452,0.972,0.031,-0.034,13.932,0.103,-0.103,12.455,0.021,-0.021,0.08,,,0.0,,
Kepler-190 c,Kepler-190,TIC 158789380,0.834,0.007,-0.015,14.336,0.069,-0.069,12.231,0.016,-0.016,0.045,,,0.0,,
Kepler-875 b,Kepler-875,TIC 273141643,1.06,0.131,-0.094,15.357,0.08,-0.08,13.556,0.037,-0.037,0.1771,,,0.0,,
Kepler-269 c,Kepler-269,TIC 122297877,0.92,0.04,-0.048,15.646,0.217,-0.217,13.961,0.053,-0.053,0.081,,,0.0,,
Kepler-904 b,Kepler-904,TIC 121789066,1.16,0.144,-0.086,14.56,0.092,-0.092,13.046,0.032,-0.032,0.0417,,,0.0,,
Kepler-282 c,Kepler-282,TIC 164779321,0.86,0.017,-0.013,15.444,0.263,-0.263,13.65,0.046,-0.046,0.106,,,0.0,,
Kepler-344 c,Kepler-344,TIC 63289452,0.931,0.02,-0.029,15.539,0.629,-0.629,13.66,0.054,-0.054,0.488,,,0.0,,
Kepler-55 e,Kepler-55,TIC 164884002,0.631,0.016,-0.016,15.746,0.355,-0.355,13.289,0.049,-0.049,0.048,,,0.0,,
Kepler-909 b,Kepler-909,TIC 159096688,1.17,0.042,-0.036,11.626,0.017,-0.017,10.274,0.014,-0.014,0.11873,0.00115,-0.00115,0.0,,
Kepler-283 c,Kepler-283,TIC 270695184,0.596,0.015,-0.015,16.216,0.275,-0.275,13.139,0.03,-0.03,0.341,,,0.0,,
Kepler-288 d,Kepler-288,TIC 121785939,0.842,0.022,-0.015,15.283,0.252,-0.252,13.587,0.042,-0.042,0.287,,,0.0,,
Kepler-398 b,Kepler-398,TIC 137155210,0.649,0.015,-0.015,13.499,0.08,-0.08,10.794,0.018,-0.018,0.044,,,0.0,,
Kepler-311 c,Kepler-311,TIC 351898154,0.994,0.033,-0.029,13.902,0.137,-0.137,12.418,0.026,-0.026,0.145,,,0.0,,
Kepler-760 c,Kepler-760,TIC 158494681,0.89,0.038,-0.042,15.181,0.16,-0.16,13.239,0.03,-0.03,0.03489,0.00031,-0.00031,0.0,,
Kepler-10 d,Kepler-10,TIC 377780790,0.91,0.021,-0.021,11.043,0.023,-0.023,9.496,0.021,-0.021,0.5379,0.0043,-0.0043,0.19,0.1,-0.1
Kepler-10 b,Kepler-10,TIC 377780790,0.91,0.021,-0.021,11.043,0.023,-0.023,9.496,0.021,-0.021,0.01685,0.00013,-0.00013,0.0,,
Kepler-299 e,Kepler-299,TIC 48304460,1.004,0.032,-0.035,15.232,0.298,-0.298,13.436,0.044,-0.044,0.22,,,0.0,,
Kepler-203 d,Kepler-203,TIC 169084431,1.06,0.022,-0.036,14.14,0.137,-0.137,12.445,0.026,-0.026,0.1,,,0.0,,
Kepler-201 c,Kepler-201,TIC 138297190,1.098,0.029,-0.03,12.991,0.114,-0.114,11.737,0.02,-0.02,0.573,,,0.0,,
Kepler-249 c,Kepler-249,TIC 272942100,0.510238,0.020399,-0.020399,16.37,0.2,-0.2,11.966,0.021,-0.021,0.058,,,0.0,,
Kepler-1388 d,Kepler-1388,TIC 164524311,0.63,0.021,-0.03,16.43,1.133,-1.133,13.343,0.042,-0.042,0.126,,,0.0,,
Kepler-407 b,Kepler-407,TIC 405688133,0.99,0.05,-0.05,12.603,0.103,-0.103,10.911,0.023,-0.023,0.01531,0.00015,-0.00015,0.0,,
Kepler-142 b,Kepler-142,TIC 27394293,0.978,0.035,-0.031,13.277,0.08,-0.08,11.762,0.021,-0.021,0.032,,,0.0,,
Kepler-55 f,Kepler-55,TIC 164884002,0.631,0.016,-0.016,15.746,0.355,-0.355,13.289,0.049,-0.049,0.081,,,0.0,,
Kepler-308 c,Kepler-308,TIC 184162776,0.92,0.055,-0.053,16.019,0.218,-0.218,14.187,0.074,-0.074,0.123,,,0.0,,
Kepler-124 b,Kepler-124,TIC 399860218,0.706,0.01,-0.006,14.4,0.126,-0.126,12.233,0.026,-0.026,0.039,,,0.0,,
Kepler-400 b,Kepler-400,TIC 122707140,1.08,0.04,-0.037,13.762,0.16,-0.16,12.296,0.023,-0.023,0.087,,,0.0,,
Kepler-10 c,Kepler-10,TIC 377780790,0.91,0.021,-0.021,11.043,0.023,-0.023,9.496,0.021,-0.021,0.241,0.0019,-0.0019,0.136,0.05,-0.05
TOI-5386 A b,TOI-5386 A,TIC 202425357,1.165,0.055,-0.055,11.554,0.023,-0.023,10.414,0.016,-0.016,0.04856,0.00075,-0.00077,0.072,,
Kepler-355 b,Kepler-355,TIC 279915745,0.933,0.029,-0.027,15.242,0.092,-0.092,13.673,0.043,-0.043,0.102,,,0.0,,
Kepler-316 b,Kepler-316,TIC 159522175,0.587,0.014,-0.014,15.81,0.069,-0.069,12.542,0.02,-0.02,0.027,,,0.0,,
Kepler-398 c,Kepler-398,TIC 137155210,0.649,0.015,-0.015,13.499,0.08,-0.08,10.794,0.018,-0.018,0.087,,,0.0,,
Kepler-563 b,Kepler-563,TIC 63289401,0.8,0.043,-0.047,14.901,0.08,-0.08,12.773,0.03,-0.03,0.1418,,,0.0,,
Kepler-357 b,Kepler-357,TIC 159649595,0.794,0.012,-0.021,15.735,0.229,-0.229,13.408,0.032,-0.032,0.063,,,0.0,,
Kepler-358 b,Kepler-358,TIC 26815908,0.94,0.043,-0.049,15.516,0.149,-0.149,13.652,0.053,-0.053,0.21,,,0.0,,
Kepler-345 c,Kepler-345,TIC 271546191,0.61,0.014,-0.014,14.344,0.08,-0.08,11.551,0.017,-0.017,0.077,,,0.0,,
TOI-1238 b,TOI-1238,TIC 153951307,0.59,0.02,-0.02,12.796,0.049,-0.049,9.184,0.014,-0.014,0.0139,0.0008,-0.0008,0.25,,
TOI-1238 c,TOI-1238,TIC 153951307,0.59,0.02,-0.02,12.796,0.049,-0.049,9.184,0.014,-0.014,0.037,0.002,-0.002,0.15,,
Kepler-405 c,Kepler-405,TIC 137150544,0.873,0.026,-0.021,16.181,0.389,-0.389,14.056,0.067,-0.067,0.188,,,0.0,,
Kepler-211 b,Kepler-211,TIC 352007758,0.867,0.009,-0.014,13.448,0.08,-0.08,11.447,0.021,-0.021,0.048,,,0.0,,
Kepler-360 c,Kepler-360,TIC 158213532,0.994,0.016,-0.032,15.011,0.126,-0.126,13.228,0.03,-0.03,0.075,,,0.0,,
Kepler-282 d,Kepler-282,TIC 164779321,0.97,0.1,-0.12,15.444,0.263,-0.263,13.65,0.046,-0.046,0.15837,0.0009,-0.0009,0.0,,
Kepler-325 c,Kepler-325,TIC 267671250,0.914,0.014,-0.016,15.175,0.092,-0.092,13.351,0.035,-0.035,0.105,,,0.0,,
Kepler-1324 b,Kepler-1324,TIC 137090755,0.78,0.031,-0.039,15.554,0.035,-0.035,12.834,0.028,-0.028,0.0466,,,0.0,,
Kepler-134 b,Kepler-134,TIC 48448369,0.956,0.0225,-0.0225,12.318,0.057,-0.057,10.951,0.019,-0.019,0.06,,,0.0,,
Kepler-444 f,Kepler-444,TIC 394172596,0.758,0.043,-0.043,8.87,0.03,-0.03,6.703,0.02,-0.02,0.0811,0.0015,-0.0015,0.29,0.2,-0.19
Kepler-363 b,Kepler-363,TIC 258349590,1.226,0.031,-0.075,13.472,0.046,-0.046,11.697,0.021,-0.021,0.048,,,0.0,,
Kepler-366 c,Kepler-366,TIC 27914560,1.088,0.033,-0.031,14.952,0.092,-0.092,13.351,0.039,-0.039,0.11,,,0.0,,
Kepler-326 b,Kepler-326,TIC 270956861,0.91,0.011,-0.01,13.734,0.069,-0.069,11.673,0.019,-0.019,0.032,,,0.0,,
Kepler-370 b,Kepler-370,TIC 137411225,0.982,0.037,-0.035,15.467,0.024,-0.024,13.55,0.048,-0.048,0.054,,,0.0,,
Kepler-256 b,Kepler-256,TIC 63362772,1.037,0.024,-0.028,15.178,0.103,-0.103,13.424,0.043,-0.043,0.027,,,0.0,,
HAT-P-7 b,HAT-P-7,TIC 424865156,1.56,0.68,-0.68,10.481,0.007,-0.007,9.334,0.018,-0.018,0.03809,0.00019,-0.00019,0.0,,
Kepler-674 b,Kepler-674,TIC 48528770,0.6,0.036,-0.035,15.569,0.057,-0.057,12.394,0.026,-0.026,0.028,,,0.0,,
Kepler-737 b,Kepler-737,TIC 63068329,0.51,0.026,-0.027,15.971,0.332,-0.332,12.097,0.023,-0.023,0.1422,,,0.0,,
Kepler-551 b,Kepler-551,TIC 350812580,0.65,0.03,-0.027,15.278,0.137,-0.137,12.193,0.023,-0.023,0.0893,,,0.0,,
Kepler-374 d,Kepler-374,TIC 270863576,1.033,0.033,-0.029,14.701,0.035,-0.035,13.136,0.032,-0.032,0.056,,,0.0,,
Kepler-375 b,Kepler-375,TIC 299032517,0.891,0.029,-0.032,15.643,0.801,-0.801,14.081,0.055,-0.055,0.101,,,0.0,,
Kepler-380 c,Kepler-380,TIC 48132154,0.99,0.028,-0.028,13.74,0.114,-0.114,12.289,0.024,-0.024,0.078,,,0.0,,
Kepler-118 b,Kepler-118,TIC 171884427,0.811,0.052,-0.03,14.867,0.149,-0.149,12.711,0.024,-0.024,0.073,,,0.0,,
Kepler-390 b,Kepler-390,TIC 137340986,0.787,0.025,-0.015,14.231,0.092,-0.092,12.075,0.023,-0.023,0.065,,,0.0,,
Kepler-243 c,Kepler-243,TIC 164886497,0.904,0.018,-0.023,15.159,0.137,-0.137,13.064,0.033,-0.033,0.142,,,0.0,,
Kepler-306 e,Kepler-306,TIC 121660143,0.75,0.024,-0.018,15.575,0.057,-0.057,13.503,0.039,-0.039,0.227,,,0.0,,
Kepler-382 c,Kepler-382,TIC 268612521,1.002,0.033,-0.031,14.907,0.126,-0.126,12.89,0.03,-0.03,0.097,,,0.0,,
Kepler-1254 d,Kepler-1254,TIC 48506710,0.78,0.039,-0.05,15.541,0.16,-0.16,13.292,0.04,-0.04,0.0575,,,0.0,,
HD 3167 b,HD 3167,TIC 318707987,0.837,0.053,-0.043,8.97,0.03,-0.03,7.066,0.02,-0.02,0.01796,0.00037,-0.00031,0.0,,
TRAPPIST-1 c,TRAPPIST-1,TIC 278892590,0.0898,0.0023,-0.0023,17.02,0.2,-0.2,10.296,0.023,-0.023,0.0158,0.00013,-0.00013,0.00654,0.00188,-0.00188
Kepler-246 c,Kepler-246,TIC 272484980,0.853,0.012,-0.015,15.197,0.08,-0.08,13.038,0.031,-0.031,0.095,,,0.0,,
Kepler-244 c,Kepler-244,TIC 158426969,0.933,0.021,-0.026,15.747,0.115,-0.115,13.73,0.047,-0.047,0.087,,,0.0,,
Kepler-387 c,Kepler-387,TIC 158559417,0.85,0.019,-0.013,14.129,0.149,-0.149,12.536,0.022,-0.022,0.098,,,0.0,,
Kepler-180 b,Kepler-180,TIC 27532033,0.95,0.044,-0.048,14.488,0.114,-0.114,12.685,0.028,-0.028,0.109,,,0.0,,
Kepler-594 b,Kepler-594,TIC 299087968,0.91,0.042,-0.05,14.906,0.115,-0.115,13.001,0.034,-0.034,0.1089,,,0.0,,
Kepler-292 b,Kepler-292,TIC 271960465,0.865,0.021,-0.029,16.303,0.069,-0.069,13.97,0.057,-0.057,0.035,,,0.0,,
Kepler-744 b,Kepler-744,TIC 272597130,0.94,0.04,-0.037,13.718,0.069,-0.069,11.931,0.018,-0.018,0.09735,0.00125,-0.00125,0.0,,
Kepler-341 e,Kepler-341,TIC 159179987,0.976,0.03,-0.029,14.739,0.137,-0.137,12.994,0.026,-0.026,0.242,,,0.0,,
Kepler-1015 b,Kepler-1015,TIC 63373862,1.49,0.22,-0.15,12.825,0.08,-0.08,11.684,0.019,-0.019,0.1345,0.00078,-0.00078,0.0,,
Kepler-758 d,Kepler-758,TIC 137968594,1.16,0.122,-0.082,14.379,0.149,-0.149,13.11,0.035,-0.035,0.1527,0.00187,-0.00187,0.0,,
Kepler-255 b,Kepler-255,TIC 272083669,0.867,0.064,-0.032,15.699,0.172,-0.172,13.689,0.043,-0.043,0.063,,,0.0,,
Kepler-337 b,Kepler-337,TIC 159226052,1.081,0.021,-0.019,12.799,0.057,-0.057,11.183,0.016,-0.016,0.045,,,0.0,,
Kepler-301 d,Kepler-301,TIC 48419097,1.022,0.021,-0.029,14.458,0.103,-0.103,12.706,0.027,-0.027,0.112,,,0.0,,
Kepler-528 b,Kepler-528,TIC 271877680,1.01,0.044,-0.042,14.064,0.126,-0.126,12.409,0.019,-0.019,0.14219,0.00142,-0.00142,0.0,,
Kepler-187 b,Kepler-187,TIC 269264648,1.081,0.063,-0.03,14.297,0.08,-0.08,12.566,0.023,-0.023,0.059,,,0.0,,
Kepler-224 c,Kepler-224,TIC 159642189,0.777,0.02,-0.022,15.801,0.126,-0.126,13.703,0.039,-0.039,0.058,,,0.0,,
Kepler-220 e,Kepler-220,TIC 159759306,0.729,0.0185,-0.0185,13.049,0.092,-0.092,10.55,0.014,-0.014,0.226,,,0.0,,
Kepler-149 b,Kepler-149,TIC 120638033,1.013,0.031,-0.033,14.152,0.114,-0.114,12.184,0.025,-0.025,0.184,,,0.0,,
Kepler-362 b,Kepler-362,TIC 63069779,0.904,0.021,-0.016,14.608,0.16,-0.16,12.784,0.031,-0.031,0.087,,,0.0,,
Kepler-365 c,Kepler-365,TIC 27530849,1.02,0.057,-0.056,14.771,0.08,-0.08,13.145,0.036,-0.036,0.137,,,0.0,,
Kepler-194 c,Kepler-194,TIC 63070427,0.94,0.034,-0.034,14.969,0.16,-0.16,13.512,0.046,-0.046,0.131,,,0.0,,
Kepler-106 e,Kepler-106,TIC 184997417,1.0,0.06,-0.06,12.923,0.08,-0.08,11.431,0.018,-0.018,0.24006,0.00284,-0.00284,0.0,,
Kepler-372 b,Kepler-372,TIC 350810559,1.202,0.0082,-0.0082,14.928,0.149,-0.149,13.559,0.039,-0.039,0.075,,,0.0,,
Kepler-152 b,Kepler-152,TIC 158387462,0.779,0.029,-0.03,14.379,0.103,-0.103,12.301,0.02,-0.02,0.124,,,0.0,,
Kepler-243 b,Kepler-243,TIC 164886497,0.904,0.018,-0.023,15.159,0.137,-0.137,13.064,0.033,-0.033,0.062,,,0.0,,
Kepler-228 d,Kepler-228,TIC 27772524,1.006,0.035,-0.033,15.902,0.126,-0.126,14.132,0.072,-0.072,0.101,,,0.0,,
Kepler-378 c,Kepler-378,TIC 271354634,0.78,0.024,-0.029,12.619,0.046,-0.046,10.201,0.017,-0.017,0.166,,,0.0,,
Kepler-198 b,Kepler-198,TIC 122519154,0.995,0.008,-0.023,13.684,0.103,-0.103,12.027,0.02,-0.02,0.131,,,0.0,,
Kepler-207 d,Kepler-207,TIC 159217436,1.313,0.025,-0.028,13.164,0.103,-0.103,11.805,0.016,-0.016,0.068,,,0.0,,
Kepler-118 c,Kepler-118,TIC 171884427,0.811,0.052,-0.03,14.867,0.149,-0.149,12.711,0.024,-0.024,0.141,,,0.0,,
Kepler-406 b,Kepler-406,TIC 63066101,1.07,0.06,-0.06,12.603,0.046,-0.046,10.97,0.017,-0.017,0.03599,0.00034,-0.00034,0.0,,
Kepler-97 b,Kepler-97,TIC 399951991,0.94,0.06,-0.06,12.994,0.092,-0.092,11.345,0.026,-0.026,0.03563,0.00043,-0.00043,0.0,,
Kepler-146 b,Kepler-146,TIC 138569990,1.079,0.018,-0.024,13.921,0.092,-0.092,12.475,0.023,-0.023,0.2,,,0.0,,
Kepler-244 b,Kepler-244,TIC 158426969,0.933,0.021,-0.026,15.747,0.115,-0.115,13.73,0.047,-0.047,0.05,,,0.0,,
Kepler-208 b,Kepler-208,TIC 270781284,1.082,0.03,-0.03,13.561,0.057,-0.057,12.21,0.02,-0.02,0.054,,,0.0,,
Kepler-181 c,Kepler-181,TIC 27767452,0.81,0.026,-0.03,14.854,0.103,-0.103,12.876,0.03,-0.03,0.049,,,0.0,,
Kepler-228 c,Kepler-228,TIC 27772524,1.006,0.035,-0.033,15.902,0.126,-0.126,14.132,0.072,-0.072,0.052,,,0.0,,
Kepler-406 c,Kepler-406,TIC 63066101,1.07,0.06,-0.06,12.603,0.046,-0.046,10.97,0.017,-0.017,0.05531,0.00053,-0.00053,0.0,,
WASP-89 b,WASP-89,TIC 77202722,0.92,0.08,-0.08,13.21,0.103,-0.103,11.004,0.021,-0.021,0.0427,0.0012,-0.0012,0.193,0.009,-0.009
HATS-10 b,HATS-10,TIC 126325985,1.101,0.054,-0.054,13.202,0.092,-0.092,11.511,0.025,-0.025,0.04491,0.00074,-0.00074,0.501,,
Kepler-147 c,Kepler-147,TIC 121458206,1.145,0.044,-0.049,14.134,0.195,-0.195,12.416,0.023,-0.023,0.216,,,0.0,,
Kepler-144 b,Kepler-144,TIC 123409401,1.154,0.019,-0.019,12.195,0.027,-0.027,10.792,0.011,-0.011,0.066,,,0.0,,
Kepler-182 c,Kepler-182,TIC 267672183,1.114,0.033,-0.035,14.942,0.126,-0.126,13.518,0.038,-0.038,0.157,,,0.0,,
Kepler-197 c,Kepler-197,TIC 27397848,0.857,0.023,-0.019,11.775,0.024,-0.024,10.535,0.021,-0.021,0.09,,,0.08,0.21,-0.08
MOA-2011-BLG-322L b,MOA-2011-BLG-322L,,0.39,0.45,-0.19,,,,,,,4.3,1.5,-1.2,,,
Kepler-156 b,Kepler-156,TIC 122374620,0.864,0.025,-0.027,14.339,0.114,-0.114,12.155,0.023,-0.023,0.054,,,0.0,,
Kepler-700 b,Kepler-700,TIC 121114997,0.98,0.044,-0.047,15.202,0.206,-0.206,13.569,0.038,-0.038,0.3577,,,0.0,,
Kepler-150 c,Kepler-150,TIC 121598758,0.956,0.018,-0.021,15.161,0.252,-0.252,13.367,0.032,-0.032,0.073,,,0.0,,
Kepler-248 c,Kepler-248,TIC 275493574,0.838,0.018,-0.027,15.506,0.115,-0.115,13.357,0.053,-0.053,0.123,,,0.0,,
Kepler-1962 b,Kepler-1962,TIC 122070274,1.003,0.056,-0.062,15.146,0.103,-0.103,13.412,0.038,-0.038,0.0783,,,0.0,,
Kepler-146 c,Kepler-146,TIC 138569990,1.079,0.018,-0.024,13.921,0.092,-0.092,12.475,0.023,-0.023,0.364,,,0.0,,
Kepler-853 b,Kepler-853,TIC 48419201,1.3,0.139,-0.078,12.339,0.057,-0.057,11.151,0.016,-0.016,0.079,0.00062,-0.00062,0.0,,
Kepler-274 b,Kepler-274,TIC 137892978,0.883,0.019,-0.014,15.238,0.057,-0.057,13.456,0.039,-0.039,0.101,,,0.0,,
Kepler-174 b,Kepler-174,TIC 158434144,0.602,0.019,-0.019,14.53,0.057,-0.057,12.184,0.018,-0.018,0.1,,,0.0,,
Kepler-1562 b,Kepler-1562,TIC 271040678,1.02,0.059,-0.049,15.303,0.058,-0.058,13.849,0.058,-0.058,0.3308,,,0.0,,
Kepler-150 d,Kepler-150,TIC 121598758,0.956,0.018,-0.021,15.161,0.252,-0.252,13.367,0.032,-0.032,0.104,,,0.0,,
CoRoT-22 b,CoRoT-22,TIC 323094535,1.099,0.049,-0.049,13.82,0.114,-0.114,11.988,0.026,-0.026,0.092,0.0014,-0.0014,0.077,0.3,-0.042
WASP-104 b,WASP-104,TIC 393495970,1.076,0.049,-0.049,11.779,0.069,-0.069,9.882,0.019,-0.019,0.02918,0.00045,-0.00045,0.0,,
CoRoT-24 c,CoRoT-24,TIC 36105482,0.91,0.09,-0.09,15.383,0.114,-0.114,12.924,0.024,-0.024,0.098,0.003,-0.003,0.0,,
Kepler-663 b,Kepler-663,TIC 273681023,0.86,0.042,-0.044,15.881,0.069,-0.069,13.903,0.051,-0.051,0.0559,,,0.0,,
KOI-1257 b,KOI-1257,TIC 159647910,0.99,0.05,-0.05,14.818,0.069,-0.069,12.726,0.023,-0.023,0.382,0.006,-0.006,0.772,0.045,-0.045
XO-2 S c,XO-2 S,TIC 356473029,0.982,0.054,-0.054,11.196,0.012,-0.012,9.272,0.021,-0.021,0.4756,0.0087,-0.0087,0.1528,0.0094,-0.0098
Kepler-188 c,Kepler-188,TIC 123235018,1.021,0.032,-0.035,14.719,0.08,-0.08,13.144,0.027,-0.027,0.066,,,0.0,,
Kepler-196 c,Kepler-196,TIC 164828012,0.839,0.017,-0.023,14.239,0.092,-0.092,12.235,0.023,-0.023,0.24,,,0.0,,
Kepler-247 d,Kepler-247,TIC 158792051,0.887,0.016,-0.022,15.199,0.24,-0.24,13.051,0.026,-0.026,0.14,,,0.0,,
Kepler-135 c,Kepler-135,TIC 122450088,1.047,0.032,-0.028,12.794,0.044,-0.044,11.456,0.022,-0.022,0.103,,,0.0,,
Kepler-1028 b,Kepler-1028,TIC 416265126,0.9,0.048,-0.061,14.611,0.092,-0.092,12.63,0.023,-0.023,0.0354,,,0.0,,
Kepler-169 e,Kepler-169,TIC 120689253,0.825,0.007,-0.013,14.424,0.137,-0.137,12.186,0.021,-0.021,0.105,,,0.0,,
Kepler-557 b,Kepler-557,TIC 138222081,1.11,0.125,-0.092,14.723,0.115,-0.115,13.153,0.034,-0.034,0.0469,,,0.0,,
Kepler-214 c,Kepler-214,TIC 164785720,1.11,0.029,-0.023,14.057,0.183,-0.183,12.607,0.028,-0.028,0.194,,,0.0,,
Kepler-149 c,Kepler-149,TIC 120638033,1.013,0.031,-0.033,14.152,0.114,-0.114,12.184,0.025,-0.025,0.281,,,0.0,,
Kepler-154 e,Kepler-154,TIC 416282268,0.98,0.04,-0.044,14.646,0.092,-0.092,12.986,0.029,-0.029,0.04766,0.00053,-0.00053,0.0,,
Kepler-340 b,Kepler-340,TIC 184247532,1.65,0.103,-0.076,12.329,0.057,-0.057,11.583,0.014,-0.014,0.134,,,0.0,,
Kepler-882 b,Kepler-882,TIC 271158747,0.9,0.051,-0.054,14.188,0.126,-0.126,12.268,0.019,-0.019,0.04741,0.00045,-0.00045,0.0,,
Kepler-254 b,Kepler-254,TIC 158665380,0.849,0.034,-0.027,16.012,0.218,-0.218,14.254,0.068,-0.068,0.064,,,0.0,,
Kepler-257 c,Kepler-257,TIC 273132699,0.916,0.017,-0.017,15.652,0.15,-0.15,13.372,,,0.066,,,0.0,,
Kepler-174 c,Kepler-174,TIC 158434144,0.602,0.019,-0.019,14.53,0.057,-0.057,12.184,0.018,-0.018,0.214,,,0.0,,
Kepler-192 c,Kepler-192,TIC 158626833,1.028,0.034,-0.032,14.308,0.183,-0.183,12.427,0.021,-0.021,0.15,,,0.0,,
Kepler-169 b,Kepler-169,TIC 120689253,0.825,0.007,-0.013,14.424,0.137,-0.137,12.186,0.021,-0.021,0.04,,,0.0,,
Kepler-169 f,Kepler-169,TIC 120689253,0.825,0.007,-0.013,14.424,0.137,-0.137,12.186,0.021,-0.021,0.359,,,0.0,,
Kepler-218 c,Kepler-218,TIC 271662623,1.019,0.021,-0.021,14.035,0.114,-0.114,12.311,0.022,-0.022,0.248,,,0.0,,
Kepler-106 c,Kepler-106,TIC 184997417,1.0,0.06,-0.06,12.923,0.08,-0.08,11.431,0.018,-0.018,0.10987,0.00128,-0.00128,0.0,,
Kepler-94 c,Kepler-94,TIC 123309556,0.81,0.06,-0.06,13.071,0.069,-0.069,10.594,0.011,-0.011,1.596806621,,,0.345931,0.000239,-0.000239
Kepler-93 c,Kepler-93,TIC 137151335,0.91,0.06,-0.06,9.996,0.004,-0.004,8.37,0.019,-0.019,,,,,,
Kepler-171 d,Kepler-171,TIC 239229224,0.978,0.029,-0.031,15.101,0.069,-0.069,13.206,0.042,-0.042,0.223,,,0.0,,
Kepler-174 d,Kepler-174,TIC 158434144,0.602,0.019,-0.019,14.53,0.057,-0.057,12.184,0.018,-0.018,0.677,,,0.0,,
Kepler-347 c,Kepler-347,TIC 299158566,0.922,0.022,-0.021,14.567,0.149,-0.149,13.047,0.029,-0.029,0.183,,,0.0,,
Kepler-348 c,Kepler-348,TIC 169180792,1.189,0.049,-0.019,12.676,0.069,-0.069,11.377,0.021,-0.021,0.138,,,0.0,,
Kepler-193 b,Kepler-193,TIC 272496083,1.051,0.024,-0.033,14.712,0.046,-0.046,13.218,0.03,-0.03,0.106,,,0.0,,
Kepler-97 c,Kepler-97,TIC 399951991,0.94,0.06,-0.06,12.994,0.092,-0.092,11.345,0.026,-0.026,,,,,,
Kepler-191 b,Kepler-191,TIC 159647213,0.857,0.015,-0.014,14.987,0.092,-0.092,12.883,0.04,-0.04,0.087,,,0.0,,
Kepler-1778 b,Kepler-1778,TIC 158433884,1.143,0.157,-0.157,15.273,0.035,-0.035,13.731,0.039,-0.039,0.0956,,,0.0,,
Kepler-217 c,Kepler-217,TIC 240178935,1.342,0.023,-0.024,13.155,0.069,-0.069,12.103,0.024,-0.024,0.089,,,0.0,,
Kepler-208 e,Kepler-208,TIC 270781284,1.082,0.03,-0.03,13.561,0.057,-0.057,12.21,0.02,-0.02,0.132,,,0.0,,
Kepler-636 b,Kepler-636,TIC 138297607,0.85,0.032,-0.04,13.906,0.114,-0.114,11.584,0.021,-0.021,0.1185,,,0.0,,
KIC 8540376 c,KOI-7892,TIC 123449386,1.04,0.2,-0.2,14.411,0.114,-0.114,12.966,0.023,-0.023,,,,,,
KIC 10525077 b,KIC 10525077,TIC 158489091,1.01,0.12,-0.12,15.592,0.115,-0.115,13.754,0.046,-0.046,,,,,,
XO-5 b,XO-5,TIC 9155187,1.04,0.03,-0.03,12.198,0.092,-0.092,10.345,0.018,-0.018,0.0515,0.0005,-0.0005,0.0,,
HD 130322 b,HD 130322,TIC 189694184,0.92,0.03,-0.03,8.04,0.03,-0.03,6.234,0.023,-0.023,0.0925,,,0.029,0.016,-0.016
K2-15 b,K2-15,TIC 366696612,0.72,0.06,-0.03,14.758,0.172,-0.172,12.495,0.026,-0.026,0.091,0.0018,-0.0018,,,
K2-17 b,K2-17,TIC 291090078,0.71,0.02,-0.05,13.411,0.103,-0.103,10.308,0.021,-0.021,0.119,0.002,-0.002,0.18,0.201126,-0.152247
KIC 9663113 b,KIC 9663113,TIC 272844987,0.98,0.13,-0.13,14.027,0.137,-0.137,12.502,0.023,-0.023,1.55346,0.01015,-0.01015,0.0,,
HD 32963 b,HD 32963,TIC 69528586,0.94,,,7.6,0.03,-0.03,6.024,0.016,-0.016,3.41,0.02,-0.02,0.07,0.04,-0.04
Kepler-1392 b,Kepler-1392,TIC 158837572,0.88,0.046,-0.055,15.963,0.195,-0.195,13.939,0.044,-0.044,0.1189,,,0.0,,
HD 50554 b,HD 50554,TIC 80224448,1.04,0.01,-0.01,6.8561,0.023,-0.023,5.467,0.018,-0.018,2.353,0.0452,-0.0452,0.501,0.03,-0.03
GJ 3341 b,GJ 3341,TIC 77897915,0.47,,,12.062,0.022,-0.022,7.733,0.023,-0.023,0.089,,,0.31,0.11,-0.11
WASP-20 b,WASP-20,TIC 211438925,1.2,0.041,-0.041,10.675,0.007,-0.007,9.39,0.024,-0.024,0.06,0.00069,-0.00069,0.0,,
Kepler-447 b,Kepler-447,TIC 48506505,1.0,0.21,-0.21,12.52,0.069,-0.069,10.806,0.018,-0.018,0.0769,0.0062,-0.0079,0.123,0.037,-0.036
HAT-P-1 b,HAT-P-1,TIC 346338552,1.151,0.052,-0.051,9.827,0.194,-0.194,8.858,0.018,-0.018,0.05561,0.00082,-0.00083,0.0,,
HATS-14 b,HATS-14,TIC 29344935,0.967,0.024,-0.024,14.052,0.069,-0.069,12.037,0.019,-0.019,0.03815,0.00032,-0.00032,0.142,,
K2-9 b,K2-9,TIC 82050863,0.3,0.14,-0.14,15.86,0.195,-0.195,11.495,0.023,-0.023,0.091,0.013,-0.016,,,
HD 1666 b,HD 1666,TIC 211439561,1.5,0.07,-0.07,8.17,0.03,-0.03,6.964,0.023,-0.023,0.94,0.01,-0.02,0.63,0.03,-0.02
HD 67087 b,HD 67087,TIC 165796397,1.36,0.04,-0.04,8.05,0.03,-0.03,6.866,0.018,-0.018,1.08,0.04,-0.04,0.17,0.07,-0.07
OGLE-2012-BLG-0563L b,OGLE-2012-BLG-0563L,,0.34,0.12,-0.2,,,,,,,0.74,0.26,-0.42,,,
KOI-351 h,KOI-351,TIC 267667295,1.242,0.096,-0.097,13.883,0.069,-0.069,12.482,0.024,-0.024,0.97062,0.00986,-0.00986,0.0276,0.0031,-0.0031
HATS-36 b,HATS-36,TIC 119262291,1.1,0.04,-0.04,14.364,0.149,-0.149,12.809,0.026,-0.026,0.0523,0.0006,-0.0006,0.105,0.028,-0.028
HD 5583 b,HD 5583,TIC 53848538,1.01,0.1,-0.1,7.604,0.002,-0.002,5.221,0.02,-0.02,0.53,0.02,-0.02,0.076,0.07,-0.023
HD 10180 h,HD 10180,TIC 231836962,1.06,0.05,-0.05,7.33,0.03,-0.03,5.868,0.018,-0.018,3.381,0.121,-0.121,0.095,0.086,-0.086
Kepler-801 b,Kepler-801,TIC 158171839,0.67,0.027,-0.026,15.596,0.08,-0.08,12.763,0.023,-0.023,0.0795,,,0.0,,
Kepler-236 b,Kepler-236,TIC 120044687,0.596005,0.020415,-0.020415,16.014,0.252,-0.252,12.312,0.022,-0.022,0.065,,,0.0,,
Kepler-568 b,Kepler-568,TIC 28361088,0.55,0.019,-0.018,15.216,0.152,-0.152,10.963,0.021,-0.021,0.0794,,,0.0,,
1RXS J160929.1-210524 b,1RXS J160929.1-210524,TIC 48964101,0.85,0.2,-0.1,12.618,0.069,-0.069,8.916,0.021,-0.021,330.0,,,,,
GSC 06214-00210 b,GSC 06214-00210,TIC 50175254,0.9,0.1,-0.1,12.416,0.046,-0.046,9.152,0.021,-0.021,320.0,30.0,-30.0,,,
Kepler-296 c,Kepler-296,TIC 243271945,0.498,0.067,-0.087,16.363,1.133,-1.133,12.6,0.028,-0.028,0.0521,0.0088,-0.0086,0.33,,
K2-66 b,K2-66,TIC 50183101,1.11,0.04,-0.04,11.71,0.026,-0.026,10.609,0.021,-0.021,0.05983,0.00072,-0.00072,0.0,,
Pr0211 c,Pr0211,TIC 175291727,0.935,0.013,-0.013,12.163,0.08,-0.08,10.173,0.016,-0.016,5.5,3.0,-1.4,0.71,0.11,-0.11
Kepler-436 b,Kepler-436,TIC 185408817,0.729,0.033,-0.029,15.971,0.115,-0.115,13.333,0.036,-0.036,0.339,0.134,-0.053,0.19,0.13,-0.11
Kepler-296 e,Kepler-296,TIC 243271945,0.498,0.067,-0.087,16.363,1.133,-1.133,12.6,0.028,-0.028,0.169,0.029,-0.028,0.33,,
Kepler-296 f,Kepler-296,TIC 243271945,0.498,0.067,-0.087,16.363,1.133,-1.133,12.6,0.028,-0.028,0.255,0.043,-0.042,0.33,,
KELT-6 c,KELT-6,TIC 165987272,1.126,0.058,-0.058,10.371,0.007,-0.007,9.083,0.017,-0.017,2.39,0.11,-0.11,0.21,0.039,-0.036
HD 220842 b,HD 220842,TIC 251866143,1.13,0.06,-0.06,7.98,0.03,-0.03,6.555,0.023,-0.023,0.74,0.018,-0.018,0.404,0.009,-0.009
HIP 109600 b,HIP 109600,TIC 27864699,0.87,0.06,-0.06,9.18,0.03,-0.03,7.499,0.021,-0.021,0.706,0.016,-0.016,0.163,0.006,-0.006
Kepler-443 b,Kepler-443,TIC 299030246,0.738,0.033,-0.029,16.207,0.035,-0.035,13.815,0.045,-0.045,0.495,0.186,-0.075,0.11,0.15,-0.11
Kepler-437 b,Kepler-437,TIC 273138666,0.707,0.033,-0.027,14.628,0.217,-0.217,11.847,0.018,-0.018,0.288,0.066,-0.04,0.02,0.08,-0.02
Kepler-1036 b,Kepler-1036,TIC 27396869,0.95,0.032,-0.036,13.87,0.057,-0.057,12.124,0.022,-0.022,0.47726,0.00251,-0.00251,0.0,,
Kepler-8 b,Kepler-8,TIC 123233041,1.213,0.067,-0.062,13.598,0.069,-0.069,12.293,0.016,-0.016,0.0474,0.0018,-0.0021,0.0,,
OGLE-2003-BLG-235L b,OGLE-2003-BLG-235L,,0.63,0.07,-0.09,,,,,,,4.3,2.5,-0.8,,,
OGLE-2015-BLG-0966L b,OGLE-2015-BLG-0966L,,0.38,0.04,-0.04,,,,,,,2.7,,,,,
Kepler-438 b,Kepler-438,TIC 336266673,0.544,0.041,-0.061,15.104,0.252,-0.252,11.199,0.02,-0.02,0.166,0.051,-0.042,0.03,0.1,-0.03
Kepler-439 b,Kepler-439,TIC 123202589,0.884,0.044,-0.038,14.654,0.069,-0.069,12.919,0.024,-0.024,0.563,0.165,-0.08,0.03,0.08,-0.03
Kepler-1003 b,Kepler-1003,TIC 63074840,1.11,0.126,-0.082,14.132,0.069,-0.069,12.623,0.028,-0.028,0.04333,0.00017,-0.00017,0.0,,
tau Boo b,tau Boo,TIC 72506701,1.32,0.243739,-0.184934,4.48635,0.023,-0.023,3.507,0.348,-0.348,0.049,0.003,-0.003,0.011,0.006,-0.006
Kepler-43 b,Kepler-43,TIC 164892194,1.32,0.09,-0.09,13.986,0.149,-0.149,12.549,0.031,-0.031,0.046,0.0026,-0.0025,0.017,0.027,-0.009
HD 141399 e,HD 141399,TIC 156067565,1.07,0.08,-0.08,7.20856,0.023,-0.023,5.499,0.018,-0.018,5.0,1.5,-1.5,0.26,0.22,-0.22
HD 141399 d,HD 141399,TIC 156067565,1.07,0.08,-0.08,7.20856,0.023,-0.023,5.499,0.018,-0.018,2.09,0.06,-0.06,0.074,0.025,-0.025
HD 113538 c,HD 113538,TIC 422214062,0.585,0.05,-0.05,9.05,0.03,-0.03,5.637,0.024,-0.024,2.44,0.07,-0.07,0.2,0.04,-0.04
HD 564 b,HD 564,TIC 200658785,0.961,0.05,-0.05,8.32,0.03,-0.03,6.893,0.021,-0.021,1.2,0.02,-0.02,0.096,0.067,-0.067
VHS J125601.92-125723.9 b,VHS J125601.92-125723.9,TIC 2470992,0.07,0.019,-0.014,17.73,0.2,-0.2,10.044,0.021,-0.021,350.0,110.0,-150.0,0.68,0.11,-0.1
HD 81040 b,HD 81040,TIC 414965996,0.99,0.02,-0.02,7.72,0.03,-0.03,6.159,0.021,-0.021,1.946,0.014,-0.014,0.525,0.024,-0.026
Kepler-76 b,Kepler-76,TIC 138644215,1.2,0.2,-0.2,13.474,0.114,-0.114,12.092,0.021,-0.021,0.0274,0.002,-0.0019,0.0,,
WASP-42 b,WASP-42,TIC 248075138,0.951,0.063,-0.063,12.169,0.046,-0.046,10.033,0.022,-0.022,0.0561,0.0012,-0.0012,0.062,0.013,-0.011
HD 108341 b,HD 108341,TIC 286896213,0.843,0.024,-0.024,9.38,0.03,-0.03,7.326,0.021,-0.021,2.0,0.04,-0.04,0.85,0.09,-0.08
TrES-5 b,TrES-5,TIC 233948455,0.901,0.03,-0.03,13.677,0.069,-0.069,11.591,0.019,-0.019,0.02459,0.0007,-0.0007,0.0,,
Kepler-432 c,Kepler-432,TIC 26817004,1.32,0.1,-0.07,12.398,0.057,-0.057,10.121,0.017,-0.017,,,,0.498,0.029,-0.059
Kepler-5 b,Kepler-5,TIC 268823307,1.374,0.04,-0.059,13.325,0.092,-0.092,11.769,0.025,-0.025,0.0538,0.0015,-0.0021,0.0,,
HD 141399 c,HD 141399,TIC 156067565,1.07,0.08,-0.08,7.20856,0.023,-0.023,5.499,0.018,-0.018,0.689,0.02,-0.02,0.048,0.009,-0.009
Kepler-432 b,Kepler-432,TIC 26817004,1.32,0.1,-0.07,12.398,0.057,-0.057,10.121,0.017,-0.017,0.301,0.016,-0.011,0.5134,0.0098,-0.0089
HD 7924 c,HD 7924,TIC 468723402,0.832,0.022,-0.036,7.17896,0.023,-0.023,5.159,0.02,-0.02,0.1134,0.0013,-0.0014,0.098,0.096,-0.069
WASP-41 c,WASP-41,TIC 398943781,0.93,0.07,-0.07,11.632,0.018,-0.018,9.677,0.019,-0.019,1.07,0.03,-0.03,0.294,0.024,-0.024
Kepler-424 c,Kepler-424,TIC 264508014,1.01,0.054,-0.054,14.429,0.103,-0.103,12.47,0.022,-0.022,0.73,0.08,-0.07,,,
Kepler-422 b,Kepler-422,TIC 123495874,1.15,0.06,-0.06,13.524,0.103,-0.103,12.041,0.011,-0.011,0.082,0.011,-0.01,0.0,,
WASP-57 b,WASP-57,TIC 175772482,0.886,0.067,-0.067,12.913,0.103,-0.103,11.244,0.026,-0.026,0.03769,0.00097,-0.00097,0.0,,
HAT-P-50 b,HAT-P-50,TIC 17746821,1.273,0.049,-0.115,11.703,0.057,-0.057,10.5,0.018,-0.018,0.0453,0.00058,-0.0014,0.115,,
Kepler-424 b,Kepler-424,TIC 264508014,1.01,0.054,-0.054,14.429,0.103,-0.103,12.47,0.022,-0.022,0.044,0.005,-0.004,0.0,,
Kepler-427 b,Kepler-427,TIC 158668572,0.96,0.06,-0.06,14.301,0.092,-0.092,12.777,0.024,-0.024,0.091,0.01,-0.01,0.57,,
HD 128311 c,HD 128311,TIC 349606708,0.828,0.008,-0.012,7.48,0.03,-0.03,5.142,0.017,-0.017,1.74,0.01,-0.01,0.159,0.006,-0.006
HD 128311 b,HD 128311,TIC 349606708,0.828,0.008,-0.012,7.48,0.03,-0.03,5.142,0.017,-0.017,1.084,0.006,-0.006,0.303,0.011,-0.011
Kepler-449 c,Kepler-449,TIC 270779644,1.02,0.033,-0.035,11.448,0.015,-0.015,9.701,0.014,-0.014,0.1979,,,0.05,0.24,-0.05
HAT-P-52 b,HAT-P-52,TIC 436875934,0.887,0.027,-0.027,14.107,0.08,-0.08,11.621,0.021,-0.021,0.03694,0.00038,-0.00038,0.047,,
HD 1461 c,HD 1461,TIC 37748347,1.02,,,6.47933,0.023,-0.023,4.897,0.023,-0.023,0.1117,0.0039,-0.0039,0.305,,
Kepler-425 b,Kepler-425,TIC 122441491,0.93,0.05,-0.05,14.845,0.08,-0.08,12.806,0.027,-0.027,0.0464,0.0008,-0.0008,0.33,,
WASP-67 b,WASP-67,TIC 68952448,0.91,0.28,-0.28,12.537,0.039,-0.039,10.129,0.021,-0.021,0.05179,0.0008,-0.00078,0.0,,
TRAPPIST-1 e,TRAPPIST-1,TIC 278892590,0.0898,0.0023,-0.0023,17.02,0.2,-0.2,10.296,0.023,-0.023,0.02925,0.0025,-0.0025,0.0051,0.00058,-0.00058
TRAPPIST-1 f,TRAPPIST-1,TIC 278892590,0.0898,0.0023,-0.0023,17.02,0.2,-0.2,10.296,0.023,-0.023,0.03849,0.00033,-0.00033,0.01007,0.00068,-0.00068
WASP-70 A b,WASP-70 A,TIC 442530946,1.106,0.042,-0.042,10.786,0.013,-0.013,9.58,0.03,-0.03,0.04853,0.00062,-0.00062,0.0,,
Kepler-75 b,Kepler-75,TIC 122785299,0.91,0.04,-0.04,15.414,0.046,-0.046,13.118,0.029,-0.029,0.0818,0.0012,-0.0012,0.57,0.01,-0.01
Kepler-449 b,Kepler-449,TIC 270779644,1.02,0.033,-0.035,11.448,0.015,-0.015,9.701,0.014,-0.014,0.1027,,,0.03,0.28,-0.03
Kepler-92 d,Kepler-92,TIC 121943724,1.07,0.138335,-0.13016,11.671,0.022,-0.022,10.403,0.018,-0.018,0.28682,0.00436,-0.00436,0.07,0.34,-0.04
HD 175607 b,HD 175607,TIC 382073690,0.71,0.01,-0.01,8.6,0.03,-0.03,6.881,0.057,-0.057,,,,0.11,0.09,-0.07
HD 219134 g,HD 219134,TIC 283722336,0.794,0.037,-0.022,5.56911,0.023,-0.023,3.261,0.304,-0.304,0.3753,0.0004,-0.0004,0.0,,
OGLE-2008-BLG-092L b,OGLE-2008-BLG-092L,,0.71,,,,,,,,,15.0,,,,,
Kepler-74 b,Kepler-74,TIC 137903329,1.18,0.04,-0.04,14.487,0.092,-0.092,12.958,0.033,-0.033,0.0781,0.0007,-0.0007,0.0,,
Kepler-444 b,Kepler-444,TIC 394172596,0.758,0.043,-0.043,8.87,0.03,-0.03,6.703,0.02,-0.02,0.04178,0.00079,-0.00079,0.16,0.21,-0.1
MOA-2011-BLG-262L b,MOA-2011-BLG-262L,,0.11,0.21,-0.06,,,,,,,0.95,0.53,-0.19,,,
WASP-135 b,WASP-135,TIC 308172249,0.98,0.06,-0.06,13.181,0.08,-0.08,11.037,0.02,-0.02,0.0243,0.0005,-0.0005,0.0,,
OGLE-2006-BLG-109L c,OGLE-2006-BLG-109L,,0.51,0.05,-0.04,,,,,,,4.5,2.1,-1.0,0.15,0.17,-0.1
Qatar-2 b,Qatar-2,TIC 2521105,0.743,0.021,-0.021,13.443,0.16,-0.16,10.619,0.021,-0.021,0.02153,0.0002,-0.0002,0.0,,
Kepler-444 e,Kepler-444,TIC 394172596,0.758,0.043,-0.043,8.87,0.03,-0.03,6.703,0.02,-0.02,0.0696,0.0013,-0.0013,0.1,0.2,-0.07
MOA-2010-BLG-328L b,MOA-2010-BLG-328L,,0.11,0.01,-0.01,,,,18.76,0.36,-0.36,0.92,0.16,-0.16,,,
HIP 107773 b,HIP 107773,TIC 406320735,2.42,0.27,-0.27,5.62,0.03,-0.03,3.292,0.25,-0.25,0.72,0.03,-0.03,0.09,0.06,-0.06
Kepler-430 b,Kepler-430,TIC 26748113,1.166,0.134,-0.095,13.908,0.16,-0.16,12.391,0.03,-0.03,0.2244,,,0.0,,
Kepler-874 b,Kepler-874,TIC 271347296,1.09,0.117,-0.091,14.822,0.114,-0.114,13.14,0.033,-0.033,0.2234,,,0.0,,
Kepler-876 b,Kepler-876,TIC 164529393,0.81,0.038,-0.043,15.647,0.217,-0.217,13.354,0.042,-0.042,0.0549,,,0.0,,
Kepler-780 b,Kepler-780,TIC 123362050,1.01,0.032,-0.033,13.464,0.092,-0.092,11.824,0.013,-0.013,0.015,,,0.0,,
Kepler-802 b,Kepler-802,TIC 158114000,0.93,0.04,-0.046,15.01,0.08,-0.08,13.105,0.031,-0.031,0.2265,,,0.0,,
Kepler-799 b,Kepler-799,TIC 158419284,0.95,0.052,-0.059,15.166,0.115,-0.115,13.524,0.04,-0.04,0.5167,,,0.0,,
Kepler-872 b,Kepler-872,TIC 271669275,1.05,0.064,-0.076,15.242,0.046,-0.046,13.389,0.033,-0.033,0.0362,,,0.0,,
Kepler-870 b,Kepler-870,TIC 27455225,1.01,0.066,-0.062,15.326,0.103,-0.103,13.738,0.052,-0.052,0.1539,,,0.0,,
K2-30 b,K2-30,TIC 26017005,0.9,0.043,-0.042,13.547,0.092,-0.092,11.088,0.02,-0.02,0.04839,0.00076,-0.00076,0.0,,
Kepler-851 b,Kepler-851,TIC 27235573,0.89,0.044,-0.052,15.172,0.103,-0.103,13.392,0.043,-0.043,0.0802,,,0.0,,
Kepler-798 b,Kepler-798,TIC 63214717,1.19,0.184,-0.093,14.221,0.08,-0.08,12.838,0.033,-0.033,0.1174,,,0.0,,
Kepler-797 b,Kepler-797,TIC 169176157,0.96,0.101,-0.069,14.751,0.08,-0.08,12.841,0.03,-0.03,0.181,,,0.0,,
Kepler-869 b,Kepler-869,TIC 299218299,0.97,0.049,-0.052,15.122,0.08,-0.08,13.359,0.036,-0.036,0.2244,,,0.0,,
Kepler-868 b,Kepler-868,TIC 123447451,0.93,0.046,-0.06,15.872,0.252,-0.252,14.09,0.059,-0.059,0.0575,,,0.0,,
Kepler-477 b,Kepler-477,TIC 158633329,0.87,0.025,-0.031,13.835,0.114,-0.114,11.729,0.016,-0.016,0.0911,,,0.0,,
Kepler-847 b,Kepler-847,TIC 48352404,0.83,0.031,-0.037,14.998,0.15,-0.15,12.708,,,0.0315,,,0.0,,
Kepler-795 b,Kepler-795,TIC 122684233,0.94,0.039,-0.038,13.423,0.126,-0.126,11.708,0.021,-0.021,0.1803,0.00164,-0.00164,0.0,,
Kepler-796 b,Kepler-796,TIC 121214909,0.93,0.04,-0.036,13.175,0.092,-0.092,11.074,0.021,-0.021,0.07317,0.00045,-0.00045,0.0,,
Kepler-753 b,Kepler-753,TIC 351056774,0.68,0.025,-0.029,14.891,0.114,-0.114,11.875,0.022,-0.022,0.054,,,0.0,,
Kepler-866 b,Kepler-866,TIC 159307214,0.75,0.037,-0.046,16.124,0.183,-0.183,13.484,0.03,-0.03,0.0331,,,0.0,,
Kepler-867 b,Kepler-867,TIC 399915645,0.92,0.037,-0.038,15.098,0.115,-0.115,13.148,0.034,-0.034,0.5375,,,0.0,,
Kepler-865 b,Kepler-865,TIC 273499989,0.93,0.092,-0.065,14.635,0.069,-0.069,12.684,0.024,-0.024,0.1057,,,0.0,,
Kepler-754 b,Kepler-754,TIC 138036531,1.06,0.084,-0.077,15.352,0.206,-0.206,13.516,0.041,-0.041,0.116,,,0.0,,
Kepler-748 b,Kepler-748,TIC 137545963,1.07,0.09,-0.071,15.37,0.195,-0.195,13.603,0.047,-0.047,0.0745,,,0.0,,
Kepler-793 b,Kepler-793,TIC 139036121,0.98,0.075,-0.069,14.742,0.046,-0.046,12.871,0.028,-0.028,0.0491,,,0.0,,
Kepler-792 b,Kepler-792,TIC 137401986,1.09,0.093,-0.074,15.117,0.149,-0.149,13.478,0.046,-0.046,0.0988,,,0.0,,
Kepler-863 b,Kepler-863,TIC 273500946,0.96,0.107,-0.068,15.567,0.115,-0.115,13.706,0.044,-0.044,0.122,,,0.0,,
Kepler-752 b,Kepler-752,TIC 137548225,0.87,0.054,-0.056,15.864,0.172,-0.172,13.939,0.059,-0.059,0.1353,,,0.0,,
Kepler-766 b,Kepler-766,TIC 138036952,1.1,0.088,-0.072,15.825,0.15,-0.15,13.994,,,0.066,,,0.0,,
Kepler-841 b,Kepler-841,TIC 267569980,0.85,0.042,-0.054,15.791,0.229,-0.229,13.928,0.043,-0.043,0.479,,,0.0,,
Kepler-790 b,Kepler-790,TIC 121020728,0.84,0.043,-0.048,15.534,0.16,-0.16,13.248,0.03,-0.03,0.101,,,0.0,,
Kepler-861 b,Kepler-861,TIC 63206411,0.82,0.037,-0.043,15.993,0.286,-0.286,13.532,0.048,-0.048,0.0463,,,0.0,,
Kepler-860 b,Kepler-860,TIC 271774166,1.04,0.065,-0.056,15.544,0.069,-0.069,13.75,0.044,-0.044,0.058,,,0.0,,
Kepler-773 b,Kepler-773,TIC 122682991,1.04,0.035,-0.034,13.387,0.103,-0.103,11.888,0.02,-0.02,0.04682,0.00053,-0.00053,0.0,,
Kepler-774 b,Kepler-774,TIC 122780849,1.57,0.113,-0.136,12.886,0.08,-0.08,11.64,0.02,-0.02,0.1082,0.00063,-0.00063,0.0,,
Kepler-837 b,Kepler-837,TIC 164891482,0.85,0.049,-0.06,15.576,0.206,-0.206,13.465,0.046,-0.046,0.1144,,,0.0,,
Kepler-897 b,Kepler-897,TIC 290005350,1.03,0.062,-0.065,15.177,0.092,-0.092,13.466,0.044,-0.044,0.077,,,0.0,,
Kepler-769 b,Kepler-769,TIC 137815803,1.19,0.172,-0.106,14.984,0.046,-0.046,13.392,0.04,-0.04,0.0778,,,0.0,,
Kepler-836 b,Kepler-836,TIC 158486560,1.03,0.06,-0.065,14.672,0.046,-0.046,13.15,0.028,-0.028,0.1013,,,0.0,,
Kepler-465 b,Kepler-465,TIC 164725204,1.23,0.039,-0.034,12.651,0.194,-0.194,11.456,0.017,-0.017,0.09195,0.00085,-0.00085,0.0,,
Kepler-484 b,Kepler-484,TIC 164721759,0.96,0.023,-0.026,13.077,0.103,-0.103,11.482,0.017,-0.017,0.09036,0.00079,-0.00079,0.0,,
Kepler-890 b,Kepler-890,TIC 158726129,1.09,0.098,-0.069,15.235,0.115,-0.115,13.665,0.037,-0.037,0.2944,,,0.0,,
Kepler-892 b,Kepler-892,TIC 164459949,0.75,0.032,-0.04,15.967,0.309,-0.309,13.335,0.044,-0.044,0.1015,,,0.0,,
Kepler-765 b,Kepler-765,TIC 164456891,1.05,0.058,-0.056,14.709,0.069,-0.069,13.175,0.039,-0.039,0.1754,,,0.0,,
Kepler-784 b,Kepler-784,TIC 272078218,1.0,0.067,-0.049,13.392,0.092,-0.092,11.617,0.014,-0.014,0.22111,0.00096,-0.00096,0.0,,
Kepler-785 b,Kepler-785,TIC 137402055,0.77,0.031,-0.038,16.315,0.172,-0.172,13.381,0.038,-0.038,0.025,,,0.0,,
Kepler-831 b,Kepler-831,TIC 271346561,0.99,0.036,-0.035,13.751,0.092,-0.092,12.159,0.019,-0.019,0.05984,0.00068,-0.00068,0.0,,
Kepler-893 b,Kepler-893,TIC 164830125,1.0,0.053,-0.061,15.347,0.115,-0.115,13.744,0.053,-0.053,0.0699,,,0.0,,
Kepler-894 b,Kepler-894,TIC 158838278,0.87,0.061,-0.069,15.686,0.115,-0.115,13.84,0.046,-0.046,0.0916,,,0.0,,
Kepler-781 b,Kepler-781,TIC 158489897,0.81,0.043,-0.051,16.207,0.172,-0.172,14.049,0.055,-0.055,0.1019,,,0.0,,
Kepler-824 b,Kepler-824,TIC 122447994,1.15,0.137,-0.077,15.051,0.057,-0.057,13.447,0.037,-0.037,0.055,,,0.0,,
Kepler-823 b,Kepler-823,TIC 120315151,0.98,0.054,-0.051,15.089,0.103,-0.103,13.187,0.032,-0.032,0.0507,,,0.0,,
Kepler-746 b,Kepler-746,TIC 122515955,0.91,0.039,-0.033,13.785,0.103,-0.103,11.815,0.02,-0.02,0.0435,,,0.0,,
Kepler-822 b,Kepler-822,TIC 137552781,1.06,0.086,-0.08,14.75,0.126,-0.126,13.053,0.033,-0.033,0.04078,0.00046,-0.00046,0.0,,
Kepler-458 c,KIC 9663113,TIC 272844987,1.15,,,14.027,0.137,-0.137,12.502,0.023,-0.023,0.17012,0.00111,-0.00111,0.0,,
Kepler-827 b,Kepler-827,TIC 271346509,0.93,0.066,-0.061,15.865,0.195,-0.195,14.209,0.068,-0.068,0.2742,,,0.0,,
MOA-2011-BLG-028L b,MOA-2011-BLG-028L,,0.75,0.35,-0.3,,,,19.0,1.4,-1.4,4.14,0.64,-0.64,,,
Kepler-471 b,Kepler-471,TIC 268604331,1.49,0.222,-0.182,13.767,0.069,-0.069,12.562,0.024,-0.024,0.0626,,,0.0,,
Kepler-819 b,Kepler-819,TIC 139106013,0.86,0.046,-0.049,15.402,0.24,-0.24,13.163,0.033,-0.033,0.1894,,,0.0,,
Kepler-818 b,Kepler-818,TIC 184417625,0.94,0.07,-0.061,15.368,0.08,-0.08,13.448,0.042,-0.042,0.0886,,,0.0,,
Kepler-886 b,Kepler-886,TIC 158215023,1.1,0.098,-0.081,14.054,0.149,-0.149,12.565,0.023,-0.023,0.06428,0.00078,-0.00078,0.0,,
KELT-17 b,KELT-17,TIC 6893917,1.635,0.066,-0.061,9.234,0.003,-0.003,8.646,0.018,-0.018,0.04881,0.00065,-0.00061,,,
WASP-92 b,WASP-92,TIC 162689341,1.19,0.037,-0.037,12.951,0.057,-0.057,11.519,0.018,-0.018,0.0348,0.00036,-0.00036,0.0,,
Kepler-755 b,Kepler-755,TIC 239227652,0.82,0.032,-0.039,14.277,0.149,-0.149,11.879,0.028,-0.028,0.02156,0.00023,-0.00023,0.0,,
Kepler-816 b,Kepler-816,TIC 138105127,0.9,0.04,-0.044,16.365,0.126,-0.126,13.892,0.057,-0.057,0.0895,,,0.0,,
Kepler-815 b,Kepler-815,TIC 48505882,1.25,0.048,-0.189,13.438,0.08,-0.08,11.191,0.017,-0.017,0.09473,0.00151,-0.00151,0.0,,
Kepler-852 b,Kepler-852,TIC 28089606,1.19,0.039,-0.04,14.006,0.149,-0.149,12.587,0.024,-0.024,0.27967,0.00263,-0.00263,0.0,,
WASP-93 b,WASP-93,TIC 240681314,1.334,0.033,-0.033,10.966,0.007,-0.007,9.942,0.016,-0.016,0.04211,0.00035,-0.00035,0.0,,
WASP-118 b,WASP-118,TIC 380907135,1.32,0.035,-0.035,11.009,0.013,-0.013,9.788,0.021,-0.021,0.05453,0.00048,-0.00048,0.0,,
Kepler-758 b,Kepler-758,TIC 137968594,1.16,0.122,-0.082,14.379,0.149,-0.149,13.11,0.035,-0.035,0.10754,0.00134,-0.00134,0.0,,
Kepler-502 b,Kepler-502,TIC 159578156,1.15,0.126,-0.088,15.136,0.035,-0.035,13.592,0.038,-0.038,0.0535,,,0.0,,
Kepler-813 b,Kepler-813,TIC 377782430,0.95,0.049,-0.07,14.646,0.137,-0.137,13.122,0.037,-0.037,0.1439,,,0.0,,
Kepler-812 b,Kepler-812,TIC 299033074,1.45,0.212,-0.136,13.815,0.08,-0.08,12.832,0.025,-0.025,0.1024,,,0.0,,
Kepler-883 b,Kepler-883,TIC 243271051,1.06,0.048,-0.047,13.169,0.103,-0.103,11.752,0.025,-0.025,0.10288,0.00079,-0.00079,0.0,,
HAT-P-66 b,HAT-P-66,TIC 137881699,1.255,0.107,-0.054,13.014,0.08,-0.08,11.675,0.022,-0.022,0.04363,0.00121,-0.00064,0.09,,
Kepler-760 b,Kepler-760,TIC 158494681,0.89,0.038,-0.042,15.181,0.16,-0.16,13.239,0.03,-0.03,0.08087,0.00071,-0.00071,0.0,,
Kepler-474 b,Kepler-474,TIC 63210391,0.99,0.049,-0.05,13.629,0.069,-0.069,11.91,0.022,-0.022,0.06092,0.00043,-0.00043,0.0,,
Kepler-811 b,Kepler-811,TIC 351908051,1.01,0.05,-0.037,14.046,0.126,-0.126,12.462,0.027,-0.027,0.15911,0.00128,-0.00128,0.0,,
Kepler-810 b,Kepler-810,TIC 351188824,1.03,0.058,-0.057,15.73,0.115,-0.115,14.207,0.063,-0.063,0.055,,,0.0,,
HD 42618 b,HD 42618,TIC 153289168,1.015,0.061,-0.061,6.87,0.023,-0.023,5.301,0.02,-0.02,0.554,0.011,-0.011,0.19,0.15,-0.12
Kepler-768 b,Kepler-768,TIC 138568968,0.82,0.046,-0.048,15.969,0.115,-0.115,13.514,0.043,-0.043,0.092,,,0.0,,
Kepler-775 b,Kepler-775,TIC 137211068,0.92,0.029,-0.031,13.564,0.08,-0.08,11.774,0.021,-0.021,0.01834,0.0002,-0.0002,0.0,,
Kepler-463 b,Kepler-463,TIC 268481319,0.87,0.054,-0.053,12.999,0.08,-0.08,11.209,0.02,-0.02,0.07925,0.00022,-0.00022,0.0,,
Kepler-878 b,Kepler-878,TIC 164892142,0.81,0.036,-0.043,14.967,0.08,-0.08,12.788,0.033,-0.033,0.165,,,0.0,,
Kepler-877 b,Kepler-877,TIC 159175206,0.85,0.041,-0.052,14.74,0.137,-0.137,12.653,0.025,-0.025,0.1301,,,0.0,,
Kepler-778 b,Kepler-778,TIC 158484518,0.81,0.042,-0.049,15.959,0.08,-0.08,13.788,0.044,-0.044,0.0453,,,0.0,,
Kepler-908 b,Kepler-908,TIC 139106731,1.11,0.04,-0.039,11.607,0.017,-0.017,9.993,0.018,-0.018,0.02526,0.00017,-0.00017,0.0,,
Kepler-911 b,Kepler-911,TIC 171029578,1.34,0.053,-0.093,11.767,0.02,-0.02,10.511,0.018,-0.018,0.15594,0.00303,-0.00303,0.0,,
Kepler-975 b,Kepler-975,TIC 122450762,0.8,0.035,-0.035,14.633,0.046,-0.046,12.19,0.021,-0.021,0.02898,0.00027,-0.00027,0.0,,
Kepler-995 b,Kepler-995,TIC 120315006,0.83,0.044,-0.048,15.173,0.114,-0.114,13.021,0.027,-0.027,0.1701,,,0.0,,
Kepler-1008 b,Kepler-1008,TIC 272491981,0.81,0.033,-0.034,13.59,0.057,-0.057,11.378,0.012,-0.012,0.09755,0.00087,-0.00087,0.0,,
Kepler-1045 b,Kepler-1045,TIC 164670756,0.86,0.038,-0.046,15.879,0.298,-0.298,13.757,0.056,-0.056,0.1616,,,0.0,,
Kepler-912 b,Kepler-912,TIC 170251516,1.07,0.151,-0.099,15.668,0.08,-0.08,13.602,0.036,-0.036,0.0339,,,0.0,,
Kepler-913 b,Kepler-913,TIC 169465273,0.63,0.013,-0.014,15.522,0.15,-0.15,13.477,,,0.1009,,,0.0,,
Kepler-1042 b,Kepler-1042,TIC 121734006,0.75,0.041,-0.049,16.004,0.149,-0.149,13.368,0.035,-0.035,0.0756,,,0.0,,
Kepler-1026 b,Kepler-1026,TIC 237192046,0.79,0.037,-0.044,14.463,0.092,-0.092,12.077,0.027,-0.027,0.1977,,,0.0,,
Kepler-963 b,Kepler-963,TIC 272605867,0.91,0.062,-0.058,15.091,0.126,-0.126,13.158,0.035,-0.035,0.0849,,,0.0,,
Kepler-1041 b,Kepler-1041,TIC 27007509,1.06,0.07,-0.066,14.576,0.195,-0.195,13.034,0.033,-0.033,0.1688,,,0.0,,
Kepler-910 b,Kepler-910,TIC 272178989,1.26,0.034,-0.032,11.44,0.013,-0.013,10.329,0.017,-0.017,0.03752,0.00019,-0.00019,0.0,,
Kepler-1017 b,Kepler-1017,TIC 237188153,0.93,0.035,-0.035,14.315,0.092,-0.092,12.396,0.03,-0.03,0.07196,0.00046,-0.00046,0.0,,
Kepler-1018 b,Kepler-1018,TIC 164555061,0.91,0.042,-0.055,15.103,0.058,-0.058,13.373,0.043,-0.043,0.253,,,0.0,,
Kepler-1030 b,Kepler-1030,TIC 270617362,0.8,0.036,-0.044,16.003,0.137,-0.137,13.578,0.041,-0.041,0.1338,,,0.0,,
Kepler-997 b,Kepler-997,TIC 299159378,1.22,0.147,-0.081,11.521,0.038,-0.038,10.608,0.022,-0.022,0.04022,0.00048,-0.00048,0.0,,
Kepler-915 b,Kepler-915,TIC 159396818,1.21,0.092,-0.053,13.314,0.057,-0.057,12.041,0.016,-0.016,0.05655,0.00064,-0.00064,0.0,,
Kepler-955 b,Kepler-955,TIC 121603761,0.89,0.038,-0.043,14.734,0.103,-0.103,12.807,0.027,-0.027,0.1083,,,0.0,,
Kepler-964 b,Kepler-964,TIC 139155506,0.93,0.027,-0.03,14.061,0.08,-0.08,12.139,0.021,-0.021,0.1073,0.00051,-0.00051,0.0,,
Kepler-1007 b,Kepler-1007,TIC 272074477,0.73,0.032,-0.039,14.981,0.034,-0.034,12.224,0.016,-0.016,0.048,,,0.0,,
Kepler-968 b,Kepler-968,TIC 350814607,0.76,0.026,-0.04,14.626,0.126,-0.126,11.831,0.025,-0.025,0.0389,,,0.0,,
Kepler-966 b,Kepler-966,TIC 28159758,1.02,0.068,-0.072,14.731,0.137,-0.137,12.745,0.026,-0.026,0.3907,,,0.0,,
Kepler-925 b,Kepler-925,TIC 122294985,0.77,0.029,-0.036,16.025,0.149,-0.149,13.339,0.034,-0.034,0.1805,,,0.0,,
Kepler-924 b,Kepler-924,TIC 122596334,1.14,0.152,-0.093,14.293,0.103,-0.103,12.745,0.027,-0.027,0.31318,0.0028,-0.0028,0.0,,
Kepler-987 b,Kepler-987,TIC 159050004,0.97,0.033,-0.033,15.171,0.08,-0.08,13.375,0.036,-0.036,0.4238,,,0.0,,
Kepler-958 b,Kepler-958,TIC 158416263,0.91,0.03,-0.033,13.91,0.137,-0.137,12.041,0.016,-0.016,0.08631,0.00057,-0.00057,0.0,,
Kepler-1062 b,Kepler-1062,TIC 120043084,0.75,0.029,-0.038,15.095,0.046,-0.046,12.333,0.023,-0.023,0.0748,,,0.0,,
Kepler-1061 b,Kepler-1061,TIC 27776660,1.09,0.036,-0.042,13.319,0.114,-0.114,11.934,0.019,-0.019,0.0388,0.0004,-0.0004,0.0,,
Kepler-927 b,Kepler-927,TIC 122066280,0.99,0.051,-0.051,14.817,0.172,-0.172,13.032,0.029,-0.029,0.0866,,,0.0,,
Kepler-926 b,Kepler-926,TIC 394174412,1.01,0.063,-0.062,14.431,0.16,-0.16,12.687,0.028,-0.028,0.2739,,,0.0,,
Kepler-1029 b,Kepler-1029,TIC 137409907,0.82,0.037,-0.042,14.434,0.15,-0.15,12.169,,,0.047,,,0.0,,
Kepler-996 b,Kepler-996,TIC 351072172,1.09,0.094,-0.077,14.717,0.08,-0.08,13.171,0.036,-0.036,0.0474,,,0.0,,
Kepler-948 b,Kepler-948,TIC 138099276,0.96,0.065,-0.057,14.811,0.183,-0.183,13.186,0.036,-0.036,0.0749,,,0.0,,
Kepler-962 b,Kepler-962,TIC 271546798,0.93,0.027,-0.033,13.68,0.103,-0.103,11.904,0.019,-0.019,0.09874,0.00054,-0.00054,0.0,,
Kepler-1120 b,Kepler-1120,TIC 159573412,0.78,0.036,-0.039,15.494,0.206,-0.206,13.17,0.026,-0.026,0.0369,,,0.0,,
Kepler-1119 b,Kepler-1119,TIC 272940104,1.11,0.141,-0.108,15.296,0.15,-0.15,13.456,,,0.0812,,,0.0,,
Kepler-931 b,Kepler-931,TIC 272945038,0.86,0.055,-0.053,14.643,0.137,-0.137,12.38,0.023,-0.023,0.0719,,,0.0,,
Kepler-929 b,Kepler-929,TIC 170733187,1.01,0.124,-0.089,14.738,0.183,-0.183,12.849,0.024,-0.024,0.01982,0.00021,-0.00021,0.0,,
Kepler-1059 b,Kepler-1059,TIC 121943952,0.75,0.044,-0.057,15.785,0.24,-0.24,13.351,0.035,-0.035,0.044,,,0.0,,
Kepler-479 b,Kepler-479,TIC 122682249,0.86,0.032,-0.036,13.724,0.092,-0.092,11.716,0.02,-0.02,0.09636,0.00113,-0.00113,0.0,,
Kepler-1116 b,Kepler-1116,TIC 63076026,0.95,0.054,-0.057,15.424,0.08,-0.08,13.482,0.047,-0.047,0.233,,,0.0,,
Kepler-933 b,Kepler-933,TIC 159099716,0.87,0.041,-0.048,15.614,0.217,-0.217,13.582,0.038,-0.038,0.1041,,,0.0,,
Kepler-934 b,Kepler-934,TIC 159379942,0.81,0.036,-0.039,15.238,0.092,-0.092,12.97,0.023,-0.023,0.2658,,,0.0,,
Kepler-952 b,Kepler-952,TIC 120495241,1.0,0.055,-0.049,15.323,0.103,-0.103,13.662,0.042,-0.042,0.5183,,,0.0,,
Kepler-979 b,Kepler-979,TIC 239285770,0.87,0.056,-0.051,14.882,0.126,-0.126,12.732,0.032,-0.032,0.0753,,,0.0,,
Kepler-1117 b,Kepler-1117,TIC 26583640,0.95,0.044,-0.049,14.15,0.24,-0.24,12.463,0.026,-0.026,0.05485,0.00032,-0.00032,0.0,,
Kepler-1063 b,Kepler-1063,TIC 122451550,1.09,0.109,-0.072,13.029,0.02,-0.02,10.793,0.02,-0.02,0.1176,,,0.0,,
Kepler-935 b,Kepler-935,TIC 271424795,0.78,0.035,-0.041,15.01,0.137,-0.137,12.62,0.023,-0.023,0.0527,,,0.0,,
Kepler-936 b,Kepler-936,TIC 270619059,0.92,0.043,-0.048,14.84,0.149,-0.149,12.817,0.027,-0.027,0.0954,,,0.0,,
Kepler-977 b,Kepler-977,TIC 159768168,0.87,0.041,-0.05,14.754,0.057,-0.057,12.92,0.028,-0.028,0.162,,,0.0,,
Kepler-960 b,Kepler-960,TIC 123357476,0.77,0.033,-0.038,14.127,0.103,-0.103,11.618,0.011,-0.011,0.03807,0.00025,-0.00025,0.0,,
Kepler-976 b,Kepler-976,TIC 159174942,0.87,0.039,-0.04,15.861,0.24,-0.24,13.887,0.06,-0.06,0.4217,,,0.0,,
Kepler-1112 b,Kepler-1112,TIC 272841734,1.34,0.211,-0.133,14.74,0.435,-0.435,13.397,0.035,-0.035,0.1239,,,0.0,,
Kepler-1114 b,Kepler-1114,TIC 268612417,0.87,0.038,-0.043,13.935,0.137,-0.137,11.944,0.019,-0.019,0.11056,0.00115,-0.00115,0.0,,
Kepler-939 b,Kepler-939,TIC 270790652,0.88,0.057,-0.061,15.653,0.137,-0.137,13.762,0.049,-0.049,0.1153,,,0.0,,
Kepler-937 b,Kepler-937,TIC 270854155,1.15,0.123,-0.081,15.405,0.092,-0.092,13.681,0.044,-0.044,0.3214,,,0.0,,
Kepler-1006 b,Kepler-1006,TIC 271960115,0.78,0.07,-0.062,14.467,0.206,-0.206,12.502,0.024,-0.024,0.1464,,,0.0,,
Kepler-900 b,Kepler-900,TIC 272278496,0.78,0.034,-0.041,15.19,0.103,-0.103,12.701,0.023,-0.023,0.0679,,,0.0,,
Kepler-940 b,Kepler-940,TIC 270959279,0.97,0.066,-0.065,15.727,0.195,-0.195,14.019,0.058,-0.058,0.3059,,,0.0,,
Kepler-941 b,Kepler-941,TIC 270959184,0.89,0.059,-0.069,15.803,0.069,-0.069,13.864,0.048,-0.048,0.1311,,,0.0,,
Kepler-905 b,Kepler-905,TIC 159225367,0.95,0.019,-0.025,14.058,0.103,-0.103,12.264,0.02,-0.02,0.05689,0.00046,-0.00046,0.0,,
Kepler-902 b,Kepler-902,TIC 159172027,0.95,0.042,-0.051,14.992,0.057,-0.057,13.26,0.028,-0.028,0.223,,,0.0,,
Kepler-918 b,Kepler-918,TIC 28450124,1.11,0.095,-0.071,15.064,0.16,-0.16,13.555,0.051,-0.051,0.0569,,,0.0,,
Kepler-917 b,Kepler-917,TIC 268383727,0.8,0.068,-0.052,15.896,0.24,-0.24,14.005,0.051,-0.051,0.0378,,,0.0,,
Kepler-310 c,Kepler-310,TIC 158840828,0.854,0.034,-0.032,14.376,0.057,-0.057,12.626,0.02,-0.02,0.281,,,0.0,,
Kepler-473 b,Kepler-473,TIC 120961632,1.06,0.073,-0.055,13.548,0.092,-0.092,11.731,0.02,-0.02,0.12048,0.00079,-0.00079,0.0,,
Kepler-1000 b,Kepler-1000,TIC 158322296,1.4,0.04,-0.04,13.23,0.08,-0.08,12.094,0.018,-0.018,0.5326,0.00304,-0.00304,0.0,,
Kepler-1037 b,Kepler-1037,TIC 272282253,0.82,0.04,-0.045,14.475,0.126,-0.126,12.248,0.024,-0.024,0.0198,,,0.0,,
Kepler-466 c,Kepler-466,TIC 27644083,1.04,0.039,-0.039,12.799,0.057,-0.057,11.367,0.018,-0.018,0.04658,0.00048,-0.00048,0.0,,
Kepler-906 b,Kepler-906,TIC 137154728,1.06,0.039,-0.042,14.019,0.092,-0.092,12.594,0.026,-0.026,0.22363,0.00228,-0.00228,0.0,,
Kepler-922 b,Kepler-922,TIC 48448415,0.95,0.046,-0.054,13.863,0.126,-0.126,12.188,0.024,-0.024,0.01795,0.00022,-0.00022,0.0,,
Kepler-1025 b,Kepler-1025,TIC 164727439,1.09,0.084,-0.075,13.695,0.08,-0.08,12.217,0.022,-0.022,0.21607,0.00201,-0.00201,0.0,,
Kepler-989 b,Kepler-989,TIC 123357893,0.82,0.035,-0.042,14.717,0.092,-0.092,12.415,0.018,-0.018,0.0734,,,0.0,,
Kepler-1019 b,Kepler-1019,TIC 164556761,0.7,0.031,-0.047,13.882,0.069,-0.069,11.003,0.017,-0.017,0.0221,,,0.0,,
Kepler-464 b,Kepler-464,TIC 27239696,1.21,0.067,-0.079,12.75,0.069,-0.069,11.338,0.016,-0.016,0.07931,0.00072,-0.00072,0.0,,
Kepler-943 b,Kepler-943,TIC 120106432,0.93,0.05,-0.064,15.76,0.332,-0.332,13.97,0.053,-0.053,0.2559,,,0.0,,
Kepler-945 b,Kepler-945,TIC 159715997,0.97,0.053,-0.059,15.599,0.32,-0.32,14.293,0.061,-0.061,0.2037,,,0.0,,
Kepler-1010 b,Kepler-1010,TIC 158989909,0.86,0.039,-0.044,14.964,0.183,-0.183,12.771,0.024,-0.024,0.193,,,0.0,,
Kepler-1043 b,Kepler-1043,TIC 123358827,0.92,0.047,-0.059,14.949,0.172,-0.172,13.195,0.021,-0.021,0.2159,,,0.0,,
Kepler-944 b,Kepler-944,TIC 270610053,0.86,0.051,-0.056,15.636,0.16,-0.16,13.851,0.048,-0.048,0.2288,,,0.0,,
Kepler-942 b,Kepler-942,TIC 271349932,0.81,0.027,-0.029,13.25,0.08,-0.08,10.842,0.016,-0.016,0.22737,0.00256,-0.00256,0.0,,
Kepler-1034 b,Kepler-1034,TIC 120762990,0.83,0.041,-0.045,15.269,0.195,-0.195,13.158,0.031,-0.031,0.0965,,,0.0,,
Kepler-993 b,Kepler-993,TIC 63365721,0.57,0.022,-0.021,16.608,0.183,-0.183,12.729,0.028,-0.028,0.13,,,0.0,,
Kepler-1013 b,Kepler-1013,TIC 159304741,0.81,0.035,-0.04,14.563,0.183,-0.183,12.289,0.019,-0.019,0.137,,,0.0,,
Kepler-992 b,Kepler-992,TIC 164723619,0.8,0.025,-0.032,13.557,0.103,-0.103,11.274,0.022,-0.022,0.13372,0.00112,-0.00112,0.0,,
Kepler-403 b,Kepler-403,TIC 159174926,1.299,0.0505,-0.0505,12.818,0.08,-0.08,11.537,0.016,-0.016,0.076,,,0.0,,
Kepler-951 b,Kepler-951,TIC 121395761,0.77,0.036,-0.039,14.841,0.126,-0.126,12.251,0.023,-0.023,0.3091,,,0.0,,
HD 7199 b,HD 7199,TIC 52121796,0.77,0.09,-0.09,8.06,0.03,-0.03,6.229,0.018,-0.018,1.36,0.02,-0.02,0.19,0.16,-0.16
Kepler-1230 b,Kepler-1230,TIC 237157859,1.06,0.078,-0.062,15.628,0.172,-0.172,13.915,0.065,-0.065,0.0921,,,0.0,,
Kepler-1229 b,Kepler-1229,TIC 273373582,0.54,0.025,-0.035,16.124,0.08,-0.08,12.374,0.023,-0.023,0.3006,0.0069,-0.0091,0.0,,
Kepler-1231 b,Kepler-1231,TIC 158792743,1.01,0.055,-0.047,14.808,0.126,-0.126,13.175,0.026,-0.026,0.0914,,,0.0,,
Kepler-1137 b,Kepler-1137,TIC 399913391,1.5,0.226,-0.14,12.827,0.103,-0.103,11.699,0.024,-0.024,0.1871,,,0.0,,
Kepler-1179 b,Kepler-1179,TIC 164658882,0.84,0.041,-0.046,14.214,0.137,-0.137,12.189,0.022,-0.022,0.03497,0.00033,-0.00033,0.0,,
Kepler-1180 b,Kepler-1180,TIC 271966200,1.09,0.159,-0.089,15.081,0.069,-0.069,13.521,0.037,-0.037,0.1246,,,0.0,,
Kepler-1188 b,Kepler-1188,TIC 164460740,1.04,0.067,-0.071,14.941,0.32,-0.32,13.519,0.046,-0.046,0.135,,,0.0,,
Kepler-1189 b,Kepler-1189,TIC 267991349,1.11,0.105,-0.084,14.463,0.16,-0.16,12.675,0.026,-0.026,0.0467,,,0.0,,
Kepler-1234 b,Kepler-1234,TIC 399956098,0.8,0.034,-0.039,15.915,1.133,-1.133,13.797,0.046,-0.046,0.096,,,0.0,,
Kepler-1071 b,Kepler-1071,TIC 275490723,0.86,0.033,-0.041,15.881,0.126,-0.126,13.775,0.069,-0.069,0.0629,0.0007,-0.0007,0.0,,
Kepler-1140 b,Kepler-1140,TIC 123359347,0.76,0.037,-0.045,15.751,0.114,-0.114,13.297,0.027,-0.027,0.1478,,,0.0,,
Kepler-1181 b,Kepler-1181,TIC 394176812,1.17,0.173,-0.095,13.549,0.114,-0.114,12.363,0.022,-0.022,0.0621,,,0.0,,
Kepler-94 b,Kepler-94,TIC 123309556,0.81,0.06,-0.06,13.071,0.069,-0.069,10.594,0.011,-0.011,0.03377,0.00024,-0.00024,0.0,,
Kepler-1191 b,Kepler-1191,TIC 26538999,0.85,0.046,-0.053,15.319,0.092,-0.092,13.526,0.045,-0.045,0.0587,,,0.0,,
Kepler-1192 b,Kepler-1192,TIC 123416753,0.86,0.05,-0.065,15.858,0.206,-0.206,13.922,0.051,-0.051,0.1693,,,0.0,,
Kepler-518 b,Kepler-518,TIC 121112251,0.96,0.019,-0.024,12.573,0.069,-0.069,11.109,0.019,-0.019,0.07996,0.00099,-0.00099,0.0,,
Kepler-1141 b,Kepler-1141,TIC 159393734,1.01,0.033,-0.035,12.403,0.069,-0.069,10.966,0.011,-0.011,0.03496,0.00036,-0.00036,0.0,,
HD 195019 b,HD 195019,TIC 210171104,1.21,0.08,-0.08,6.87591,0.023,-0.023,5.256,0.016,-0.016,0.14,0.0,0.0,0.01,0.0,0.0
Kepler-1184 b,Kepler-1184,TIC 159725400,1.05,0.074,-0.069,14.99,0.035,-0.035,13.49,0.034,-0.034,0.2863,,,0.0,,
Kepler-1065 b,Kepler-1065,TIC 378012771,0.94,0.065,-0.063,15.744,0.069,-0.069,13.671,0.05,-0.05,0.0455,,,0.0,,
Kepler-1193 b,Kepler-1193,TIC 298897851,1.08,0.056,-0.035,13.577,0.114,-0.114,12.065,0.026,-0.026,0.04004,0.00048,-0.00048,0.0,,
Kepler-549 b,Kepler-549,TIC 164455792,0.88,0.039,-0.047,14.805,0.149,-0.149,12.826,0.031,-0.031,0.23236,0.00148,-0.00148,0.0,,
HD 20794 d,HD 20794,TIC 301051051,0.79,0.01,-0.01,4.26,0.03,-0.03,2.636,0.278,-0.278,0.3625,0.0015,-0.0016,0.077,0.084,-0.055
Kepler-1077 b,Kepler-1077,TIC 159574927,1.02,0.057,-0.054,14.923,0.149,-0.149,13.496,0.035,-0.035,0.2101,,,0.0,,
Kepler-1078 b,Kepler-1078,TIC 275494550,0.94,0.048,-0.054,15.703,0.103,-0.103,13.932,0.071,-0.071,0.0388,,,0.0,,
Kepler-1196 b,Kepler-1196,TIC 63210324,0.98,0.061,-0.06,15.009,0.057,-0.057,13.262,0.037,-0.037,0.3179,,,0.0,,
K2-85 b,K2-85,TIC 14160842,0.7,0.02,-0.02,12.416,0.069,-0.069,9.466,0.018,-0.018,0.013,0.0,0.0,0.24,0.20861,-0.194009
Kepler-1239 b,Kepler-1239,TIC 275496016,1.4,0.081,-0.092,15.391,0.138,-0.138,14.354,0.116,-0.116,0.0625,,,0.0,,
Kepler-1241 b,Kepler-1241,TIC 378013798,0.84,0.051,-0.058,15.886,0.183,-0.183,13.764,0.051,-0.051,0.1336,,,0.0,,
Kepler-1145 b,Kepler-1145,TIC 271539239,0.79,0.048,-0.054,15.471,0.15,-0.15,13.314,,,0.0443,,,0.0,,
Kepler-1147 b,Kepler-1147,TIC 137757057,1.09,0.088,-0.061,15.613,0.103,-0.103,13.877,0.054,-0.054,0.0961,,,0.0,,
Kepler-1080 b,Kepler-1080,TIC 27847814,1.1,0.101,-0.06,13.486,0.092,-0.092,12.176,0.021,-0.021,0.3781,,,0.0,,
Kepler-1079 b,Kepler-1079,TIC 268932150,1.08,0.119,-0.062,12.78,0.08,-0.08,11.056,0.026,-0.026,0.1092,,,0.0,,
Kepler-1200 b,Kepler-1200,TIC 272489594,0.74,0.035,-0.047,16.06,0.183,-0.183,13.202,0.03,-0.03,0.0188,,,0.0,,
Kepler-1201 b,Kepler-1201,TIC 377915758,1.15,0.169,-0.11,14.765,0.046,-0.046,13.157,0.037,-0.037,0.1183,,,0.0,,
Kepler-1243 b,Kepler-1243,TIC 270782121,0.96,0.053,-0.056,14.898,0.114,-0.114,13.168,0.031,-0.031,0.1256,,,0.0,,
Kepler-1242 b,Kepler-1242,TIC 120317833,0.77,0.036,-0.039,15.714,0.206,-0.206,13.343,0.03,-0.03,0.1039,,,0.0,,
Kepler-1148 b,Kepler-1148,TIC 159581434,0.81,0.039,-0.045,15.533,0.229,-0.229,13.201,0.027,-0.027,0.0188,,,0.0,,
Kepler-1149 b,Kepler-1149,TIC 270857274,1.02,0.067,-0.07,15.146,0.046,-0.046,13.301,0.038,-0.038,0.0473,,,0.0,,
Kepler-1083 b,Kepler-1083,TIC 164458639,0.81,0.036,-0.041,16.103,0.035,-0.035,13.815,0.058,-0.058,0.1899,,,0.0,,
Kepler-1081 b,Kepler-1081,TIC 122066167,0.88,0.039,-0.043,13.827,0.126,-0.126,11.907,0.021,-0.021,0.04662,0.00034,-0.00034,0.0,,
Kepler-1202 b,Kepler-1202,TIC 63209010,1.03,0.06,-0.064,15.833,0.092,-0.092,13.946,0.063,-0.063,0.179,,,0.0,,
Kepler-1204 b,Kepler-1204,TIC 159043952,1.03,0.058,-0.057,15.45,0.126,-0.126,13.771,0.039,-0.039,0.3877,,,0.0,,
Kepler-1252 b,Kepler-1252,TIC 268387099,1.06,0.088,-0.087,14.743,0.08,-0.08,12.69,0.023,-0.023,0.1078,,,0.0,,
Kepler-1064 b,Kepler-1064,TIC 137315852,0.85,0.03,-0.033,13.958,0.092,-0.092,11.817,0.02,-0.02,0.1183,,,0.0,,
Kepler-1150 b,Kepler-1150,TIC 27913639,0.76,0.034,-0.037,14.748,0.137,-0.137,12.128,0.021,-0.021,0.0382,,,0.0,,
Kepler-1087 b,Kepler-1087,TIC 271353794,0.96,0.072,-0.058,12.973,0.057,-0.057,11.213,0.018,-0.018,0.01554,0.00013,-0.00013,0.0,,
Kepler-1205 b,Kepler-1205,TIC 122443195,0.84,0.041,-0.049,15.316,0.286,-0.286,13.262,0.037,-0.037,0.0196,,,0.0,,
Kepler-1206 b,Kepler-1206,TIC 27649203,0.8,0.029,-0.035,15.971,0.16,-0.16,13.742,0.056,-0.056,0.0201,,,0.0,,
Kepler-1248 b,Kepler-1248,TIC 298897924,1.21,0.039,-0.04,12.9,0.103,-0.103,11.449,0.023,-0.023,0.0806,,,0.0,,
Kepler-1249 b,Kepler-1249,TIC 272719153,1.19,0.17,-0.116,15.391,0.423,-0.423,13.828,0.05,-0.05,0.167,,,0.0,,
Kepler-1153 b,Kepler-1153,TIC 158987296,0.91,0.04,-0.045,15.767,0.538,-0.538,14.029,0.054,-0.054,0.0277,,,0.0,,
Kepler-1155 b,Kepler-1155,TIC 121785676,1.03,0.065,-0.06,14.799,0.137,-0.137,13.184,0.032,-0.032,0.2006,,,0.0,,
Kepler-1091 b,Kepler-1091,TIC 269262974,1.01,0.125,-0.079,14.874,0.092,-0.092,13.059,0.034,-0.034,0.0252,,,0.0,,
Kepler-1092 b,Kepler-1092,TIC 273378026,0.99,0.092,-0.071,14.659,0.092,-0.092,13.076,0.031,-0.031,0.2996,,,0.0,,
Kepler-1210 b,Kepler-1210,TIC 26750065,0.94,0.042,-0.048,15.649,0.298,-0.298,13.833,0.067,-0.067,0.0753,,,0.0,,
Kepler-1207 b,Kepler-1207,TIC 27390527,1.06,0.058,-0.057,14.595,0.092,-0.092,13.017,0.033,-0.033,0.1156,,,0.0,,
Kepler-1250 b,Kepler-1250,TIC 158559861,0.99,0.047,-0.051,15.693,0.08,-0.08,14.008,0.055,-0.055,0.0393,,,0.0,,
Kepler-1251 b,Kepler-1251,TIC 26583618,0.92,0.046,-0.056,15.024,0.115,-0.115,13.269,0.042,-0.042,0.2478,,,0.0,,
Kepler-1093 b,Kepler-1093,TIC 120420344,1.13,0.136,-0.088,13.781,0.08,-0.08,12.484,0.031,-0.031,0.17543,0.00177,-0.00177,0.0,,
Kepler-1094 b,Kepler-1094,TIC 137549134,1.14,0.157,-0.092,15.318,0.046,-0.046,13.542,0.048,-0.048,0.3625,,,0.0,,
Kepler-1212 b,Kepler-1212,TIC 27912642,1.1,0.112,-0.079,15.133,0.206,-0.206,13.565,0.046,-0.046,0.1082,,,0.0,,
Kepler-1211 b,Kepler-1211,TIC 120578889,0.96,0.055,-0.066,16.016,0.126,-0.126,14.318,0.067,-0.067,0.09763,0.00106,-0.00106,0.0,,
Kepler-1245 b,Kepler-1245,TIC 159449041,0.86,0.041,-0.043,15.582,0.046,-0.046,13.519,0.033,-0.033,0.0484,,,0.0,,
Kepler-1160 b,Kepler-1160,TIC 158630233,0.92,0.04,-0.044,16.006,0.24,-0.24,14.16,0.058,-0.058,0.0755,,,0.0,,
Kepler-1162 b,Kepler-1162,TIC 164522726,0.89,0.036,-0.043,15.749,0.092,-0.092,13.753,0.054,-0.054,0.19,,,0.0,,
Kepler-1215 b,Kepler-1215,TIC 28230011,0.95,0.044,-0.054,14.539,0.126,-0.126,12.714,0.028,-0.028,0.0528,,,0.0,,
Kepler-1214 b,Kepler-1214,TIC 48528473,0.85,0.033,-0.038,15.459,0.069,-0.069,13.351,0.044,-0.044,0.128,,,0.0,,
Kepler-1122 b,Kepler-1122,TIC 158664692,0.92,0.04,-0.052,15.405,0.035,-0.035,13.369,0.033,-0.033,0.2315,,,0.0,,
Kepler-1125 b,Kepler-1125,TIC 184009076,0.95,0.079,-0.067,15.042,0.057,-0.057,13.243,0.034,-0.034,0.1348,,,0.0,,
Kepler-1164 b,Kepler-1164,TIC 121275496,0.85,0.031,-0.037,14.321,0.137,-0.137,12.203,0.02,-0.02,0.04635,0.00029,-0.00029,0.0,,
Kepler-1166 b,Kepler-1166,TIC 406951266,0.9,0.043,-0.053,14.65,0.069,-0.069,12.737,0.028,-0.028,0.1975,,,0.0,,
Kepler-1101 b,Kepler-1101,TIC 271163971,0.94,0.059,-0.061,15.156,0.126,-0.126,13.314,0.035,-0.035,0.3483,,,0.0,,
Kepler-1099 b,Kepler-1099,TIC 299033164,1.01,0.05,-0.057,15.137,0.092,-0.092,13.697,0.046,-0.046,0.0337,,,0.0,,
Kepler-516 b,Kepler-516,TIC 184085929,1.62,0.176,-0.172,12.121,0.029,-0.029,10.987,0.014,-0.014,0.1992,,,0.0,,
Kepler-1217 b,Kepler-1217,TIC 299160628,1.06,0.069,-0.059,15.343,0.172,-0.172,13.807,0.051,-0.051,0.0326,,,0.0,,
Kepler-1218 b,Kepler-1218,TIC 159763595,1.06,0.048,-0.048,13.73,0.069,-0.069,12.177,0.018,-0.018,0.15698,0.00136,-0.00136,0.0,,
Kepler-1068 b,Kepler-1068,TIC 271165395,1.01,0.069,-0.065,16.096,0.092,-0.092,14.161,0.065,-0.065,0.13038,0.00119,-0.00119,0.0,,
Kepler-1126 b,Kepler-1126,TIC 352013661,0.92,0.054,-0.06,14.221,0.16,-0.16,12.534,0.03,-0.03,0.41251,0.00254,-0.00254,0.0,,
Kepler-1168 b,Kepler-1168,TIC 158412890,0.87,0.038,-0.037,15.755,0.137,-0.137,13.686,0.044,-0.044,0.2663,,,0.0,,
Kepler-1103 b,Kepler-1103,TIC 399951202,1.11,0.097,-0.078,14.294,0.126,-0.126,12.731,0.026,-0.026,0.15336,0.00203,-0.00203,0.0,,
Kepler-1102 b,Kepler-1102,TIC 47976987,0.96,0.05,-0.066,14.928,0.126,-0.126,13.381,0.042,-0.042,0.2731,,,0.0,,
Kepler-1221 b,Kepler-1221,TIC 279912260,0.87,0.038,-0.04,15.909,0.229,-0.229,13.665,0.051,-0.051,0.0906,,,0.0,,
Kepler-1130 b,Kepler-1130,TIC 164882482,0.9,0.018,-0.024,12.509,0.046,-0.046,10.662,0.016,-0.016,0.05963,0.00047,-0.00047,0.0,,
Kepler-1169 b,Kepler-1169,TIC 271354748,1.24,0.038,-0.036,12.707,0.057,-0.057,11.409,0.018,-0.018,0.06931,0.00066,-0.00066,0.0,,
Kepler-1107 b,Kepler-1107,TIC 122716169,0.86,0.043,-0.046,14.315,0.057,-0.057,12.152,0.022,-0.022,0.01285,7e-05,-7e-05,0.0,,
Kepler-1105 b,Kepler-1105,TIC 123231917,0.71,0.022,-0.027,15.315,0.137,-0.137,12.371,0.018,-0.018,0.0471,,,0.0,,
Kepler-1222 b,Kepler-1222,TIC 27240404,0.84,0.042,-0.046,14.21,0.114,-0.114,12.187,0.023,-0.023,0.02801,0.00029,-0.00029,0.0,,
Kepler-1223 b,Kepler-1223,TIC 164889945,0.8,0.032,-0.039,14.911,0.149,-0.149,12.429,0.024,-0.024,0.1186,,,0.0,,
Kepler-1131 b,Kepler-1131,TIC 27642556,1.03,0.062,-0.061,15.01,0.355,-0.355,13.416,0.04,-0.04,0.0459,,,0.0,,
Kepler-1133 b,Kepler-1133,TIC 275569784,0.93,0.053,-0.055,14.785,0.046,-0.046,13.168,0.042,-0.042,0.0983,,,0.0,,
Kepler-1171 b,Kepler-1171,TIC 138888759,1.58,0.179,-0.168,11.647,0.016,-0.016,10.547,0.017,-0.017,0.0284,,,0.0,,
Kepler-480 b,Kepler-480,TIC 27187218,1.25,0.05,-0.042,13.23,0.08,-0.08,12.065,0.022,-0.022,0.06024,0.00042,-0.00042,0.0,,
Kepler-1172 b,Kepler-1172,TIC 122507231,0.92,0.055,-0.061,16.083,0.092,-0.092,14.14,0.062,-0.062,0.168,,,0.0,,
Kepler-1109 b,Kepler-1109,TIC 137336979,1.05,0.067,-0.068,14.405,0.126,-0.126,12.707,0.028,-0.028,0.2466,,,0.0,,
Kepler-1110 b,Kepler-1110,TIC 351060274,0.73,0.046,-0.051,16.274,0.092,-0.092,13.604,0.044,-0.044,0.0754,,,0.0,,
Kepler-1224 b,Kepler-1224,TIC 120964116,1.18,0.039,-0.034,12.926,0.069,-0.069,11.588,0.021,-0.021,0.11625,0.00108,-0.00108,0.0,,
Kepler-510 b,Kepler-510,TIC 121327187,0.91,0.061,-0.051,12.067,0.026,-0.026,10.446,0.02,-0.02,0.1352,0.00066,-0.00066,0.0,,
Kepler-1069 b,Kepler-1069,TIC 417659970,0.99,0.051,-0.052,13.234,0.092,-0.092,11.538,0.02,-0.02,0.16587,0.00118,-0.00118,0.0,,
Kepler-1134 b,Kepler-1134,TIC 271758442,0.84,0.049,-0.052,16.233,0.4,-0.4,13.881,0.049,-0.049,0.1242,,,0.0,,
Kepler-1173 b,Kepler-1173,TIC 275490034,0.86,0.041,-0.046,13.896,0.103,-0.103,11.884,0.026,-0.026,0.0156,0.00011,-0.00011,0.0,,
HD 290327 b,HD 290327,TIC 4205424,0.84,0.2,-0.2,8.99,0.03,-0.03,7.271,0.027,-0.027,3.43,0.16,-0.16,0.08,0.05,-0.05
Kepler-825 c,Kepler-825,TIC 378086008,1.03,0.122,-0.083,14.296,0.092,-0.092,12.67,0.031,-0.031,0.0759,,,0.0,,
Kepler-804 c,Kepler-804,TIC 275573295,1.01,0.044,-0.041,13.864,0.08,-0.08,12.246,0.031,-0.031,0.08654,0.00096,-0.00096,0.0,,
Kepler-1228 b,Kepler-1228,TIC 272596598,0.78,0.052,-0.063,15.061,0.103,-0.103,12.799,0.025,-0.025,0.01186,3e-05,-3e-05,0.0,,
Kepler-1227 b,Kepler-1227,TIC 121113728,0.97,0.058,-0.065,14.276,0.183,-0.183,12.507,0.024,-0.024,0.38555,0.0041,-0.0041,0.0,,
Kepler-1135 b,Kepler-1135,TIC 158114283,0.96,0.042,-0.048,14.545,0.114,-0.114,12.75,0.023,-0.023,0.3436,,,0.0,,
Kepler-1070 b,Kepler-1070,TIC 26814296,1.21,0.195,-0.098,14.133,0.149,-0.149,12.681,0.03,-0.03,0.06753,0.00066,-0.00066,0.0,,
Kepler-1176 b,Kepler-1176,TIC 273582656,1.01,0.111,-0.084,15.27,0.092,-0.092,13.31,0.033,-0.033,0.1589,,,0.0,,
HD 4203 b,HD 4203,TIC 434225151,1.25,0.16,-0.16,8.7,0.03,-0.03,7.047,0.029,-0.029,1.17,0.02,-0.02,0.52,0.03,-0.03
Kepler-1357 b,Kepler-1357,TIC 26472830,0.93,0.054,-0.062,15.322,0.126,-0.126,13.612,0.047,-0.047,0.041,,,0.0,,
Kepler-1359 b,Kepler-1359,TIC 159102744,0.78,0.027,-0.036,15.987,0.08,-0.08,13.43,0.033,-0.033,0.26657,0.00254,-0.00254,0.0,,
Kepler-304 e,Kepler-304,TIC 377909730,0.8,0.02,-0.026,15.065,0.252,-0.252,12.626,0.033,-0.033,0.02317,0.0001,-0.0001,0.0,,
Kepler-1273 b,Kepler-1273,TIC 279913214,0.94,0.039,-0.048,16.03,0.218,-0.218,14.26,0.057,-0.057,0.1857,,,0.0,,
Kepler-1274 b,Kepler-1274,TIC 164781116,1.45,0.058,-0.046,11.717,0.046,-0.046,10.454,0.016,-0.016,0.08161,0.00075,-0.00075,0.0,,
Kepler-1315 b,Kepler-1315,TIC 271881331,0.8,0.034,-0.037,15.133,0.069,-0.069,12.684,0.031,-0.031,0.01617,9e-05,-9e-05,0.0,,
Kepler-1316 b,Kepler-1316,TIC 171502232,1.04,0.048,-0.046,14.119,0.126,-0.126,12.442,0.023,-0.023,0.39765,0.00416,-0.00416,0.0,,
Kepler-1361 b,Kepler-1361,TIC 164525875,0.83,0.036,-0.04,14.096,0.092,-0.092,11.98,0.022,-0.022,0.04304,0.00032,-0.00032,0.0,,
Kepler-1362 b,Kepler-1362,TIC 121660595,0.8,0.029,-0.036,16.05,0.069,-0.069,13.628,0.041,-0.041,0.4626,,,0.0,,
Kepler-537 b,Kepler-537,TIC 267673013,1.07,0.025,-0.027,13.173,0.069,-0.069,11.623,0.023,-0.023,0.04317,0.00038,-0.00038,0.0,,
Kepler-758 e,Kepler-758,TIC 137968594,1.16,0.122,-0.082,14.379,0.149,-0.149,13.11,0.035,-0.035,0.0829,0.00104,-0.00104,0.0,,
Kepler-1275 b,Kepler-1275,TIC 270521167,1.23,0.206,-0.133,14.595,0.08,-0.08,13.062,0.031,-0.031,0.0488,,,0.0,,
Kepler-1276 b,Kepler-1276,TIC 121333541,1.14,0.05,-0.046,12.992,0.092,-0.092,11.639,0.02,-0.02,0.10863,0.00117,-0.00117,0.0,,
Kepler-1317 b,Kepler-1317,TIC 63005467,0.83,0.035,-0.043,15.083,0.115,-0.115,13.309,0.041,-0.041,0.0128,,,0.0,,
Kepler-1318 b,Kepler-1318,TIC 122442545,0.73,0.028,-0.037,15.531,0.16,-0.16,12.767,0.042,-0.042,0.6085,,,0.0,,
Kepler-1364 b,Kepler-1364,TIC 27396284,1.49,0.209,-0.138,13.196,0.092,-0.092,12.143,0.021,-0.021,0.1284,,,0.0,,
Kepler-1365 b,Kepler-1365,TIC 63122176,1.0,0.043,-0.041,13.417,0.08,-0.08,11.857,0.021,-0.021,0.07839,0.00059,-0.00059,0.0,,
Kepler-722 c,Kepler-722,TIC 159304532,1.03,0.072,-0.067,15.489,0.16,-0.16,13.841,0.044,-0.044,0.4471,,,0.0,,
Kepler-763 b,Kepler-763,TIC 63130782,0.84,0.038,-0.041,15.965,0.298,-0.298,13.752,0.059,-0.059,0.0205,,,0.0,,
Kepler-1279 b,Kepler-1279,TIC 121465371,1.21,0.187,-0.096,14.137,0.172,-0.172,12.62,0.024,-0.024,0.1785,0.00167,-0.00167,0.0,,
Kepler-1320 b,Kepler-1320,TIC 121603556,0.8,0.03,-0.036,15.936,0.103,-0.103,13.658,0.049,-0.049,0.0163,,,0.0,,
Kepler-525 b,Kepler-525,TIC 272279290,0.95,0.039,-0.036,13.613,0.103,-0.103,11.798,0.017,-0.017,0.14386,0.0009,-0.0009,0.0,,
Kepler-1367 b,Kepler-1367,TIC 158731868,0.62,0.034,-0.054,16.012,0.183,-0.183,12.704,0.022,-0.022,0.0236,,,0.0,,
Kepler-770 c,Kepler-770,TIC 120891972,0.94,0.053,-0.057,14.852,0.08,-0.08,12.923,0.025,-0.025,0.0309,,,0.0,,
Kepler-1280 b,Kepler-1280,TIC 270616541,1.2,0.183,-0.108,14.196,0.149,-0.149,12.602,0.021,-0.021,0.33982,0.00233,-0.00233,0.0,,
Kepler-1282 b,Kepler-1282,TIC 159301148,0.92,0.043,-0.045,15.707,0.217,-0.217,13.852,0.038,-0.038,0.0335,,,0.0,,
Kepler-1323 b,Kepler-1323,TIC 63452310,1.18,0.111,-0.064,12.444,0.069,-0.069,11.122,0.018,-0.018,0.01911,0.00018,-0.00018,0.0,,
Kepler-1325 b,Kepler-1325,TIC 164828023,0.93,0.041,-0.05,15.311,0.115,-0.115,13.457,0.044,-0.044,0.2004,,,0.0,,
Kepler-526 b,Kepler-526,TIC 273377282,1.15,0.037,-0.041,13.194,0.103,-0.103,11.475,0.019,-0.019,0.06518,0.00062,-0.00062,0.0,,
Kepler-1368 b,Kepler-1368,TIC 378159769,1.07,0.083,-0.064,15.914,1.133,-1.133,14.388,0.084,-0.084,0.0153,,,0.0,,
Kepler-783 b,Kepler-783,TIC 159642390,0.93,0.031,-0.036,14.153,0.092,-0.092,12.287,0.017,-0.017,0.04958,0.00064,-0.00064,0.0,,
Kepler-887 c,Kepler-887,TIC 122293639,1.19,0.052,-0.039,13.52,0.069,-0.069,12.241,0.023,-0.023,0.0801,0.00072,-0.00072,0.0,,
Kepler-1283 b,Kepler-1283,TIC 184008951,1.16,0.178,-0.114,15.269,0.069,-0.069,13.567,0.04,-0.04,0.1062,,,0.0,,
Kepler-1285 b,Kepler-1285,TIC 123410927,1.2,0.048,-0.043,11.717,0.018,-0.018,10.484,0.011,-0.011,0.12758,0.00066,-0.00066,0.0,,
Kepler-1327 b,Kepler-1327,TIC 299153388,1.02,0.071,-0.071,13.966,0.15,-0.15,12.374,,,0.11151,0.00054,-0.00054,0.0,,
Kepler-527 b,Kepler-527,TIC 159642269,1.28,0.216,-0.117,13.471,0.137,-0.137,12.125,0.017,-0.017,0.11646,0.00095,-0.00095,0.0,,
Kepler-1369 b,Kepler-1369,TIC 120686458,0.99,0.06,-0.055,15.621,0.08,-0.08,13.788,0.048,-0.048,0.1741,,,0.0,,
Kepler-1311 b,Kepler-1311,TIC 159106207,1.05,0.083,-0.058,13.528,0.069,-0.069,11.825,0.013,-0.013,0.10082,0.00073,-0.00073,0.0,,
Kepler-1288 b,Kepler-1288,TIC 120577770,1.2,0.162,-0.084,13.199,0.126,-0.126,11.959,0.02,-0.02,0.04135,0.00033,-0.00033,0.0,,
Kepler-1328 b,Kepler-1328,TIC 164778883,1.0,0.058,-0.059,13.969,0.114,-0.114,12.305,0.023,-0.023,0.052,0.00033,-0.00033,0.0,,
Kepler-1331 b,Kepler-1331,TIC 169083837,0.72,0.05,-0.054,15.58,0.183,-0.183,12.318,0.021,-0.021,0.0142,,,0.0,,
Kepler-1371 b,Kepler-1371,TIC 158840095,0.87,0.044,-0.052,14.018,0.103,-0.103,12.052,0.016,-0.016,0.04214,0.00016,-0.00016,0.0,,
Kepler-1289 b,Kepler-1289,TIC 184428068,1.1,0.175,-0.101,14.732,0.16,-0.16,13.043,0.028,-0.028,0.0785,,,0.0,,
Kepler-512 b,Kepler-512,TIC 28448711,1.17,0.074,-0.052,12.728,0.069,-0.069,11.315,0.022,-0.022,0.21395,0.00219,-0.00219,0.0,,
Kepler-1332 b,Kepler-1332,TIC 159578257,0.95,0.033,-0.038,13.975,0.103,-0.103,12.122,0.019,-0.019,0.09915,0.00126,-0.00126,0.0,,
Kepler-1334 b,Kepler-1334,TIC 299217895,0.94,0.043,-0.05,15.461,0.069,-0.069,13.626,0.045,-0.045,0.1229,,,0.0,,
Kepler-1391 b,Kepler-1391,TIC 271253957,1.03,0.047,-0.041,13.906,0.057,-0.057,12.366,0.018,-0.018,0.30045,0.00386,-0.00386,0.0,,
Kepler-1290 b,Kepler-1290,TIC 159450182,0.95,0.051,-0.049,15.871,0.092,-0.092,14.112,0.051,-0.051,0.0557,,,0.0,,
Kepler-1293 b,Kepler-1293,TIC 267749620,1.18,0.182,-0.102,13.377,0.069,-0.069,12.075,0.024,-0.024,0.06763,0.00036,-0.00036,0.0,,
Kepler-1335 b,Kepler-1335,TIC 164827658,0.77,0.039,-0.044,15.248,0.115,-0.115,13.134,0.034,-0.034,0.0615,,,0.0,,
Kepler-1336 b,Kepler-1336,TIC 272278272,0.94,0.051,-0.042,14.264,0.103,-0.103,12.366,0.02,-0.02,0.15845,0.00104,-0.00104,0.0,,
Kepler-1378 b,Kepler-1378,TIC 169459324,0.7,0.021,-0.019,16.5497,0.0461,-0.0461,13.328,0.026,-0.026,0.0885,,,0.0,,
Kepler-1377 b,Kepler-1377,TIC 158986227,0.86,0.035,-0.036,15.857,0.092,-0.092,13.984,0.065,-0.065,0.0153,,,0.0,,
Kepler-1294 b,Kepler-1294,TIC 159721015,0.99,0.072,-0.06,15.361,0.114,-0.114,13.597,0.033,-0.033,0.4684,,,0.0,,
Kepler-1337 b,Kepler-1337,TIC 158324326,0.7,0.037,-0.05,16.21,0.229,-0.229,13.294,0.034,-0.034,0.1441,,,0.0,,
Kepler-1381 b,Kepler-1381,TIC 399953616,0.96,0.049,-0.068,15.579,0.469,-0.469,14.022,0.058,-0.058,0.1728,,,0.0,,
Kepler-1382 b,Kepler-1382,TIC 184014439,1.36,0.123,-0.097,12.857,0.103,-0.103,11.359,0.018,-0.018,0.14023,0.0008,-0.0008,0.0,,
Kepler-1365 c,Kepler-1365,TIC 63122176,1.0,0.043,-0.041,13.417,0.08,-0.08,11.857,0.021,-0.021,0.05701,0.00043,-0.00043,0.0,,
Kepler-1296 b,Kepler-1296,TIC 137410211,0.87,0.043,-0.049,14.934,0.114,-0.114,12.801,0.03,-0.03,0.0896,,,0.0,,
Kepler-1297 b,Kepler-1297,TIC 159225841,0.99,0.056,-0.062,14.867,0.092,-0.092,13.262,0.026,-0.026,0.0283,,,0.0,,
Kepler-1341 b,Kepler-1341,TIC 123126460,0.79,0.022,-0.033,15.356,0.137,-0.137,12.636,0.018,-0.018,0.47267,0.00289,-0.00289,0.0,,
Kepler-1383 b,Kepler-1383,TIC 273507060,1.26,0.24,-0.16,13.832,0.08,-0.08,12.319,0.02,-0.02,0.11397,0.00091,-0.00091,0.0,,
Kepler-1384 b,Kepler-1384,TIC 184418214,0.78,0.042,-0.048,15.7578,0.0461,-0.0461,13.074,0.034,-0.034,0.1126,,,0.0,,
Kepler-1258 b,Kepler-1258,TIC 279918915,0.99,0.052,-0.06,13.929,0.08,-0.08,12.382,0.026,-0.026,0.01824,6e-05,-6e-05,0.0,,
Kepler-1298 b,Kepler-1298,TIC 267667467,1.45,0.122,-0.112,11.388,0.019,-0.019,10.149,0.018,-0.018,0.0814,0.00141,-0.00141,0.0,,
Kepler-1344 b,Kepler-1344,TIC 158394286,1.09,0.088,-0.065,14.192,0.08,-0.08,12.633,0.021,-0.021,0.05501,0.00057,-0.00057,0.0,,
Kepler-1346 b,Kepler-1346,TIC 63066410,1.14,0.149,-0.084,14.625,0.126,-0.126,13.107,0.036,-0.036,0.044,,,0.0,,
Kepler-1259 b,Kepler-1259,TIC 273592350,0.8,0.041,-0.047,15.556,0.057,-0.057,13.28,0.033,-0.033,0.0141,,,0.0,,
Kepler-1261 b,Kepler-1261,TIC 48506742,0.82,0.032,-0.038,15.817,0.103,-0.103,13.558,0.053,-0.053,0.239,,,0.0,,
Kepler-1302 b,Kepler-1302,TIC 417678115,0.86,0.039,-0.043,15.172,0.195,-0.195,13.151,0.028,-0.028,0.0795,,,0.0,,
Kepler-1347 b,Kepler-1347,TIC 172422725,0.82,0.037,-0.041,13.557,0.114,-0.114,11.486,0.02,-0.02,0.104,,,0.0,,
Kepler-1349 b,Kepler-1349,TIC 405719110,1.16,0.41,-0.082,11.209,0.014,-0.014,9.761,0.023,-0.023,0.03421,0.00025,-0.00025,0.0,,
Kepler-80 f,Kepler-80,TIC 184296619,0.73,0.03,-0.03,15.23,0.172,-0.172,12.253,0.02,-0.02,0.0175,0.0002,-0.0002,0.186,0.083,-0.049
Kepler-725 c,Kepler-725,TIC 164652841,0.95,0.01,-0.01,15.145,0.08,-0.08,13.222,0.038,-0.038,0.6744,0.0023,-0.0023,0.436,0.017,-0.017
Kepler-223 b,Kepler-223,TIC 273876171,1.125,0.094,-0.073,15.69,0.137,-0.137,13.633,0.047,-0.047,0.07525,0.00076,-0.00076,0.078,0.015,-0.017
Kepler-448 c,KOI-12,TIC 169461816,1.5,0.1,-0.1,11.51,0.014,-0.014,10.234,0.018,-0.018,4.2,2.4,-0.9,0.65,0.13,-0.09
Kepler-32 e,Kepler-32,TIC 273590427,0.58,0.05,-0.05,16.36,0.549,-0.549,12.757,0.024,-0.024,0.033,,,0.0,,
K2-38 b,K2-38,TIC 12666215,1.03,0.04,-0.02,11.344,0.023,-0.023,9.47,0.021,-0.021,0.04994,0.00048,-0.00049,0.197,0.067,-0.06
K2-38 c,K2-38,TIC 12666215,1.03,0.04,-0.02,11.344,0.023,-0.023,9.47,0.021,-0.021,0.09514,0.00091,-0.00094,0.161,0.096,-0.078
Kepler-1304 b,Kepler-1304,TIC 399819857,0.85,0.043,-0.051,15.408,0.114,-0.114,13.054,0.032,-0.032,0.1202,,,0.0,,
Kepler-515 b,Kepler-515,TIC 406997913,0.9,0.031,-0.033,12.913,0.172,-0.172,10.885,0.026,-0.026,0.1333,,,0.0,,
Kepler-755 c,Kepler-755,TIC 239227652,0.82,0.032,-0.039,14.277,0.149,-0.149,11.879,0.028,-0.028,0.037,0.0004,-0.0004,0.0,,
Kepler-532 b,Kepler-532,TIC 264507945,0.87,0.027,-0.029,13.74,0.137,-0.137,11.545,0.02,-0.02,0.10151,0.00046,-0.00046,0.0,,
Kepler-1264 b,Kepler-1264,TIC 159177065,0.99,0.06,-0.064,14.629,0.08,-0.08,12.901,0.026,-0.026,0.01839,0.00021,-0.00021,0.0,,
Kepler-1306 b,Kepler-1306,TIC 271040328,0.98,0.065,-0.057,15.353,0.069,-0.069,13.631,0.046,-0.046,0.123,,,0.0,,
Kepler-1307 b,Kepler-1307,TIC 63453366,1.06,0.067,-0.06,15.636,0.16,-0.16,13.878,0.064,-0.064,0.1369,,,0.0,,
Kepler-1352 b,Kepler-1352,TIC 290034960,1.11,0.112,-0.08,13.338,0.069,-0.069,11.919,0.027,-0.027,0.02883,0.00026,-0.00026,0.0,,
Kepler-533 b,Kepler-533,TIC 26962715,0.78,0.023,-0.029,14.128,0.149,-0.149,11.683,0.019,-0.019,0.16704,0.00138,-0.00138,0.0,,
Kepler-524 b,Kepler-524,TIC 27914389,1.09,0.035,-0.042,14.082,0.114,-0.114,12.384,0.024,-0.024,0.07955,0.00062,-0.00062,0.0,,
Kepler-1267 b,Kepler-1267,TIC 268604100,1.15,0.11,-0.106,15.846,0.195,-0.195,13.937,0.039,-0.039,0.1057,,,0.0,,
Kepler-1309 b,Kepler-1309,TIC 171098231,0.85,0.048,-0.05,16.5119,0.0485,-0.0485,13.542,0.039,-0.039,0.1679,,,0.0,,
Kepler-1310 b,Kepler-1310,TIC 120043638,0.91,0.054,-0.058,14.346,0.114,-0.114,12.436,0.021,-0.021,0.01452,0.00017,-0.00017,0.0,,
Kepler-1354 b,Kepler-1354,TIC 137096633,1.16,0.164,-0.111,14.59,0.092,-0.092,12.858,0.033,-0.033,0.3521,,,0.0,,
Kepler-1355 b,Kepler-1355,TIC 48354835,0.88,0.038,-0.042,15.595,0.058,-0.058,13.748,0.059,-0.059,0.0224,,,0.0,,
Kepler-534 b,Kepler-534,TIC 27847148,1.05,0.03,-0.03,13.387,0.126,-0.126,11.708,0.034,-0.034,0.1272,,,0.0,,
Kepler-1208 b,Kepler-1208,TIC 63010574,0.8,0.039,-0.045,16.256,0.103,-0.103,13.788,0.059,-0.059,0.0901,,,0.0,,
Kepler-1271 b,Kepler-1271,TIC 120825510,1.13,0.059,-0.055,14.075,0.126,-0.126,12.503,0.022,-0.022,0.04233,0.00045,-0.00045,0.0,,
Kepler-1312 b,Kepler-1312,TIC 137899873,0.99,0.028,-0.033,12.491,0.08,-0.08,10.907,0.019,-0.019,0.06053,0.00018,-0.00018,0.0,,
Kepler-1415 b,Kepler-1415,TIC 164834500,0.89,0.036,-0.038,15.937,0.149,-0.149,13.951,0.065,-0.065,0.01416,0.00011,-0.00011,0.0,,
Kepler-1414 b,Kepler-1414,TIC 164828419,0.8,0.035,-0.043,14.989,0.137,-0.137,12.734,0.027,-0.027,0.0426,,,0.0,,
Kepler-1547 b,Kepler-1547,TIC 164646094,1.12,0.102,-0.078,13.464,0.114,-0.114,11.996,0.02,-0.02,0.01556,0.00015,-0.00015,0.0,,
Kepler-1548 b,Kepler-1548,TIC 158487028,0.99,0.045,-0.047,15.324,0.355,-0.355,13.7,0.037,-0.037,0.4679,,,0.0,,
Kepler-1581 b,Kepler-1581,TIC 121215710,1.12,0.056,-0.041,12.442,0.057,-0.057,11.025,0.018,-0.018,0.06865,0.00073,-0.00073,0.0,,
Kepler-1580 b,Kepler-1580,TIC 120688631,1.47,0.11,-0.11,12.635,0.08,-0.08,11.254,0.019,-0.019,0.33571,0.00275,-0.00275,0.0,,
Kepler-1582 b,Kepler-1582,TIC 122065885,0.28,0.03,-0.028,17.96,0.2,-0.2,12.435,0.023,-0.023,0.0316,,,0.0,,
Kepler-690 b,Kepler-690,TIC 377918545,1.11,0.105,-0.063,15.701,0.081,-0.081,14.106,0.074,-0.074,0.081,,,0.0,,
Kepler-1615 b,Kepler-1615,TIC 158217620,1.04,0.064,-0.056,14.603,0.092,-0.092,13.048,0.027,-0.027,0.2788,,,0.0,,
Kepler-1616 b,Kepler-1616,TIC 158274583,1.21,0.194,-0.097,13.491,0.057,-0.057,12.228,0.018,-0.018,0.07318,0.00069,-0.00069,0.0,,
Kepler-1418 b,Kepler-1418,TIC 258202336,0.77,0.032,-0.04,15.461,0.206,-0.206,12.755,0.035,-0.035,0.131,,,0.0,,
Kepler-1549 b,Kepler-1549,TIC 120692095,0.88,0.043,-0.048,15.353,0.263,-0.263,13.271,0.028,-0.028,0.6687,,,0.0,,
Kepler-482 b,Kepler-482,TIC 27987264,0.75,0.036,-0.039,14.049,0.16,-0.16,11.536,0.018,-0.018,0.25787,0.00017,-0.00017,0.0,,
Kepler-1583 b,Kepler-1583,TIC 158270841,0.94,0.046,-0.056,12.976,0.08,-0.08,11.279,0.012,-0.012,0.08307,0.00045,-0.00045,0.0,,
Kepler-1617 b,Kepler-1617,TIC 158625761,1.15,0.127,-0.078,13.811,0.103,-0.103,12.323,0.016,-0.016,0.17707,0.00158,-0.00158,0.0,,
Kepler-629 b,Kepler-629,TIC 122063843,0.93,0.027,-0.028,13.481,0.114,-0.114,11.646,0.02,-0.02,0.07107,0.00035,-0.00035,0.0,,
Kepler-1421 b,Kepler-1421,TIC 399826842,1.25,0.094,-0.063,12.868,0.092,-0.092,11.554,0.022,-0.022,0.07576,0.00109,-0.00109,0.0,,
Kepler-1551 b,Kepler-1551,TIC 184164411,1.14,0.172,-0.088,15.371,0.172,-0.172,13.77,0.05,-0.05,0.1772,,,0.0,,
Kepler-1552 b,Kepler-1552,TIC 137319097,0.85,0.034,-0.041,15.203,0.057,-0.057,12.881,0.03,-0.03,0.6011,0.00263,-0.00263,0.0,,
Kepler-1586 b,Kepler-1586,TIC 273866337,1.45,0.235,-0.188,13.278,0.057,-0.057,11.643,0.019,-0.019,0.12208,0.00123,-0.00123,0.0,,
Kepler-1587 b,Kepler-1587,TIC 26656768,1.08,0.061,-0.043,14.166,0.103,-0.103,12.632,0.027,-0.027,0.08747,0.0008,-0.0008,0.0,,
Kepler-1618 b,Kepler-1618,TIC 271546110,1.41,0.216,-0.148,13.672,0.092,-0.092,12.473,0.022,-0.022,0.07109,0.00047,-0.00047,0.0,,
Kepler-621 b,Kepler-621,TIC 122706051,0.72,0.024,-0.028,15.22,0.069,-0.069,12.407,0.024,-0.024,0.031,,,0.0,,
Kepler-1426 b,Kepler-1426,TIC 26656435,1.02,0.055,-0.059,15.464,0.046,-0.046,13.645,0.053,-0.053,0.1187,,,0.0,,
Kepler-154 f,Kepler-154,TIC 416282268,0.98,0.04,-0.044,14.646,0.092,-0.092,12.986,0.029,-0.029,0.08832,0.00097,-0.00097,0.0,,
Kepler-685 b,Kepler-685,TIC 138364831,1.11,0.11,-0.07,15.186,0.057,-0.057,13.307,0.037,-0.037,0.0265,,,0.0,,
Kepler-1165 b,Kepler-1165,TIC 158326744,1.13,0.117,-0.076,14.521,0.114,-0.114,13.07,0.029,-0.029,0.0914,,,0.0,,
Kepler-1588 b,Kepler-1588,TIC 298965827,0.96,0.045,-0.054,13.94,0.092,-0.092,12.383,0.029,-0.029,0.07419,0.00043,-0.00043,0.0,,
Kepler-686 b,Kepler-686,TIC 399794420,0.94,0.056,-0.061,16.02,0.126,-0.126,13.917,0.057,-0.057,0.0258,,,0.0,,
Kepler-1428 b,Kepler-1428,TIC 28234022,1.28,0.032,-0.029,13.759,0.092,-0.092,12.112,0.024,-0.024,0.11051,0.00086,-0.00086,0.0,,
Kepler-1429 b,Kepler-1429,TIC 279917996,1.05,0.062,-0.058,15.053,0.115,-0.115,13.404,0.037,-0.037,0.055,,,0.0,,
Kepler-1554 b,Kepler-1554,TIC 120900025,0.84,0.05,-0.056,15.93,0.115,-0.115,13.814,0.046,-0.046,0.59527,0.00426,-0.00426,0.0,,
Kepler-541 b,Kepler-541,TIC 138569175,1.41,0.121,-0.163,13.383,0.057,-0.057,11.733,0.021,-0.021,0.06447,0.00107,-0.00107,0.0,,
Kepler-1591 b,Kepler-1591,TIC 272491028,1.1,0.133,-0.104,14.846,0.08,-0.08,13.107,0.028,-0.028,0.0794,,,0.0,,
Kepler-1621 b,Kepler-1621,TIC 273238089,1.15,0.204,-0.108,15.151,0.069,-0.069,13.602,0.041,-0.041,0.4204,,,0.0,,
Kepler-1622 b,Kepler-1622,TIC 273047792,1.31,0.22,-0.129,13.437,0.08,-0.08,12.104,0.018,-0.018,0.10136,0.00097,-0.00097,0.0,,
Kepler-1431 b,Kepler-1431,TIC 26657021,1.03,0.06,-0.053,15.4,0.149,-0.149,13.756,0.06,-0.06,0.0648,,,0.0,,
Kepler-1432 b,Kepler-1432,TIC 27532128,1.09,0.089,-0.07,15.594,0.172,-0.172,13.97,0.061,-0.061,0.1696,,,0.0,,
Kepler-1555 b,Kepler-1555,TIC 158492133,1.04,0.063,-0.063,15.425,0.058,-0.058,13.834,0.043,-0.043,0.0805,,,0.0,,
Kepler-1556 b,Kepler-1556,TIC 121603852,0.97,0.046,-0.046,15.651,0.069,-0.069,13.555,0.043,-0.043,0.0829,,,0.0,,
Kepler-544 b,Kepler-544,TIC 138571095,1.16,0.039,-0.038,13.667,0.114,-0.114,12.289,0.023,-0.023,0.15482,0.00176,-0.00176,0.0,,
Kepler-1446 b,Kepler-1446,TIC 159050852,0.81,0.019,-0.024,12.595,0.046,-0.046,10.204,0.014,-0.014,0.01405,7e-05,-7e-05,0.0,,
Kepler-1433 b,Kepler-1433,TIC 399951196,1.14,0.109,-0.071,15.051,0.252,-0.252,13.492,0.036,-0.036,0.0516,,,0.0,,
Kepler-1557 b,Kepler-1557,TIC 270790313,1.11,0.145,-0.098,15.383,0.058,-0.058,13.8,0.051,-0.051,0.049,,,0.0,,
Kepler-577 b,Kepler-577,TIC 378085037,0.78,0.035,-0.042,15.155,0.046,-0.046,12.861,0.033,-0.033,0.1348,,,0.0,,
Kepler-1596 b,Kepler-1596,TIC 350813882,0.95,0.05,-0.071,15.632,0.058,-0.058,13.826,0.046,-0.046,0.3237,,,0.0,,
Kepler-1436 b,Kepler-1436,TIC 273378908,1.06,0.08,-0.081,15.119,0.115,-0.115,13.358,0.034,-0.034,0.0907,,,0.0,,
Kepler-1437 b,Kepler-1437,TIC 26541175,0.93,0.041,-0.046,15.701,0.183,-0.183,13.917,0.066,-0.066,0.0951,,,0.0,,
Kepler-1560 b,Kepler-1560,TIC 63373449,1.02,0.058,-0.058,13.505,0.092,-0.092,11.868,0.021,-0.021,0.04175,0.00018,-0.00018,0.0,,
Kepler-466 b,Kepler-466,TIC 27644083,1.04,0.039,-0.039,12.799,0.057,-0.057,11.367,0.018,-0.018,0.26769,0.00272,-0.00272,0.0,,
Kepler-403 d,Kepler-403,TIC 159174926,1.25,0.088,-0.059,12.818,0.08,-0.08,11.537,0.016,-0.016,0.12178,0.00187,-0.00187,0.0,,
Kepler-694 b,Kepler-694,TIC 122713147,0.97,0.053,-0.057,15.284,0.149,-0.149,13.493,0.035,-0.035,0.0659,,,0.0,,
Kepler-1623 b,Kepler-1623,TIC 138572691,1.0,0.071,-0.068,15.205,0.275,-0.275,13.245,0.036,-0.036,0.0518,,,0.0,,
Kepler-1444 b,Kepler-1444,TIC 164886812,1.03,0.041,-0.035,12.363,0.069,-0.069,10.813,0.017,-0.017,0.20906,0.00106,-0.00106,0.0,,
Kepler-1561 b,Kepler-1561,TIC 272716728,1.07,0.115,-0.086,14.734,0.08,-0.08,13.053,0.029,-0.029,0.0194,,,0.0,,
Kepler-1601 b,Kepler-1601,TIC 120571308,1.04,0.065,-0.06,13.842,0.126,-0.126,12.216,0.022,-0.022,0.03281,0.00037,-0.00037,0.0,,
Kepler-631 b,Kepler-631,TIC 168816237,1.24,0.053,-0.05,13.563,0.137,-0.137,12.208,0.026,-0.026,0.14017,0.00148,-0.00148,0.0,,
Kepler-632 b,Kepler-632,TIC 169181786,0.91,0.032,-0.03,13.442,0.137,-0.137,11.479,0.02,-0.02,0.1885,,,0.0,,
Kepler-1441 b,Kepler-1441,TIC 270704515,1.0,0.064,-0.059,14.29,0.115,-0.115,12.688,0.034,-0.034,0.2346,,,0.0,,
Kepler-683 b,Kepler-683,TIC 137149476,0.96,0.061,-0.06,15.072,0.092,-0.092,13.358,0.037,-0.037,0.0355,,,0.0,,
Kepler-597 b,Kepler-597,TIC 138214174,0.97,0.035,-0.038,14.12,0.126,-0.126,12.54,0.025,-0.025,0.10916,0.00079,-0.00079,0.0,,
Kepler-1603 b,Kepler-1603,TIC 271537714,1.21,0.153,-0.101,15.397,0.126,-0.126,13.84,0.048,-0.048,0.0351,,,0.0,,
Kepler-1398 c,Kepler-1398,TIC 27239111,1.13,0.118,-0.081,13.752,0.103,-0.103,12.355,0.021,-0.021,0.05087,0.00048,-0.00048,0.0,,
Kepler-1398 b,Kepler-1398,TIC 27239111,1.13,0.118,-0.081,13.752,0.103,-0.103,12.355,0.021,-0.021,0.03909,0.00037,-0.00037,0.0,,
Kepler-1399 b,Kepler-1399,TIC 275575346,0.97,0.056,-0.058,15.572,0.069,-0.069,13.929,0.075,-0.075,0.0276,,,0.0,,
Kepler-549 c,Kepler-549,TIC 164455792,0.88,0.039,-0.047,14.805,0.149,-0.149,12.826,0.031,-0.031,0.45332,0.00288,-0.00288,0.0,,
Kepler-684 b,Kepler-684,TIC 122607324,0.89,0.055,-0.064,15.695,0.126,-0.126,13.828,0.049,-0.049,0.064,,,0.0,,
Kepler-1566 b,Kepler-1566,TIC 237191392,0.84,0.044,-0.046,14.564,0.069,-0.069,12.435,0.028,-0.028,0.01198,0.00014,-0.00014,0.0,,
Kepler-1606 b,Kepler-1606,TIC 158218731,0.9,0.041,-0.045,15.396,0.126,-0.126,13.4,0.037,-0.037,0.6421,0.0108,-0.0089,0.0,,
Kepler-1400 b,Kepler-1400,TIC 158212755,0.83,0.03,-0.037,16.067,0.16,-0.16,13.768,0.048,-0.048,0.0771,,,0.0,,
Kepler-1402 b,Kepler-1402,TIC 26540675,0.9,0.04,-0.043,14.78,0.08,-0.08,12.862,0.029,-0.029,0.0322,,,0.0,,
Kepler-543 b,Kepler-543,TIC 121123361,0.7,0.051,-0.044,13.598,0.103,-0.103,11.089,0.02,-0.02,0.1023,0.00085,-0.00085,0.0,,
Kepler-1607 b,Kepler-1607,TIC 272179260,1.14,0.136,-0.1,13.969,0.126,-0.126,12.218,0.021,-0.021,0.11978,0.00096,-0.00096,0.0,,
Kepler-1608 b,Kepler-1608,TIC 184088195,0.75,0.052,-0.065,16.265,0.252,-0.252,13.836,0.048,-0.048,0.1126,,,0.0,,
Kepler-1403 b,Kepler-1403,TIC 122605691,1.11,0.098,-0.07,15.713,0.115,-0.115,14.201,0.055,-0.055,0.064,,,0.0,,
Kepler-1404 b,Kepler-1404,TIC 27766705,0.84,0.046,-0.052,15.931,0.126,-0.126,13.756,0.054,-0.054,0.1143,,,0.0,,
Kepler-198 d,Kepler-198,TIC 122519154,0.97,0.035,-0.033,13.684,0.103,-0.103,12.027,0.02,-0.02,0.02342,0.00012,-0.00012,0.0,,
Kepler-192 d,Kepler-192,TIC 158626833,0.94,0.034,-0.033,14.308,0.183,-0.183,12.427,0.021,-0.021,0.0686,0.00073,-0.00073,0.0,,
Kepler-1572 b,Kepler-1572,TIC 123413463,0.97,0.044,-0.041,13.879,0.16,-0.16,12.365,0.018,-0.018,0.05838,0.0004,-0.0004,0.0,,
Kepler-1574 b,Kepler-1574,TIC 26583108,1.06,0.063,-0.055,15.188,0.195,-0.195,13.679,0.058,-0.058,0.0743,,,0.0,,
Kepler-578 b,Kepler-578,TIC 121734474,0.87,0.045,-0.049,14.578,0.126,-0.126,12.561,0.02,-0.02,0.0266,,,0.0,,
Kepler-1406 b,Kepler-1406,TIC 137483383,1.05,0.038,-0.038,13.39,0.114,-0.114,11.88,0.021,-0.021,0.0987,,,0.0,,
Kepler-1407 b,Kepler-1407,TIC 120042828,1.1,0.103,-0.076,15.023,0.103,-0.103,13.489,0.038,-0.038,0.1502,,,0.0,,
Kepler-625 c,Kepler-625,TIC 137414304,1.04,0.024,-0.02,13.395,0.08,-0.08,11.905,0.021,-0.021,0.05379,0.00038,-0.00038,0.0,,
Kepler-1245 c,Kepler-1245,TIC 159449041,0.86,0.041,-0.043,15.582,0.046,-0.046,13.519,0.033,-0.033,0.0372,,,0.0,,
Kepler-689 b,Kepler-689,TIC 378086390,0.91,0.053,-0.056,15.938,0.137,-0.137,13.714,0.051,-0.051,0.1449,,,0.0,,
Kepler-1408 b,Kepler-1408,TIC 123496782,1.21,1.003,-0.099,12.124,0.057,-0.057,10.694,0.011,-0.011,0.04218,0.00031,-0.00031,0.0,,
Kepler-1411 b,Kepler-1411,TIC 158218591,0.95,0.048,-0.057,15.945,0.138,-0.138,14.237,0.072,-0.072,0.4001,,,0.0,,
Kepler-1542 b,Kepler-1542,TIC 279915941,0.94,0.032,-0.031,12.734,0.092,-0.092,10.989,0.019,-0.019,0.04765,0.00035,-0.00035,0.0,,
Kepler-625 b,Kepler-625,TIC 137414304,1.04,0.024,-0.02,13.395,0.08,-0.08,11.905,0.021,-0.021,0.08137,0.00057,-0.00057,0.0,,
Kepler-626 b,Kepler-626,TIC 121734202,1.01,0.046,-0.044,14.086,0.103,-0.103,12.388,0.026,-0.026,0.10913,0.00088,-0.00088,0.0,,
Kepler-1413 b,Kepler-1413,TIC 270957896,0.84,0.045,-0.051,16.473,0.401,-0.401,14.224,0.079,-0.079,0.1066,,,0.0,,
Kepler-1412 b,Kepler-1412,TIC 424815791,1.06,0.052,-0.045,13.347,0.103,-0.103,11.774,0.02,-0.02,0.04608,0.00035,-0.00035,0.0,,
Kepler-1544 b,Kepler-1544,TIC 28090925,0.81,0.024,-0.029,14.287,0.114,-0.114,11.903,0.018,-0.018,0.54465,0.00498,-0.00498,0.0,,
Kepler-1085 b,Kepler-1085,TIC 158487108,1.11,0.088,-0.063,15.273,0.115,-0.115,13.891,0.046,-0.046,0.73361,0.00453,-0.00453,0.0,,
Kepler-1626 b,Kepler-1626,TIC 184559893,1.51,0.21,-0.196,14.357,0.08,-0.08,12.967,0.029,-0.029,0.0537,,,0.0,,
Kepler-641 b,Kepler-641,TIC 63006978,1.02,0.049,-0.041,13.807,0.057,-0.057,12.186,0.023,-0.023,0.0895,0.00066,-0.00066,0.0,,
Kepler-1465 b,Kepler-1465,TIC 416279965,0.75,0.036,-0.049,14.724,0.092,-0.092,12.043,0.025,-0.025,0.1939,,,0.0,,
Kepler-1466 b,Kepler-1466,TIC 159178000,1.01,0.074,-0.069,14.026,0.092,-0.092,12.408,0.016,-0.016,0.17981,0.00057,-0.00057,0.0,,
Kepler-1507 b,Kepler-1507,TIC 158786851,0.89,0.041,-0.046,13.267,0.08,-0.08,11.386,0.014,-0.014,0.11946,0.00091,-0.00091,0.0,,
Kepler-1508 b,Kepler-1508,TIC 170346081,1.14,0.224,-0.122,14.561,0.137,-0.137,12.603,0.026,-0.026,0.1629,,,0.0,,
Kepler-1506 b,Kepler-1506,TIC 122298422,0.95,0.051,-0.058,15.836,0.047,-0.047,14.082,0.062,-0.062,0.1168,,,0.0,,
Kepler-1524 b,Kepler-1524,TIC 138477646,1.17,0.183,-0.104,12.802,0.092,-0.092,11.263,0.018,-0.018,0.3392,,,0.0,,
Kepler-639 b,Kepler-639,TIC 137409501,1.14,0.085,-0.057,13.358,0.092,-0.092,11.89,0.022,-0.022,0.09358,0.00071,-0.00071,0.0,,
Kepler-1468 b,Kepler-1468,TIC 138219758,1.04,0.083,-0.075,15.111,0.217,-0.217,13.458,0.042,-0.042,0.0817,,,0.0,,
Kepler-1509 b,Kepler-1509,TIC 164558338,1.0,0.048,-0.049,15.455,0.343,-0.343,13.887,0.066,-0.066,0.1707,,,0.0,,
Kepler-1510 b,Kepler-1510,TIC 416529246,1.19,0.154,-0.12,15.315,0.206,-0.206,13.728,0.054,-0.054,0.4089,,,0.0,,
Kepler-1525 b,Kepler-1525,TIC 290033595,1.07,0.033,-0.034,12.797,0.057,-0.057,11.193,0.026,-0.026,0.03557,0.00038,-0.00038,0.0,,
Kepler-1086 c,Kepler-1086,TIC 271545939,0.7,0.02,-0.03,16.002,0.069,-0.069,12.941,0.028,-0.028,0.503,,,0.0,,
Kepler-1526 b,Kepler-1526,TIC 120425617,0.73,0.031,-0.037,15.935,0.252,-0.252,13.208,0.03,-0.03,0.0418,,,0.0,,
Kepler-642 b,Kepler-642,TIC 270705735,1.4,0.229,-0.157,13.335,0.069,-0.069,12.095,0.02,-0.02,0.05631,0.00046,-0.00046,0.0,,
Kepler-1469 b,Kepler-1469,TIC 138423341,0.92,0.052,-0.053,16.2388,0.0459,-0.0459,14.119,0.068,-0.068,0.1466,,,0.0,,
Kepler-633 b,Kepler-633,TIC 138969239,1.02,0.064,-0.063,13.812,0.08,-0.08,11.978,0.026,-0.026,0.08185,0.00057,-0.00057,0.0,,
Kepler-1511 b,Kepler-1511,TIC 158725179,1.17,0.17,-0.072,13.564,0.057,-0.057,12.471,0.018,-0.018,0.1753,,,0.0,,
Kepler-1527 b,Kepler-1527,TIC 273132601,1.21,0.165,-0.102,15.161,0.126,-0.126,13.617,0.044,-0.044,0.6276,,,0.0,,
Kepler-1628 b,Kepler-1628,TIC 123362984,0.55,0.041,-0.028,17.8298,0.0493,-0.0493,13.224,0.027,-0.027,0.2952,,,0.0,,
Kepler-712 b,Kepler-712,TIC 271347119,0.84,0.031,-0.036,16.161,0.172,-0.172,13.841,0.052,-0.052,0.13615,0.00143,-0.00143,0.0,,
Kepler-1470 b,Kepler-1470,TIC 121733900,0.8,0.036,-0.043,15.252,0.012,-0.012,12.896,0.026,-0.026,0.116,,,0.0,,
Kepler-1471 b,Kepler-1471,TIC 416282121,0.95,0.047,-0.061,15.421,0.149,-0.149,13.604,0.039,-0.039,0.0453,,,0.0,,
Kepler-546 b,Kepler-546,TIC 237158650,1.11,0.107,-0.072,14.325,0.08,-0.08,12.784,0.036,-0.036,0.0502,,,0.0,,
Kepler-1528 b,Kepler-1528,TIC 158487658,1.03,0.056,-0.056,14.576,0.16,-0.16,13.032,0.029,-0.029,0.0296,,,0.0,,
Kepler-1631 b,Kepler-1631,TIC 271159855,0.97,0.052,-0.056,15.673,0.126,-0.126,13.782,0.049,-0.049,0.0511,,,0.0,,
Kepler-1630 b,Kepler-1630,TIC 273237673,0.66,0.051,-0.027,14.278,0.103,-0.103,11.803,0.019,-0.019,1.1218,,,0.0,,
Kepler-1632 b,Kepler-1632,TIC 271046694,1.12,0.141,-0.097,13.22,0.126,-0.126,11.66,0.018,-0.018,0.6762,,,0.0,,
Kepler-1473 b,Kepler-1473,TIC 290034635,1.09,0.037,-0.041,13.486,0.092,-0.092,12.009,0.029,-0.029,0.11606,0.00116,-0.00116,0.0,,
Kepler-1472 b,Kepler-1472,TIC 27239856,1.16,0.161,-0.087,14.666,0.103,-0.103,13.255,0.038,-0.038,0.2322,,,0.0,,
Kepler-111 b,Kepler-111,TIC 63001143,1.171,0.03,-0.03,13.543,0.069,-0.069,12.11,0.023,-0.023,0.046,,,0.0,,
Kepler-598 b,Kepler-598,TIC 137969066,0.87,0.036,-0.035,14.829,0.035,-0.035,12.931,0.029,-0.029,0.04487,0.00047,-0.00047,0.0,,
Kepler-472 b,Kepler-472,TIC 184554925,0.85,0.025,-0.029,13.898,0.183,-0.183,11.461,0.014,-0.014,0.04823,0.00034,-0.00034,0.0,,
Kepler-1633 b,Kepler-1633,TIC 158789121,1.2,0.173,-0.093,13.516,0.103,-0.103,12.109,0.013,-0.013,0.3875,,,0.0,,
Kepler-1477 b,Kepler-1477,TIC 123314844,0.81,0.041,-0.043,14.72,0.252,-0.252,12.594,0.019,-0.019,0.0911,,,0.0,,
Kepler-1475 b,Kepler-1475,TIC 271970692,1.18,0.155,-0.108,15.36,0.046,-0.046,13.88,0.052,-0.052,0.373,,,0.0,,
Kepler-599 b,Kepler-599,TIC 120686620,0.83,0.038,-0.043,15.067,0.137,-0.137,12.972,0.028,-0.028,0.1128,,,0.0,,
Kepler-969 c,Kepler-969,TIC 158785055,0.92,0.016,-0.016,13.865,0.149,-0.149,11.897,0.016,-0.016,0.0265,0.00013,-0.00013,0.0,,
Kepler-1531 b,Kepler-1531,TIC 120424814,1.16,0.201,-0.115,13.202,0.092,-0.092,11.772,0.029,-0.029,0.02204,0.0002,-0.0002,0.0,,
Kepler-585 b,Kepler-585,TIC 158276273,0.96,0.056,-0.049,14.188,0.137,-0.137,12.403,0.019,-0.019,0.03841,0.00026,-0.00026,0.0,,
Kepler-489 b,Kepler-489,TIC 122607554,0.82,0.026,-0.033,14.221,0.103,-0.103,11.959,0.02,-0.02,0.12109,0.00129,-0.00129,0.0,,
Kepler-1535 b,Kepler-1535,TIC 120961712,1.08,0.041,-0.045,14.385,0.114,-0.114,12.744,0.025,-0.025,0.5329,,,0.0,,
Kepler-1483 b,Kepler-1483,TIC 271752712,1.25,0.206,-0.139,14.52,0.114,-0.114,13.077,0.027,-0.027,0.0958,,,0.0,,
Kepler-545 b,Kepler-545,TIC 122446089,1.04,0.038,-0.038,14.205,0.183,-0.183,12.708,0.026,-0.026,0.11248,0.00101,-0.00101,0.0,,
Kepler-1016 c,Kepler-1016,TIC 271164596,0.99,0.079,-0.069,15.531,0.092,-0.092,13.728,0.047,-0.047,0.43519,0.00467,-0.00467,0.0,,
WASP-21 b,WASP-21,TIC 436478932,1.01,0.03,-0.03,11.59,0.057,-0.057,9.982,0.017,-0.017,0.052,0.00041,-0.00044,0.0,,
Kepler-1536 b,Kepler-1536,TIC 62999585,0.71,0.035,-0.049,15.464,0.126,-0.126,12.55,0.026,-0.026,0.8507,,,0.0,,
Kepler-1636 b,Kepler-1636,TIC 270854684,1.01,0.076,-0.061,15.807,0.218,-0.218,14.231,0.07,-0.07,1.12191,0.01165,-0.01165,0.0,,
Kepler-1637 b,Kepler-1637,TIC 48131596,1.02,0.059,-0.051,13.375,0.092,-0.092,11.778,0.021,-0.021,0.0596,,,0.0,,
Kepler-1486 b,Kepler-1486,TIC 159439931,1.08,0.089,-0.073,15.317,0.126,-0.126,13.896,0.049,-0.049,0.2846,,,0.0,,
Kepler-1485 b,Kepler-1485,TIC 273690208,1.11,0.041,-0.042,13.411,0.092,-0.092,11.724,0.017,-0.017,0.14732,0.0014,-0.0014,0.0,,
Kepler-696 b,Kepler-696,TIC 138219428,1.06,0.083,-0.075,15.308,0.126,-0.126,13.624,0.043,-0.043,0.0535,,,0.0,,
Kepler-1488 b,Kepler-1488,TIC 399825584,1.05,0.068,-0.05,13.146,0.114,-0.114,11.638,0.024,-0.024,0.24153,0.00151,-0.00151,0.0,,
Kepler-1031 b,Kepler-1031,TIC 27769737,1.09,0.095,-0.07,13.877,0.092,-0.092,12.353,0.025,-0.025,0.0218,,,0.0,,
Kepler-1409 b,Kepler-1409,TIC 267745858,0.83,0.038,-0.045,15.391,0.046,-0.046,13.248,0.034,-0.034,0.01553,9e-05,-9e-05,0.0,,
Kepler-1425 b,Kepler-1425,TIC 271347291,0.97,0.071,-0.07,13.681,0.057,-0.057,11.914,0.019,-0.019,0.11435,0.00076,-0.00076,0.0,,
Kepler-1448 b,Kepler-1448,TIC 298834402,0.95,0.058,-0.073,14.592,0.115,-0.115,12.932,0.034,-0.034,0.1058,,,0.0,,
Kepler-1449 b,Kepler-1449,TIC 298962633,1.08,0.072,-0.063,15.142,0.206,-0.206,13.64,0.042,-0.042,0.1176,,,0.0,,
TOI-178 c,TOI-178,TIC 251848941,0.65,0.027,-0.029,11.955,0.035,-0.035,8.656,0.021,-0.021,0.037,0.0011,-0.0011,,,
Kepler-698 b,Kepler-698,TIC 121729607,0.94,0.051,-0.057,15.716,0.217,-0.217,13.799,0.05,-0.05,0.1255,,,0.0,,
Kepler-607 b,Kepler-607,TIC 159579593,0.84,0.041,-0.045,14.672,0.206,-0.206,12.426,0.019,-0.019,0.0137,0.00016,-0.00016,0.0,,
Kepler-1450 b,Kepler-1450,TIC 271162715,0.71,0.032,-0.039,15.923,0.229,-0.229,12.908,0.028,-0.028,0.2401,,,0.0,,
Kepler-580 b,Kepler-580,TIC 237188565,0.67,0.025,-0.028,15.308,0.103,-0.103,12.314,0.029,-0.029,0.0683,,,0.0,,
Kepler-1495 b,Kepler-1495,TIC 120764338,1.03,0.057,-0.057,15.494,0.183,-0.183,13.845,0.045,-0.045,0.3677,,,0.0,,
Kepler-1493 b,Kepler-1493,TIC 121656582,1.06,0.059,-0.053,13.7192,0.0491,-0.0491,11.53,0.02,-0.02,0.1197,,,0.0,,
Kepler-1519 b,Kepler-1519,TIC 351191596,0.94,0.055,-0.059,15.124,0.343,-0.343,13.189,0.035,-0.035,0.7655,,,0.0,,
Kepler-1454 b,Kepler-1454,TIC 267570002,0.9,0.042,-0.048,15.009,0.035,-0.035,13.189,0.033,-0.033,0.2447,,,0.0,,
Kepler-707 b,Kepler-707,TIC 159217349,0.8,0.044,-0.053,15.022,0.195,-0.195,13.004,0.023,-0.023,0.0325,,,0.0,,
Kepler-1452 b,Kepler-1452,TIC 137635103,1.41,0.112,-0.14,13.215,0.103,-0.103,11.635,0.021,-0.021,0.25764,0.00161,-0.00161,0.0,,
Kepler-1497 b,Kepler-1497,TIC 272275278,0.96,0.071,-0.061,15.707,0.024,-0.024,13.699,0.042,-0.042,0.0817,,,0.0,,
Kepler-1496 b,Kepler-1496,TIC 270787590,1.18,0.175,-0.112,14.832,0.069,-0.069,13.225,0.035,-0.035,0.3211,,,0.0,,
Kepler-29 c,Kepler-29,TIC 273875635,0.761,0.024,-0.028,15.547,0.092,-0.092,13.657,0.045,-0.045,0.10027,0.00113,-0.00113,0.0,,
Kepler-602 b,Kepler-602,TIC 272180918,1.08,0.144,-0.097,14.72,0.149,-0.149,12.936,0.025,-0.025,0.1224,,,0.0,,
Kepler-640 b,Kepler-640,TIC 272180958,1.01,0.03,-0.029,13.885,0.137,-0.137,12.113,0.016,-0.016,0.15418,0.00189,-0.00189,0.0,,
Kepler-1458 b,Kepler-1458,TIC 258349285,0.96,0.053,-0.053,14.434,0.092,-0.092,12.509,0.026,-0.026,0.24869,0.00152,-0.00152,0.0,,
Kepler-1457 b,Kepler-1457,TIC 164646534,1.01,0.068,-0.069,14.066,0.137,-0.137,12.542,0.027,-0.027,0.26391,0.00255,-0.00255,0.0,,
Kepler-1498 b,Kepler-1498,TIC 164785771,0.86,0.038,-0.042,15.352,0.005,-0.005,13.238,0.038,-0.038,0.2528,,,0.0,,
Kepler-1073 c,Kepler-1073,TIC 138568416,1.0,0.095,-0.066,14.749,0.08,-0.08,12.924,0.032,-0.032,0.0483,,,0.0,,
Kepler-701 b,Kepler-701,TIC 121795464,0.88,0.04,-0.046,15.056,0.252,-0.252,13.141,0.033,-0.033,0.0895,,,0.0,,
Kepler-708 b,Kepler-708,TIC 270706782,0.97,0.061,-0.058,15.61,0.286,-0.286,13.871,0.052,-0.052,0.0426,,,0.0,,
Kepler-229 b,Kepler-229,TIC 399912169,0.808,0.017,-0.021,16.22,0.024,-0.024,13.785,0.054,-0.054,0.062,,,0.0,,
Kepler-1460 b,Kepler-1460,TIC 352011765,0.7,0.032,-0.047,16.166,0.252,-0.252,13.359,0.04,-0.04,0.1614,,,0.0,,
Kepler-1461 b,Kepler-1461,TIC 279915288,0.79,0.036,-0.046,15.828,0.115,-0.115,13.471,0.035,-0.035,0.1715,,,0.0,,
Kepler-1503 b,Kepler-1503,TIC 270705307,0.77,0.049,-0.066,15.892,0.195,-0.195,13.767,0.046,-0.046,0.3771,,,0.0,,
Kepler-1521 b,Kepler-1521,TIC 137817355,0.81,0.033,-0.036,13.049,0.092,-0.092,10.84,0.029,-0.029,0.23476,0.00107,-0.00107,0.0,,
Kepler-1522 b,Kepler-1522,TIC 267673944,0.96,0.055,-0.058,14.357,0.103,-0.103,12.621,0.024,-0.024,0.0288,,,0.0,,
Kepler-583 b,Kepler-583,TIC 123415040,0.94,0.04,-0.045,14.883,0.195,-0.195,13.09,0.029,-0.029,0.0689,,,0.0,,
Kepler-1463 b,Kepler-1463,TIC 271051532,0.96,0.052,-0.057,15.905,0.332,-0.332,14.015,0.058,-0.058,0.1694,,,0.0,,
Kepler-1462 b,Kepler-1462,TIC 272376022,1.0,0.07,-0.066,15.888,0.115,-0.115,14.058,0.054,-0.054,0.3094,,,0.0,,
Kepler-1464 b,Kepler-1464,TIC 121123737,1.02,0.064,-0.064,14.358,0.092,-0.092,12.507,0.025,-0.025,0.20066,0.00156,-0.00156,0.0,,
Kepler-1504 b,Kepler-1504,TIC 416281986,0.85,0.055,-0.063,15.883,0.172,-0.172,13.834,0.049,-0.049,0.3704,,,0.0,,
Kepler-1505 b,Kepler-1505,TIC 137408775,0.93,0.031,-0.037,13.043,0.057,-0.057,11.406,0.019,-0.019,0.18298,0.00067,-0.00067,0.0,,
Kepler-570 b,Kepler-570,TIC 407001624,0.93,0.042,-0.045,14.451,0.114,-0.114,12.605,0.032,-0.032,0.0497,,,0.0,,
Kepler-667 b,Kepler-667,TIC 27530621,0.91,0.04,-0.038,15.362,0.172,-0.172,13.519,0.047,-0.047,0.2288,,,0.0,,
HATS-28 b,HATS-28,TIC 6663331,0.929,0.036,-0.036,13.981,0.092,-0.092,12.086,0.029,-0.029,0.04131,0.00053,-0.00053,0.202,,
HATS-27 b,HATS-27,TIC 248111245,1.415,0.048,-0.048,12.782,0.069,-0.069,11.55,0.023,-0.023,0.0611,0.00068,-0.00068,0.581,,
Kepler-475 b,Kepler-475,TIC 121108727,0.86,0.027,-0.028,13.512,0.103,-0.103,11.241,0.02,-0.02,0.03989,0.0002,-0.0002,0.0,,
Kepler-738 b,Kepler-738,TIC 158490928,0.86,0.042,-0.049,15.793,0.24,-0.24,13.818,0.041,-0.041,0.1552,,,0.0,,
Kepler-652 b,Kepler-652,TIC 158660814,0.97,0.019,-0.017,13.618,0.08,-0.08,11.737,0.014,-0.014,0.04958,0.00035,-0.00035,0.0,,
Kepler-668 b,Kepler-668,TIC 350813835,0.87,0.039,-0.049,15.365,0.149,-0.149,13.533,0.035,-0.035,0.0768,,,0.0,,
Kepler-669 b,Kepler-669,TIC 26541079,1.15,0.097,-0.066,15.742,0.026,-0.026,14.198,0.086,-0.086,0.0529,,,0.0,,
K2-33 b,K2-33,TIC 49040478,0.56,0.09,-0.09,15.838,0.126,-0.126,10.026,0.019,-0.019,0.0409,0.0021,-0.0023,0.0,,
HATS-30 b,HATS-30,TIC 281459670,1.093,0.031,-0.031,12.283,0.057,-0.057,10.793,0.019,-0.019,0.04354,0.00042,-0.00042,0.096,,
Kepler-1644 b,Kepler-1644,TIC 279917005,0.89,0.048,-0.052,14.397,0.16,-0.16,12.552,0.027,-0.027,0.142,,,0.0,,
Kepler-1645 b,Kepler-1645,TIC 28229515,1.02,0.064,-0.061,14.566,0.297,-0.297,12.897,0.035,-0.035,0.1285,,,0.0,,
Kepler-739 b,Kepler-739,TIC 159225155,0.93,0.048,-0.059,15.711,0.183,-0.183,13.847,0.046,-0.046,0.1054,,,0.0,,
Kepler-671 b,Kepler-671,TIC 27084006,0.97,0.047,-0.04,15.491,0.332,-0.332,13.769,0.054,-0.054,0.0503,,,0.0,,
Kepler-571 b,Kepler-571,TIC 243271972,0.93,0.04,-0.045,14.951,0.149,-0.149,12.986,0.026,-0.026,0.0546,,,0.0,,
K2-5 b,K2-5,TIC 38064757,0.61,0.13,-0.13,14.974,0.275,-0.275,11.595,0.023,-0.023,0.0532,0.0038,-0.0038,,,
HATS-62 b,HATS-62,TIC 336732544,0.896,0.015,-0.01,14.171,0.137,-0.137,12.109,0.026,-0.026,0.04163,0.00024,-0.00016,0.298,,
HATS-65 b,HATS-65,TIC 169504920,1.257,0.028,-0.028,12.679,0.069,-0.069,11.095,0.023,-0.023,0.04497,0.00033,-0.00033,0.062,,
Kepler-726 b,Kepler-726,TIC 63000832,0.88,0.049,-0.053,15.362,0.092,-0.092,13.329,0.043,-0.043,0.1406,,,0.0,,
Kepler-1143 c,Kepler-1143,TIC 121215172,0.81,0.049,-0.046,15.493,0.16,-0.16,13.075,0.03,-0.03,0.6477,,,0.0,,
Kepler-564 b,Kepler-564,TIC 272838324,0.95,0.058,-0.062,14.883,0.172,-0.172,13.09,0.03,-0.03,0.0484,,,0.0,,
Kepler-653 b,Kepler-653,TIC 123445166,1.02,0.048,-0.038,13.498,0.114,-0.114,11.793,0.011,-0.011,0.11945,0.00109,-0.00109,0.0,,
Kepler-154 d,Kepler-154,TIC 416282268,0.98,0.04,-0.044,14.646,0.092,-0.092,12.986,0.029,-0.029,0.14354,0.00157,-0.00157,0.0,,
Kepler-673 b,Kepler-673,TIC 417657148,0.88,0.038,-0.048,15.592,0.183,-0.183,13.669,0.048,-0.048,0.0455,,,0.0,,
K2-16 b,K2-16,TIC 281886199,0.68,0.03,-0.03,14.668,0.137,-0.137,12.087,0.023,-0.023,0.0667,0.0011,-0.0011,,,
Kepler-742 b,Kepler-742,TIC 164558468,0.76,0.029,-0.039,15.357,0.103,-0.103,12.817,0.032,-0.032,0.0744,,,0.0,,
Kepler-148 d,Kepler-148,TIC 159171904,0.86,0.038,-0.044,15.398,0.08,-0.08,13.359,0.031,-0.031,0.2607,,,0.0,,
Kepler-501 b,Kepler-501,TIC 169176340,1.03,0.081,-0.062,14.886,0.16,-0.16,13.34,0.037,-0.037,0.0627,,,0.0,,
K2-8 c,K2-8,TIC 38114658,0.78,0.04,-0.04,14.801,0.32,-0.32,12.245,0.03,-0.03,0.0532,0.0009,-0.0009,,,
Kepler-1534 b,Kepler-1534,TIC 63285279,0.9,0.048,-0.047,16.429,0.0469,-0.0469,13.93,0.064,-0.064,0.0599,,,0.0,,
Kepler-655 b,Kepler-655,TIC 273044848,1.15,0.06,-0.051,13.568,0.069,-0.069,12.214,0.02,-0.02,0.25697,0.0026,-0.0026,0.0,,
Kepler-616 b,Kepler-616,TIC 271355361,0.98,0.058,-0.054,15.021,0.058,-0.058,13.448,0.044,-0.044,0.0927,,,0.0,,
Kepler-677 b,Kepler-677,TIC 267746941,1.0,0.046,-0.054,15.504,0.057,-0.057,13.686,0.039,-0.039,0.067,,,0.0,,
NGC 2682 YBP 1194 b,NGC 2682 YBP 1194,TIC 437034946,1.01,0.02,-0.02,14.569,0.149,-0.149,12.965,0.029,-0.029,,,,0.3,0.08,-0.08
NGC 2682 YBP 1514 b,NGC 2682 YBP 1514,TIC 437034879,0.96,0.01,-0.01,14.684,0.114,-0.114,13.105,0.028,-0.028,,,,0.28,0.09,-0.09
Kepler-656 b,Kepler-656,TIC 158731243,0.86,0.042,-0.045,15.549,0.183,-0.183,13.503,0.033,-0.033,0.02231,0.00019,-0.00019,0.0,,
Kepler-587 b,Kepler-587,TIC 158838923,0.92,0.045,-0.054,15.011,0.092,-0.092,13.25,0.027,-0.027,0.0952,,,0.0,,
Kepler-483 b,Kepler-483,TIC 137342400,1.28,0.095,-0.067,13.452,0.08,-0.08,12.222,0.024,-0.024,0.19471,0.00178,-0.00178,0.0,,
Kepler-679 b,Kepler-679,TIC 27766596,0.87,0.047,-0.054,15.771,0.137,-0.137,13.692,0.05,-0.05,0.0983,,,0.0,,
K2-48 b,K2-48,TIC 397022282,0.77,0.02,-0.02,14.345,0.08,-0.08,11.838,0.027,-0.027,0.1344,0.0012,-0.0012,,,
K2-47 b,K2-47,TIC 301603728,0.75,0.02,-0.02,14.065,0.114,-0.114,11.735,0.027,-0.027,0.1779,0.0016,-0.0016,,,
Kepler-610 b,Kepler-610,TIC 275491028,1.1,0.087,-0.066,14.816,0.229,-0.229,13.267,0.048,-0.048,0.0719,,,0.0,,
Kepler-1542 e,Kepler-1542,TIC 279915941,0.94,0.032,-0.031,12.734,0.092,-0.092,10.989,0.019,-0.019,0.05649,0.00041,-0.00041,0.0,,
Kepler-1600 b,Kepler-1600,TIC 137151626,0.86,0.036,-0.039,16.076,0.138,-0.138,13.896,0.062,-0.062,0.98141,0.01083,-0.01083,0.0,,
Kepler-623 b,Kepler-623,TIC 272842291,0.9,0.042,-0.049,15.028,0.149,-0.149,13.211,0.033,-0.033,0.0854,,,0.0,,
Kepler-680 b,Kepler-680,TIC 26473621,1.08,0.099,-0.057,15.321,0.286,-0.286,13.764,0.057,-0.057,0.0469,,,0.0,,
Kepler-681 b,Kepler-681,TIC 299217986,0.8,0.037,-0.046,15.584,0.103,-0.103,13.172,0.035,-0.035,0.1635,,,0.0,,
K2-180 b,K2-180,TIC 366411016,0.735,0.035,-0.029,12.557,0.046,-0.046,10.677,0.026,-0.026,0.0756,0.0012,-0.001,0.075,0.08,-0.051
WASP-113 b,WASP-113,TIC 310003988,1.318,0.069,-0.069,11.761,0.057,-0.057,10.311,0.021,-0.021,0.05885,0.0001,-0.0001,0.0,,
WASP-114 b,WASP-114,TIC 466390120,1.289,0.053,-0.053,12.685,0.069,-0.069,11.074,0.028,-0.028,0.02851,0.00039,-0.00039,0.012,0.022,-0.009
Kepler-727 b,Kepler-727,TIC 271351820,0.89,0.047,-0.056,15.453,0.069,-0.069,13.432,0.038,-0.038,0.0546,,,0.0,,
Kepler-1518 b,Kepler-1518,TIC 239289191,1.54,0.21,-0.182,13.374,0.08,-0.08,12.058,0.023,-0.023,0.0593,,,0.0,,
Kepler-554 b,Kepler-554,TIC 27843707,0.93,0.038,-0.033,14.49,0.114,-0.114,12.615,0.026,-0.026,0.03022,0.00028,-0.00028,0.0,,
Kepler-596 b,Kepler-596,TIC 416267321,1.21,0.186,-0.098,14.128,0.08,-0.08,12.715,0.028,-0.028,0.15161,0.00143,-0.00143,0.0,,
Kepler-1185 b,Kepler-1185,TIC 121121775,0.96,0.02,-0.024,12.63,0.046,-0.046,10.981,0.017,-0.017,0.4297,,,0.0,,
Kepler-650 b,Kepler-650,TIC 158934047,1.08,0.079,-0.047,13.825,0.08,-0.08,12.144,0.022,-0.022,0.0421,,,0.0,,
Kepler-661 b,Kepler-661,TIC 164557360,0.7,0.033,-0.043,16.016,0.229,-0.229,13.231,0.042,-0.042,0.0585,,,0.0,,
Kepler-589 b,Kepler-589,TIC 123129910,0.88,0.034,-0.041,14.775,0.035,-0.035,12.865,0.026,-0.026,0.1196,,,0.0,,
Kepler-682 b,Kepler-682,TIC 299161524,0.92,0.043,-0.052,15.556,0.149,-0.149,13.478,0.042,-0.042,0.1058,,,0.0,,
Kepler-574 b,Kepler-574,TIC 406952542,0.95,0.048,-0.054,14.671,0.08,-0.08,12.921,0.035,-0.035,0.0723,,,0.0,,
OGLE-2012-BLG-0026L b,OGLE-2012-BLG-0026L,,1.06,0.05,-0.05,20.66,,,,,,4.0,0.5,-0.5,,,
Kepler-728 b,Kepler-728,TIC 159580427,0.95,0.055,-0.057,15.585,0.115,-0.115,13.937,0.049,-0.049,0.0625,,,0.0,,
Kepler-566 b,Kepler-566,TIC 159727092,0.83,0.039,-0.046,15.217,0.08,-0.08,12.929,0.025,-0.025,0.1247,,,0.0,,
CoRoT-1 b,CoRoT-1,TIC 36352297,0.95,0.15,-0.15,13.623,0.114,-0.114,12.149,0.027,-0.027,0.02752,0.00022,-0.00023,0.0,,
Kepler-108 b,Kepler-108,TIC 271164755,1.247,0.082,-0.067,12.657,0.069,-0.069,10.983,0.017,-0.017,0.292,,,0.22,0.19,-0.12
KELT-10 b,KELT-10,TIC 269217040,1.112,0.055,-0.061,10.617,0.008,-0.008,9.338,0.023,-0.023,0.0525,0.00086,-0.00097,,,
Kepler-719 b,Kepler-719,TIC 271767300,0.99,0.08,-0.07,16.128,0.103,-0.103,14.126,0.065,-0.065,0.0556,,,0.0,,
Kepler-559 b,Kepler-559,TIC 272488625,0.96,0.073,-0.064,14.863,0.08,-0.08,12.977,0.027,-0.027,0.1277,,,0.0,,
Kepler-548 b,Kepler-548,TIC 269269546,0.93,0.088,-0.067,15.266,0.08,-0.08,13.071,0.031,-0.031,0.0495,,,0.0,,
Kepler-1629 b,Kepler-1629,TIC 351766445,1.01,0.047,-0.052,12.786,0.08,-0.08,11.218,0.018,-0.018,0.0485,,,0.0,,
WASP-119 b,WASP-119,TIC 388104525,1.02,0.06,-0.06,12.314,0.057,-0.057,10.545,0.021,-0.021,0.0363,0.0007,-0.0007,0.058,,
Kepler-645 b,Kepler-645,TIC 159381747,1.13,0.144,-0.087,13.944,0.172,-0.172,12.589,0.021,-0.021,0.04541,0.00054,-0.00054,0.0,,
HATS-11 b,HATS-11,TIC 11439959,1.33,0.09,-0.09,14.06,0.103,-0.103,12.243,0.025,-0.025,0.0507,0.0012,-0.0012,0.34,,
HATS-12 b,HATS-12,TIC 11270200,1.16,0.04,-0.04,12.831,0.057,-0.057,11.391,0.023,-0.023,0.0441,0.0005,-0.0005,0.085,,
HATS-15 b,HATS-15,TIC 271898990,0.871,0.023,-0.023,14.909,0.172,-0.172,12.724,0.032,-0.032,0.02712,0.00023,-0.00023,0.126,,
Kepler-731 b,Kepler-731,TIC 272366748,1.03,0.092,-0.061,15.386,0.172,-0.172,13.775,0.049,-0.049,0.0505,,,0.0,,
Kepler-646 b,Kepler-646,TIC 159441621,0.93,0.057,-0.061,14.026,0.126,-0.126,12.089,0.016,-0.016,0.11251,0.00049,-0.00049,0.0,,
Kepler-547 b,Kepler-547,TIC 158171456,0.78,0.032,-0.041,14.48,0.08,-0.08,11.998,0.016,-0.016,0.058,,,0.0,,
Kepler-606 b,Kepler-606,TIC 63286249,1.13,0.175,-0.104,14.895,0.08,-0.08,13.202,0.036,-0.036,0.17,,,0.0,,
Kepler-734 b,Kepler-734,TIC 272845785,0.85,0.033,-0.038,14.469,0.149,-0.149,12.668,0.025,-0.025,0.0583,,,0.0,,
Kepler-590 b,Kepler-590,TIC 27905500,1.1,0.094,-0.078,14.554,0.08,-0.08,12.936,0.031,-0.031,0.0647,,,0.0,,
Kepler-567 b,Kepler-567,TIC 28231454,0.84,0.038,-0.043,14.827,0.057,-0.057,12.724,0.029,-0.029,0.1229,,,0.0,,
HD 221585 b,HD 221585,TIC 270730826,1.19,0.12,-0.12,7.457,0.017,-0.017,5.781,0.029,-0.029,2.306,0.081,-0.081,0.123,0.069,-0.069
Kepler-721 b,Kepler-721,TIC 164726831,0.82,0.036,-0.042,15.963,0.103,-0.103,13.627,0.048,-0.048,0.0583,,,0.0,,
Kepler-1640 b,Kepler-1640,TIC 377915723,1.27,0.207,-0.097,14.754,0.092,-0.092,13.079,0.036,-0.036,0.0836,,,0.0,,
Kepler-736 b,Kepler-736,TIC 351909600,0.86,0.041,-0.046,15.809,0.115,-0.115,13.82,0.051,-0.051,0.0428,,,0.0,,
Kepler-613 b,Kepler-613,TIC 164407908,0.98,0.047,-0.053,14.795,0.149,-0.149,13.067,0.035,-0.035,0.1232,,,0.0,,
Kepler-619 b,Kepler-619,TIC 417659212,1.09,0.072,-0.061,14.84,0.046,-0.046,13.291,0.037,-0.037,0.06014,0.00036,-0.00036,0.0,,
Kepler-665 b,Kepler-665,TIC 27988995,0.79,0.037,-0.044,15.612,0.126,-0.126,13.214,0.035,-0.035,0.1148,,,0.0,,
KELT-14 b,KELT-14,TIC 134537478,1.239,0.039,-0.039,11.001,0.009,-0.009,9.424,0.023,-0.023,0.03005,0.00031,-0.00031,0.0,,
WASP-120 b,WASP-120,TIC 152476657,1.393,0.057,-0.057,10.96,0.007,-0.007,9.877,0.023,-0.023,0.0514,0.0007,-0.0007,0.057,0.022,-0.018
Kepler-614 b,Kepler-614,TIC 274017990,0.85,0.051,-0.054,14.81,0.069,-0.069,12.662,0.023,-0.023,0.1027,,,0.0,,
HATS-25 b,HATS-25,TIC 437333618,0.994,0.035,-0.035,13.172,0.08,-0.08,11.416,0.021,-0.021,0.05163,0.0006,-0.0006,0.176,,
HATS-26 b,HATS-26,TIC 315002523,1.299,0.113,-0.056,13.006,0.103,-0.103,11.435,0.021,-0.021,0.04735,0.00133,-0.00068,0.245,,
Kepler-609 b,Kepler-609,TIC 63126989,1.09,0.086,-0.077,14.96,0.069,-0.069,13.281,0.038,-0.038,0.0682,,,0.0,,
Kepler-615 b,Kepler-615,TIC 123492903,0.73,0.035,-0.045,14.623,0.126,-0.126,11.966,0.011,-0.011,0.085,,,0.0,,
Kepler-506 b,Kepler-506,TIC 120317234,1.19,0.028,-0.033,11.094,0.01,-0.01,9.617,0.017,-0.017,0.07437,0.00062,-0.00062,0.0,,
WASP-130 b,WASP-130,TIC 243200602,1.04,0.04,-0.04,11.104,0.012,-0.012,9.461,0.026,-0.026,0.1012,0.0014,-0.0014,0.0,,
TRAPPIST-1 g,TRAPPIST-1,TIC 278892590,0.0898,0.0023,-0.0023,17.02,0.2,-0.2,10.296,0.023,-0.023,0.04683,0.0004,-0.0004,0.00208,0.00058,-0.00058
WASP-139 b,WASP-139,TIC 159951311,0.92,0.1,-0.1,12.456,0.046,-0.046,10.472,0.021,-0.021,0.062,0.002,-0.002,0.0,,
GJ 3138 d,GJ 3138,TIC 632528291,0.681,,,10.8275,0.0459,-0.0459,7.246,0.016,,0.698,0.018,-0.019,0.32,0.2,-0.21
K2-75 b,K2-75,TIC 250996363,1.16,0.06,-0.06,12.803,0.057,-0.057,11.178,0.019,-0.019,0.081,0.0014,-0.0014,,,
K2-75 c,K2-75,TIC 250996363,1.16,0.06,-0.06,12.803,0.057,-0.057,11.178,0.019,-0.019,0.1429,0.0025,-0.0025,,,
K2-125 b,K2-125,TIC 405673618,0.494727,0.050755,-0.057375,16.4,0.2,-0.2,11.802,0.023,-0.023,0.121,0.004,-0.005,0.08,0.161049,-0.066906
WASP-141 b,WASP-141,TIC 117979897,1.25,0.06,-0.06,12.65,0.103,-0.103,11.194,0.026,-0.026,0.0469,0.0007,-0.0007,0.0,,
WASP-142 b,WASP-142,TIC 423275733,1.33,0.08,-0.08,12.871,0.057,-0.057,11.442,0.029,-0.029,0.0347,0.0007,-0.0007,0.0,,
GJ 273 b,GJ 273,TIC 318686860,0.29,,,9.84,0.1,-0.1,4.857,0.023,-0.023,0.091101,1.9e-05,-1.7e-05,0.1,0.09,-0.07
K2-80 c,K2-80,TIC 242961495,0.9,0.08,-0.08,12.694,0.092,-0.092,10.313,0.017,-0.017,0.0596,0.0018,-0.0018,,,
K2-83 b,K2-83,TIC 242988068,0.484,0.02,-0.02,14.522,0.015,-0.015,10.765,0.018,-0.018,0.03014,0.00041,-0.00041,0.07,0.139767,-0.053944
K2-130 b,K2-130,TIC 12181371,0.69563,0.069563,-0.069563,12.676,0.092,-0.092,9.858,0.023,-0.023,0.032,0.001,-0.001,0.17,0.220344,-0.135968
GJ 3293 e,GJ 3293,TIC 178872239,0.42,,,11.945,0.037,-0.037,7.486,0.033,-0.033,0.08208,3e-05,-4e-05,0.21,0.2,-0.14
GJ 3293 d,GJ 3293,TIC 178872239,0.42,,,11.945,0.037,-0.037,7.486,0.033,-0.033,0.19394,0.00017,-0.00018,0.12,0.13,-0.09
HAT-P-67 b,HAT-P-67,TIC 198588220,1.642,0.155,-0.072,10.106,0.005,-0.005,8.9,0.019,-0.019,0.06505,0.00273,-0.00079,0.0,,
K2-83 c,K2-83,TIC 242988068,0.484,0.02,-0.02,14.522,0.015,-0.015,10.765,0.018,-0.018,0.07131,0.00096,-0.00096,0.06,0.143856,-0.052509
K2-84 b,K2-84,TIC 434133930,0.95,0.07,-0.07,13.386,0.103,-0.103,11.059,0.02,-0.02,0.0665,0.0016,-0.0016,,,
K2-35 b,K2-35,TIC 363478257,0.701968,0.070197,-0.070197,14.166,0.172,-0.172,11.423,0.021,-0.021,0.031,0.001,-0.001,0.13,0.173535,-0.105654
HATS-32 b,HATS-32,TIC 204317710,1.099,0.044,-0.044,14.386,0.114,-0.114,12.699,0.033,-0.033,0.04024,0.00053,-0.00053,0.471,,
K2-86 b,K2-86,TIC 25958378,0.79,0.08,-0.08,13.041,0.149,-0.149,10.927,0.019,-0.019,0.077,0.0026,-0.0026,,,
K2-88 b,K2-88,TIC 113979956,0.258,0.066,-0.066,15.523,0.079,-0.079,11.24,0.016,-0.016,0.0345,0.003,-0.003,0.26,0.234804,-0.217412
K2-116 b,K2-116,TIC 39936432,0.694512,0.069451,-0.069451,10.8,0.03,-0.03,7.875,0.027,-0.027,0.048,0.002,-0.002,0.06,0.141966,-0.053272
HATS-35 b,HATS-35,TIC 339522221,1.317,0.04,-0.04,12.609,0.057,-0.057,11.118,0.025,-0.025,0.03199,0.00033,-0.00033,0.306,,
HATS-34 b,HATS-34,TIC 355703913,0.955,0.031,-0.031,13.857,0.137,-0.137,12.095,0.019,-0.019,0.03166,0.00034,-0.00034,0.108,,
HD 86950 b,HD 86950,TIC 332711151,1.66,0.25,-0.25,7.47,0.03,-0.03,5.038,0.018,-0.018,2.72,0.08,-0.08,0.17,0.16,-0.16
Qatar-4 b,Qatar-4,TIC 440113053,0.896,0.048,-0.048,13.574,0.103,-0.103,11.519,0.02,-0.02,0.02803,0.00048,-0.00048,0.0,,
Qatar-5 b,Qatar-5,TIC 190998418,1.128,0.056,-0.056,12.614,0.08,-0.08,10.956,0.02,-0.02,0.04127,0.00067,-0.00067,0.0,,
K2-91 b,K2-91,TIC 56520147,0.292,0.058,-0.058,15.622,0.071,-0.071,10.571,0.021,-0.021,0.0164,0.0011,-0.0011,0.09,0.168399,-0.072789
K2-89 b,K2-89,TIC 440687723,0.347,0.036,-0.036,14.162,0.054,-0.054,10.106,0.018,-0.018,0.01462,0.00051,-0.00051,0.15,0.197141,-0.119964
K2-72 c,K2-72,TIC 38337202,0.271365,0.079196,-0.090624,15.37,0.126,-0.126,10.962,0.021,-0.021,0.078,0.007,-0.01,0.11,0.20197,-0.091536
OGLE-2016-BLG-1195L b,OGLE-2016-BLG-1195L,,0.078,0.016,-0.012,,,,,,,1.16,0.16,-0.13,,,
K2-72 e,K2-72,TIC 38337202,0.271365,0.079196,-0.090624,15.37,0.126,-0.126,10.962,0.021,-0.021,0.106,0.009,-0.013,0.11,0.198676,-0.086832
XO-6 b,XO-6,TIC 138168780,1.47,0.06,-0.06,10.247,0.004,-0.004,9.246,0.02,-0.02,0.0815,0.0077,-0.0077,0.0,,
K2-60 b,K2-60,TIC 206284139,0.97,0.07,-0.07,12.857,0.057,-0.057,10.993,0.021,-0.021,0.045,0.003,-0.003,0.0,,
MOA-2012-BLG-505L b,MOA-2012-BLG-505L,,0.1,0.16,-0.05,,,,23.93,4.13,-1.82,0.9,0.25,-0.21,,,
TYC 4282-00605-1 b,TYC 4282-00605-1,TIC 13105061,0.97,0.03,-0.03,10.465,0.015,-0.015,6.778,0.021,-0.021,0.422,0.009,-0.009,0.28,0.01,-0.01
GJ 1148 b,GJ 1148,TIC 115869504,0.344045,0.020144,-0.020144,11.939,0.048,-0.048,6.822,0.016,-0.016,0.166,0.001,-0.001,0.38,0.01,-0.012
WASP-53 b,WASP-53,TIC 268766053,0.839,0.054,-0.054,12.591,0.069,-0.069,10.39,0.023,-0.023,0.04101,0.00083,-0.00091,0.03,,
WASP-53 c,WASP-53,TIC 268766053,0.839,0.054,-0.054,12.591,0.069,-0.069,10.39,0.023,-0.023,3.73,0.16,-0.14,0.8369,0.0069,-0.007
Kepler-1170 b,Kepler-1170,TIC 63125460,0.8,0.045,-0.052,16.204,0.138,-0.138,13.806,0.059,-0.059,0.088,,,0.0,,
HD 20794 e,HD 20794,TIC 301051051,0.813,0.018,-0.012,4.26,0.03,-0.03,2.636,0.278,-0.278,0.509,0.006,-0.006,0.29,0.14,-0.18
Kepler-60 b,Kepler-60,TIC 158923465,1.041,0.077,-0.077,13.95,0.137,-0.137,12.516,0.018,-0.018,0.07255,0.00061,-0.00061,0.0,,
Kepler-959 b,Kepler-959,TIC 137411481,1.6,0.19,-0.172,12.606,0.08,-0.08,11.544,0.021,-0.021,0.1633,,,0.0,,
Kepler-79 d,Kepler-79,TIC 239306681,1.165,0.044,-0.045,14.036,0.126,-0.126,12.606,0.031,-0.031,0.287,0.004,-0.004,0.025,0.059,-0.023
GJ 1148 c,GJ 1148,TIC 115869504,0.344045,0.020144,-0.020144,11.939,0.048,-0.048,6.822,0.016,-0.016,0.912,0.005,-0.002,0.342,0.05,-0.062
WASP-81 b,WASP-81,TIC 399402994,1.08,0.059,-0.058,12.469,0.069,-0.069,10.892,0.026,-0.026,0.03908,0.0007,-0.00072,0.066,,
HD 59686 A b,HD 59686 A,TIC 247119634,1.9,0.2,-0.2,5.44299,0.023,-0.023,2.922,0.3,-0.3,1.086,0.0006,-0.0007,0.05,0.03,-0.02
OGLE-2013-BLG-0132L b,OGLE-2013-BLG-0132L,,0.54,0.3,-0.23,,,,,,,3.6,1.4,-1.2,,,
WASP-153 b,WASP-153,TIC 157586003,1.336,0.086,-0.086,12.591,0.103,-0.103,11.051,0.017,-0.017,0.048,0.001,-0.001,0.009,,
Kepler-1651 b,Kepler-1651,TIC 48353358,0.522,0.033,-0.031,13.86,0.2,-0.2,9.804,,,0.0692,,,0.13,0.06,-0.03
HD 87646 b,HD 87646,TIC 27064335,1.12,0.09,-0.09,8.07,0.03,-0.03,6.536,0.018,-0.018,0.117,0.003,-0.003,0.05,0.02,-0.02
HD 37124 b,HD 37124,TIC 19631691,0.85,,,7.68,0.03,-0.03,5.952,0.016,-0.016,0.53364,0.0002,-0.0002,0.054,0.028,-0.028
HD 34445 c,HD 34445,TIC 284907742,1.07,0.02,-0.02,7.31,0.03,-0.03,5.79,0.023,-0.023,0.7181,0.0049,-0.0049,0.036,0.071,-0.036
HD 34445 e,HD 34445,TIC 284907742,1.07,0.02,-0.02,7.31,0.03,-0.03,5.79,0.023,-0.023,0.2687,0.0019,-0.0019,0.09,0.062,-0.062
GJ 887 b,GJ 887,TIC 155315739,0.489,0.05,-0.05,7.56,0.2,-0.2,3.465,0.2,-0.2,0.068,0.002,-0.002,0.0,,
HATS-22 b,HATS-22,TIC 14661418,0.759,0.019,-0.019,13.397,0.092,-0.092,10.942,0.019,-0.019,0.05025,0.00042,-0.00042,0.079,0.026,-0.026
HD 219134 b,HD 219134,TIC 283722336,0.81,0.03,-0.03,5.56911,0.023,-0.023,3.261,0.304,-0.304,0.03876,0.00047,-0.00047,0.0,,
K2-58 b,K2-58,TIC 437703489,0.89,0.08,-0.08,12.415,0.057,-0.057,10.215,0.021,-0.021,0.0692,0.0021,-0.0021,,,
HD 37124 c,HD 37124,TIC 19631691,0.85,,,7.68,0.03,-0.03,5.952,0.016,-0.016,1.71,0.0065,-0.0065,0.125,0.055,-0.055
tau Cet g,tau Cet,TIC 419015728,0.783,0.012,-0.012,3.49607,0.023,-0.023,1.794,0.274,-0.274,0.133,0.001,-0.002,0.06,0.13,-0.06
HD 34445 g,HD 34445,TIC 284907742,1.07,0.02,-0.02,7.31,0.03,-0.03,5.79,0.023,-0.023,6.36,1.02,-1.02,0.032,0.08,-0.032
NGTS-1 b,NGTS-1,TIC 192826603,0.617,0.023,-0.062,15.667,0.137,-0.137,11.936,0.027,-0.027,0.0326,0.0047,-0.0045,0.016,0.023,-0.012
HD 219134 c,HD 219134,TIC 283722336,0.81,0.03,-0.03,5.56911,0.023,-0.023,3.261,0.304,-0.304,0.0653,0.0008,-0.0008,0.062,0.039,-0.039
HD 219134 d,HD 219134,TIC 283722336,0.81,0.03,-0.03,5.56911,0.023,-0.023,3.261,0.304,-0.304,0.237,0.003,-0.003,0.138,0.025,-0.025
K2-59 c,K2-59,TIC 188570847,0.774,0.073,-0.073,14.266,0.114,-0.114,11.838,0.023,-0.023,0.0905,0.0028,-0.0028,,,
GJ 9827 d,GJ 9827,TIC 301289516,0.62,0.04,-0.04,10.37,0.03,-0.03,7.193,0.024,-0.024,0.053,0.003,-0.003,0.0,,
K2-108 b,K2-108,TIC 27635334,1.17,0.06,-0.06,12.339,0.092,-0.092,10.561,0.017,-0.017,0.0581,0.0009,-0.0009,0.18,0.042,-0.042
K2-132 b,K2-132,TIC 152852327,1.08,0.08,-0.08,12.071,0.069,-0.069,9.54,0.023,-0.023,0.0916,0.0006,-0.0006,0.29,0.049,-0.049
tau Cet e,tau Cet,TIC 419015728,0.783,0.012,-0.012,3.49607,0.023,-0.023,1.794,0.274,-0.274,0.538,0.06,-0.06,0.18,0.18,-0.14
tau Cet f,tau Cet,TIC 419015728,0.783,0.012,-0.012,3.49607,0.023,-0.023,1.794,0.274,-0.274,1.334,0.017,-0.044,0.16,0.07,-0.16
Kepler-1652 b,Kepler-1652,TIC 27187450,0.404,0.04,-0.047,16.86,1.133,-1.133,12.635,0.024,-0.024,0.1654,0.0042,-0.0075,0.0,,
Kepler-20 g,Kepler-20,TIC 158554588,0.948,0.051,-0.051,12.61,0.069,-0.069,10.871,0.013,-0.013,0.2055,0.0022,-0.0021,0.15,0.01,-0.1
NGC 2682 Sand 978 b,NGC 2682 Sand 978,TIC 437039060,1.37,0.02,-0.02,9.814,0.01,-0.01,6.494,0.021,-0.021,,,,0.16,0.07,-0.07
K2-98 b,K2-98,TIC 366410512,1.246,0.078,-0.11,12.216,0.057,-0.057,10.869,0.028,-0.028,0.0986,0.002,-0.0029,0.119,0.15,-0.083
KOI-351 c,KOI-351,TIC 267667295,1.2,0.1,-0.1,13.883,0.069,-0.069,12.482,0.024,-0.024,0.089,0.012,-0.012,0.0,,
K2-63 c,K2-63,TIC 437699592,1.4,0.25,-0.25,12.98,0.092,-0.092,11.274,0.022,-0.022,0.189,0.011,-0.011,,,
WASP-105 b,WASP-105,TIC 158623531,0.89,0.09,-0.09,12.049,0.057,-0.057,9.935,0.021,-0.021,0.075,0.003,-0.003,0.0,,
MOA-2012-BLG-006L b,MOA-2012-BLG-006L,,0.49,0.27,-0.23,,,,,,,10.2,1.8,-2.4,,,
OGLE-2014-BLG-1760L b,OGLE-2014-BLG-1760L,,0.51,0.44,-0.28,,,,,,,1.75,0.34,-0.33,,,
HD 9174 b,HD 9174,TIC 439501096,1.03,0.05,-0.05,8.4,0.03,-0.03,6.744,0.027,-0.027,2.2,0.09,-0.09,0.12,0.05,-0.05
GJ 3293 c,GJ 3293,TIC 178872239,0.42,,,11.945,0.037,-0.037,7.486,0.033,-0.033,0.36175,0.00048,-0.00047,0.11,0.1,-0.08
GJ 3293 b,GJ 3293,TIC 178872239,0.42,,,11.945,0.037,-0.037,7.486,0.033,-0.033,0.14339,3e-05,-3e-05,0.06,0.04,-0.04
Wolf 1061 b,Wolf 1061,TIC 413948621,0.294,,,10.1,0.1,-0.1,5.075,0.024,-0.024,0.0375,0.0012,-0.0013,0.15,0.13,-0.1
K2-64 b,K2-64,TIC 38129680,0.741,0.069,-0.069,14.132,0.092,-0.092,12.201,0.025,-0.025,0.0619,0.0019,-0.0019,,,
K2-65 b,K2-65,TIC 38200266,0.87,0.1,-0.1,10.71,0.03,-0.03,8.344,0.024,-0.024,0.1014,0.0039,-0.0039,,,
Kepler-1817 b,Kepler-1817,TIC 351804260,0.878,0.05,-0.041,15.346,0.057,-0.057,13.33,0.028,-0.028,0.2348,,,0.0,,
OGLE-2016-BLG-0263L b,OGLE-2016-BLG-0263L,,0.13,0.21,-0.08,,,,,,,5.4,1.1,-1.6,,,
HD 128356 b,HD 128356,TIC 1056530200,0.65,0.05,-0.05,8.2411,0.0459,-0.0459,5.997,0.024,,0.87,0.03,-0.03,0.57,0.08,-0.08
HD 147873 c,HD 147873,TIC 211080657,1.38,0.05,-0.05,7.96,0.03,-0.03,6.581,0.029,-0.029,1.36,0.05,-0.05,0.23,0.03,-0.03
Wolf 1061 c,Wolf 1061,TIC 413948621,0.294,,,10.1,0.1,-0.1,5.075,0.024,-0.024,0.089,0.0029,-0.0031,0.11,0.1,-0.07
K2-69 b,K2-69,TIC 39928614,0.551,0.071,-0.071,16.024,0.24,-0.24,11.766,0.024,-0.024,0.0591,0.0025,-0.0025,,,
K2-70 b,K2-70,TIC 250979498,0.94,0.1,-0.1,13.074,0.092,-0.092,10.853,0.021,-0.021,0.1112,0.004,-0.004,,,
GJ 625 b,GJ 625,TIC 207492082,0.3,0.07,-0.07,10.066,0.039,-0.039,5.833,0.024,-0.024,0.078361,4.4e-05,-4.6e-05,0.13,0.12,-0.09
HD 165155 b,HD 165155,TIC 408229533,1.02,0.05,-0.05,9.36,0.03,-0.03,7.584,0.02,-0.02,1.13,0.04,-0.04,0.2,0.03,-0.03
2MASS J22362452+4751425 b,2MASS J22362452+4751425,TIC 200532605,0.6,0.05,-0.05,12.368,0.057,-0.057,9.148,0.018,-0.018,230.0,20.0,-20.0,,,
GJ 3138 c,GJ 3138,TIC 632528291,0.681,,,10.8275,0.0459,-0.0459,7.246,0.016,,0.057,0.001,-0.001,0.11,0.11,-0.07
K2-277 b,K2-277,TIC 404421005,0.974,0.053,-0.058,10.364,0.008,-0.008,8.687,0.024,-0.024,0.0664,0.0012,-0.0013,0.52,0.24,-0.26
K2-110 b,K2-110,TIC 287333762,0.738,0.018,-0.018,11.985,0.046,-0.046,9.607,0.024,-0.024,0.10207,0.00083,-0.00083,0.13,,
K2-199 c,K2-199,TIC 2621212,0.711,0.022,-0.024,12.358,0.114,-0.114,9.625,0.019,-0.019,0.0662,0.0007,-0.0007,0.03,0.06,-0.03
K2-74 b,K2-74,TIC 251018878,0.96,0.03,-0.03,12.715,0.057,-0.057,11.068,0.019,-0.019,0.1402,0.0015,-0.0015,,,
K2-21 c,K2-21,TIC 240766850,0.676023,0.067602,-0.067602,12.851,0.057,-0.057,9.417,0.02,-0.02,0.107,0.003,-0.004,0.21,0.20677,-0.173719
HAT-P-22 b,HAT-P-22,TIC 252479260,1.13,0.22,-0.22,9.763,0.004,-0.004,7.837,0.021,-0.021,0.0414,0.0005,-0.0005,0.02,0.01,-0.01
HAT-P-24 b,HAT-P-24,TIC 440777904,1.37,0.69,-0.69,11.762,0.022,-0.022,10.543,0.02,-0.02,0.04651,0.00055,-0.00056,0.07,0.02,-0.02
HD 17092 b,HD 17092,TIC 302317605,6.73,2.24,-2.24,7.732,0.002,-0.002,4.807,0.016,-0.016,1.31,0.06,-0.06,0.17,0.05,-0.05
HD 171028 b,HD 171028,TIC 321030607,1.53,0.13,-0.13,8.292,0.002,-0.002,6.604,0.027,-0.027,1.32,0.03,-0.03,0.59,0.01,-0.01
HATS-52 b,HATS-52,TIC 19684256,1.111,0.054,-0.054,13.844,0.114,-0.114,12.114,0.03,-0.03,0.02498,0.0004,-0.0004,0.246,,
KELT-19 A b,KELT-19 A,TIC 425206121,1.62,0.25,-0.2,9.857,0.005,-0.005,9.196,0.023,-0.023,0.0637,0.0031,-0.0027,,,
K2-171 b,K2-171,TIC 206241306,0.891587,0.060192,-0.027038,12.745,0.092,-0.092,10.529,0.025,-0.025,,,,,,
K2-170 b,K2-170,TIC 188509935,0.963657,0.032012,-0.032447,12.668,0.114,-0.114,11.075,0.021,-0.021,,,,,,
HAT-P-30 b,HAT-P-30,TIC 455135327,1.55,0.51,-0.51,10.352,0.007,-0.007,9.151,0.023,-0.023,0.0419,0.00046,-0.00046,0.04,0.02,-0.02
HD 177830 b,HD 177830,TIC 265052133,1.7,0.28,-0.28,7.18,0.03,-0.03,4.809,0.027,-0.027,1.14,0.03,-0.03,0.1,0.05,-0.05
HD 181433 b,HD 181433,TIC 410399074,0.63,0.07,-0.07,8.4,0.03,-0.03,6.094,0.023,-0.023,0.08,0.0,0.0,0.4,0.06,-0.06
HD 238914 b,HD 238914,TIC 359558085,1.47,0.47,-0.47,8.770001,0.03,-0.03,6.325,0.034,-0.034,5.7,0.9,-0.9,0.56,0.07,-0.05
K2-190 b,K2-190,TIC 392469577,0.904597,0.032702,-0.036406,11.138,0.013,-0.013,9.41,0.023,-0.023,,,,,,
K2-172 b,K2-172,TIC 188507501,0.934356,0.025884,-0.026995,12.5,0.08,-0.08,10.661,0.019,-0.019,,,,,,
K2-191 b,K2-191,TIC 335102224,0.900994,0.025599,-0.027688,13.329,0.126,-0.126,11.077,0.023,-0.023,,,,,,
HAT-P-31 b,HAT-P-31,TIC 320798691,1.31,0.73,-0.73,11.667,0.015,-0.015,10.083,0.021,-0.021,0.061,0.0013,-0.0011,0.25,0.0,0.0
BD+48 740 b,BD+48 740,TIC 302070274,1.09,0.16,-0.16,8.69,0.03,-0.03,5.645,0.017,-0.017,1.7,0.1,-0.1,0.76,0.05,-0.09
K2-194 b,K2-194,TIC 706595,1.110086,0.046177,-0.034871,12.998,0.08,-0.08,11.57,0.021,-0.021,,,,,,
K2-200 b,K2-200,TIC 115072772,0.860208,0.022593,-0.027222,12.428,0.08,-0.08,10.375,0.021,-0.021,,,,,,
HAT-P-5 b,HAT-P-5,TIC 76419763,1.04,0.29,-0.29,11.954,0.029,-0.029,10.481,0.018,-0.018,0.04073,0.0005,-0.00093,0.0,,
HD 100655 b,HD 100655,TIC 156942082,2.28,0.69,-0.69,6.4421,0.023,-0.023,4.129,0.024,-0.024,0.68,0.04,-0.04,0.09,0.05,-0.05
HD 2039 b,HD 2039,TIC 281461362,1.23,0.19,-0.19,9.0,0.03,-0.03,7.549,0.026,-0.026,2.2,0.06,-0.06,0.71,0.05,-0.05
HD 20868 b,HD 20868,TIC 142851295,0.39,0.27,-0.27,9.92,0.03,-0.03,7.543,0.015,-0.015,0.95,0.02,-0.02,0.75,0.0,0.0
K2-149 b,K2-149,TIC 429035886,0.595,0.059,-0.059,14.543,0.176,-0.176,10.561,0.021,-0.021,0.083,0.0027,-0.0027,,,
K2-150 b,K2-150,TIC 376879419,0.457,0.051,-0.051,15.784,0.286,-0.286,11.249,0.023,-0.023,0.0727,0.0027,-0.0027,,,
K2-179 b,K2-179,TIC 14078624,0.824345,0.02188,-0.026827,12.939,0.103,-0.103,10.555,0.019,-0.019,,,,,,
K2-173 b,K2-173,TIC 242993844,0.881538,0.033961,-0.036079,12.523,0.046,-0.046,10.299,0.017,-0.017,,,,,,
HD 215152 b,HD 215152,TIC 251042502,0.77,0.015,-0.015,8.11,0.03,-0.03,5.775,0.026,-0.026,0.057638,0.000739,-0.000759,0.0,,
HD 101930 b,HD 101930,TIC 267399515,0.57,0.07,-0.07,8.21,0.03,-0.03,6.147,0.026,-0.026,0.3,0.01,-0.01,0.11,0.02,-0.02
K2-161 b,K2-161,TIC 349445839,0.986876,0.082131,-0.060459,12.718,0.08,-0.08,10.261,0.024,-0.024,,,,,,
HD 215152 c,HD 215152,TIC 251042502,0.77,0.015,-0.015,8.11,0.03,-0.03,5.775,0.026,-0.026,0.067393,0.00086,-0.000893,0.0,,
HD 215152 d,HD 215152,TIC 251042502,0.77,0.015,-0.015,8.11,0.03,-0.03,5.775,0.026,-0.026,0.08799,0.00113,-0.00116,0.0,,
Wolf 503 b,Wolf 503,TIC 187278212,0.688,0.023,-0.016,10.27,0.03,-0.03,7.617,0.023,-0.023,0.05706,0.00055,-0.00055,0.41,0.05,-0.05
HD 103197 b,HD 103197,TIC 400806831,0.8,0.28,-0.28,9.4,0.03,-0.03,7.426,0.027,-0.027,0.25,0.0,0.0,0.0,,
HD 216770 b,HD 216770,TIC 47526465,0.74,0.07,-0.07,8.11,0.03,-0.03,6.311,0.021,-0.021,0.46,0.01,-0.01,0.37,0.06,-0.06
HD 218566 b,HD 218566,TIC 278952345,0.76,0.32,-0.32,8.6,0.005,-0.005,6.223,0.02,-0.02,0.69,0.01,-0.01,0.3,0.1,-0.1
K2-165 b,K2-165,TIC 149969625,0.834847,0.030908,-0.030246,11.332,0.027,-0.027,9.536,0.016,-0.016,,,,,,
K2-165 c,K2-165,TIC 149969625,0.834847,0.030908,-0.030246,11.332,0.027,-0.027,9.536,0.016,-0.016,,,,,,
Kepler-1654 b,Kepler-1654,TIC 123417316,1.011,0.056,-0.052,13.497,0.103,-0.103,11.922,0.016,-0.016,2.026,0.037,-0.035,0.26,0.21,-0.11
HD 114386 b,HD 114386,TIC 124306858,0.6,0.09,-0.09,8.73,0.03,-0.03,6.351,0.018,-0.018,1.73,0.03,-0.03,0.23,0.03,-0.03
K2-176 b,K2-176,TIC 440724456,0.938545,0.019918,-0.024528,12.909,0.069,-0.069,10.726,0.02,-0.02,,,,,,
MOA-2010-BLG-117L b,MOA-2010-BLG-117L,,0.58,0.11,-0.11,24.3,1.5,-1.7,18.3,0.6,-0.8,2.42,0.26,-0.26,,,
K2-232 b,K2-232,TIC 68577662,1.188,0.028,-0.026,9.822,0.005,-0.005,8.434,0.017,-0.017,0.10356,0.00081,-0.00077,0.258,0.025,-0.025
HD 116029 b,HD 116029,TIC 305837711,0.83,0.24,-0.24,7.88,0.03,-0.03,5.534,0.016,-0.016,1.65,0.05,-0.05,0.0,,
HD 125595 b,HD 125595,TIC 180030300,0.29,0.25,-0.25,9.03,0.03,-0.03,6.447,0.023,-0.023,0.08,0.0,0.0,0.0,,
K2-177 b,K2-177,TIC 114031109,1.210525,0.031808,-0.037544,12.681,0.046,-0.046,10.593,0.02,-0.02,,,,,,
K2-186 b,K2-186,TIC 203228393,1.018617,0.022671,-0.027107,12.413,0.114,-0.114,10.774,0.021,-0.021,,,,,,
K2-231 b,K2-231,TIC 130538732,1.01,0.03,-0.03,12.768,0.103,-0.103,10.859,0.023,-0.023,,,,,,
HATS-39 b,HATS-39,TIC 112604564,1.379,0.04,-0.04,12.745,0.057,-0.057,11.518,0.023,-0.023,0.06007,0.00058,-0.00058,0.275,,
HD 13189 b,HD 13189,TIC 63564248,2.24,0.88,-0.88,7.57,0.03,-0.03,3.997,0.026,-0.026,1.25,0.08,-0.08,0.27,0.06,-0.06
HD 12661 b,HD 12661,TIC 118268680,1.2,0.1,-0.1,7.43,0.03,-0.03,5.861,0.024,-0.024,0.84,0.02,-0.02,0.38,0.01,-0.01
HD 31253 b,HD 31253,TIC 436700755,1.7,0.25,-0.25,7.13266,0.023,-0.023,5.792,0.017,-0.017,1.26,0.02,-0.02,0.3,0.2,-0.2
HD 34445 b,HD 34445,TIC 284907742,1.14,0.09,-0.09,7.31,0.03,-0.03,5.79,0.023,-0.023,2.07,0.04,-0.04,0.27,0.07,-0.07
K2-190 c,K2-190,TIC 392469577,0.904597,0.032702,-0.036406,11.138,0.013,-0.013,9.41,0.023,-0.023,,,,,,
K2-195 c,K2-195,TIC 178941218,0.963364,0.028483,-0.031563,12.524,0.046,-0.046,10.876,0.023,-0.023,,,,,,
HATS-41 b,HATS-41,TIC 53750200,1.496,0.115,-0.078,12.678,0.069,-0.069,11.498,0.023,-0.023,0.0583,0.0015,-0.001,0.38,0.11,-0.11
HD 137388 b,HD 137388,TIC 407090552,0.68,0.05,-0.05,8.71,0.03,-0.03,6.763,0.023,-0.023,0.89,0.02,-0.02,0.36,0.12,-0.12
HD 141937 b,HD 141937,TIC 437430894,1.09,0.05,-0.05,7.25,0.03,-0.03,5.764,0.016,-0.016,1.5,0.03,-0.03,0.41,0.01,-0.01
HD 222582 b,HD 222582,TIC 9005067,1.12,0.06,-0.06,7.68,0.03,-0.03,6.173,0.023,-0.023,1.34,0.02,-0.02,0.73,0.01,-0.01
HD 240237 b,HD 240237,TIC 323919676,8.76,4.21,-4.21,8.19,0.03,-0.03,4.319,0.318,-0.318,1.92,0.16,-0.16,0.4,0.1,-0.1
K2-201 b,K2-201,TIC 125060509,0.956055,0.019958,-0.021357,12.168,0.057,-0.057,10.198,0.024,-0.024,,,,,,
K2-196 b,K2-196,TIC 178954837,1.162095,0.074983,-0.04503,12.241,0.069,-0.069,10.617,0.019,-0.019,,,,,,
HD 142022 A b,HD 142022 A,TIC 290493086,0.9,0.05,-0.05,7.7,0.03,-0.03,5.964,0.027,-0.027,2.93,0.07,-0.07,0.53,0.2,-0.2
HD 142415 b,HD 142415,TIC 342041655,1.07,0.1,-0.1,7.33,0.03,-0.03,5.892,0.023,-0.023,1.06,0.02,-0.02,0.5,,
Ross 128 b,Ross 128,TIC 325275315,0.168,0.017,-0.017,11.12,0.1,-0.1,5.654,0.024,-0.024,0.0496,0.0017,-0.0017,0.116,0.097,-0.097
K2-205 b,K2-205,TIC 344661825,0.951027,0.038002,-0.036122,12.45,0.08,-0.08,10.879,0.021,-0.021,,,,,,
K2-202 b,K2-202,TIC 441907126,0.971461,0.029778,-0.027877,13.354,0.103,-0.103,11.046,0.021,-0.021,,,,,,
K2-206 b,K2-206,TIC 257392778,0.789481,0.030025,-0.028406,13.084,0.092,-0.092,10.918,0.021,-0.021,,,,,,
K2-155 c,K2-155,TIC 17307715,0.65,0.06,-0.03,12.773,0.114,-0.114,9.496,0.017,-0.017,0.0946,0.0031,-0.003,,,
HD 145377 b,HD 145377,TIC 68165288,1.2,0.14,-0.14,9.236,0.046,-0.046,6.706,0.018,-0.018,0.45,0.01,-0.01,0.31,0.02,-0.02
HD 149026 b,HD 149026,TIC 255930614,1.42,0.33,-0.33,8.15,0.03,-0.03,6.819,0.017,-0.017,0.04364,0.00022,-0.00022,0.0,,
OGLE-2016-BLG-1190L b,OGLE-2016-BLG-1190L,,0.88,0.06,-0.05,,,,,,,2.17,1.87,-0.38,0.42,0.13,-0.23
HD 113996 b,HD 113996,TIC 328997091,1.49,0.18,-0.18,4.77044,0.023,-0.023,1.493,0.178,-0.178,1.6,0.1,-0.1,0.28,0.12,-0.12
K2-209 b,K2-209,TIC 257436461,0.74479,0.025614,-0.024071,11.061,0.039,-0.039,8.613,0.023,-0.023,,,,,,
K2-213 b,K2-213,TIC 257435562,1.069596,0.055343,-0.038464,11.803,0.032,-0.032,10.656,0.021,-0.021,,,,,,
OGLE-2017-BLG-0373L b,OGLE-2017-BLG-0373L,,0.248,0.274,-0.133,,,,,,,2.424,0.757,-0.783,,,
11 UMi b,11 UMi,TIC 230061010,2.78,0.69,-0.69,5.013,0.005,-0.005,1.939,0.27,-0.27,1.53,0.07,-0.07,0.08,0.03,-0.03
HD 153950 b,HD 153950,TIC 124165580,1.25,0.18,-0.18,7.39,0.03,-0.03,6.006,0.017,-0.017,1.28,0.02,-0.02,0.34,0.02,-0.02
HD 154345 b,HD 154345,TIC 198562505,0.71,0.07,-0.07,6.76,0.012,-0.012,5.003,0.017,-0.017,4.21,0.1,-0.1,0.04,0.05,-0.05
CoRoT-9 b,CoRoT-9,TIC 130162252,0.96,0.04,-0.04,13.637,0.137,-0.137,11.688,0.023,-0.023,0.4021,0.0054,-0.0054,0.133,0.042,-0.037
K2-215 b,K2-215,TIC 376905329,0.999987,0.026234,-0.026878,12.99,0.069,-0.069,11.298,0.02,-0.02,,,,,,
16 Cyg B b,16 Cyg B,TIC 27533327,1.08,0.04,-0.04,6.215,0.016,-0.016,4.651,0.016,-0.016,1.66,0.03,-0.03,0.68,0.02,-0.02
BD-08 2823 b,BD-08 2823,TIC 33355302,0.5,0.26,-0.26,9.86,0.03,-0.03,7.323,0.021,-0.021,0.06,0.0,0.0,0.15,0.15,-0.15
HD 154857 b,HD 154857,TIC 173552927,1.96,0.12,-0.12,7.24,0.03,-0.03,5.509,0.018,-0.018,1.29,0.02,-0.02,0.46,0.02,-0.02
HD 156846 b,HD 156846,TIC 75673519,1.38,0.14,-0.14,6.5,0.03,-0.03,5.149,0.017,-0.017,1.12,0.02,-0.02,0.85,0.0,0.0
WASP-147 b,WASP-147,TIC 114749636,1.044,0.07,-0.073,12.681,0.039,-0.039,10.857,0.025,-0.025,0.0549,0.0012,-0.0013,0.0,,
K2-222 b,K2-222,TIC 257774438,0.989,0.07,-0.065,9.543,0.004,-0.004,8.105,0.017,-0.017,0.1206,0.0029,-0.0029,0.16,,
K2-219 b,K2-219,TIC 266014079,1.021545,0.033902,-0.029772,12.09,0.034,-0.034,10.424,0.021,-0.021,,,,,,
K2-219 d,K2-219,TIC 266014079,1.021545,0.033902,-0.029772,12.09,0.034,-0.034,10.424,0.021,-0.021,,,,,,
BD+14 4559 b,BD+14 4559,TIC 230183006,0.49,0.33,-0.33,9.78,0.03,-0.03,7.336,0.023,-0.023,0.78,0.05,-0.05,0.29,0.03,-0.03
BD-10 3166 b,BD-10 3166,TIC 148563075,1.47,0.24,-0.24,10.013,0.007,-0.007,8.124,0.026,-0.026,0.04,0.0,0.0,0.02,0.02,-0.02
GJ 3942 b,GJ 3942,TIC 162494287,0.63,0.07,-0.07,10.166,0.035,-0.035,6.331,0.018,-0.018,0.0608,0.0068,-0.0068,0.121,0.118,-0.118
K2-221 b,K2-221,TIC 257801011,1.010842,0.024045,-0.024502,12.571,0.069,-0.069,10.852,0.023,-0.023,,,,,,
HAT-P-15 b,HAT-P-15,TIC 353459965,1.0,0.23,-0.23,12.41,0.036,-0.036,9.641,0.019,-0.019,0.0965,0.0013,-0.0014,0.19,0.02,-0.02
HAT-P-17 b,HAT-P-17,TIC 266593143,0.99,0.15,-0.15,10.375,0.005,-0.005,8.544,0.025,-0.025,0.0882,0.0013,-0.0014,0.35,0.01,-0.01
HD 168746 b,HD 168746,TIC 18097734,1.07,0.06,-0.06,7.95,0.03,-0.03,6.253,0.024,-0.024,0.07,0.0,0.0,0.11,0.08,-0.08
HD 162020 b,HD 162020,TIC 367987991,0.42,0.18,-0.18,9.1,0.03,-0.03,6.539,0.024,-0.024,0.08,0.0,0.0,0.28,0.0,0.0
TOI-178 b,TOI-178,TIC 251848941,0.65,0.027,-0.029,11.955,0.035,-0.035,8.656,0.021,-0.021,0.02607,0.00078,-0.00078,,,
K2-329 b,K2-329,TIC 301258470,0.901,0.048,-0.049,12.697,0.08,-0.08,10.668,0.023,-0.023,0.1016,0.0018,-0.0019,0.0697,0.041,-0.04
HATS-51 b,HATS-51,TIC 53458803,1.187,0.06,-0.06,12.525,0.08,-0.08,10.867,0.021,-0.021,0.04639,0.00077,-0.00077,0.33,,
K2-158 b,K2-158,TIC 35021200,0.92,0.03,-0.02,11.774,0.024,-0.024,9.974,0.021,-0.021,0.0887,0.0008,-0.0008,,,
K2-266 b,K2-266,TIC 374180079,0.686,0.033,-0.033,11.625,0.046,-0.046,8.897,0.023,-0.023,0.01306,0.0002,-0.00021,,,
K2-266 c,K2-266,TIC 374180079,0.686,0.033,-0.033,11.625,0.046,-0.046,8.897,0.023,-0.023,0.0679,0.0011,-0.0011,0.042,0.043,-0.03
TrES-1 b,TrES-1,TIC 120757718,1.04,0.19,-0.19,11.424,0.019,-0.019,9.819,0.019,-0.019,0.03925,0.00056,-0.0006,0.0,,
WASP-95 b,WASP-95,TIC 144065872,1.46,0.42,-0.42,10.092,0.004,-0.004,8.564,0.025,-0.025,0.03416,0.00083,-0.00083,0.0,,
K2-159 b,K2-159,TIC 35064295,0.9,0.02,-0.03,11.995,0.029,-0.029,9.978,0.021,-0.021,0.1013,0.0008,-0.0009,,,
K2-266 d,K2-266,TIC 374180079,0.686,0.033,-0.033,11.625,0.046,-0.046,8.897,0.023,-0.023,0.1035,0.0016,-0.0017,0.047,0.043,-0.032
K2-266 e,K2-266,TIC 374180079,0.686,0.033,-0.033,11.625,0.046,-0.046,8.897,0.023,-0.023,0.1249,0.0019,-0.002,0.043,0.036,-0.03
WASP-101 b,WASP-101,TIC 47911178,1.41,0.3,-0.3,10.336,0.004,-0.004,9.075,0.025,-0.025,0.05057,0.00085,-0.0009,0.0,,
HD 285507 b,HD 285507,TIC 389018596,0.82,0.12,-0.12,10.49,0.03,-0.03,7.665,0.026,-0.026,0.06,0.0,0.0,0.09,0.02,-0.02
K2-224 c,K2-224,TIC 32425577,0.91,0.02,-0.02,12.7,0.08,-0.08,10.94,0.019,-0.019,0.0886,0.0007,-0.0007,,,
K2-224 b,K2-224,TIC 32425577,0.91,0.02,-0.02,12.7,0.08,-0.08,10.94,0.019,-0.019,0.0516,0.0004,-0.0004,,,
K2-228 b,K2-228,TIC 98751904,0.71,0.02,-0.02,13.028,0.092,-0.092,10.324,0.024,-0.024,0.0338,0.0003,-0.0003,,,
WASP-117 b,WASP-117,TIC 166739520,1.29,0.3,-0.3,10.139,0.005,-0.005,8.78,0.021,-0.021,0.09459,0.00084,-0.00079,0.3,0.02,-0.02
Kepler-297 d,Kepler-297,TIC 48304302,0.846,0.059,-0.049,14.326,0.16,-0.16,12.78,0.031,-0.031,0.523,,,0.0,,
Kepler-26 d,Kepler-26,TIC 164833065,0.593,0.016,-0.016,15.853,0.035,-0.035,12.63,0.026,-0.026,0.039,,,0.0,,
Kepler-278 c,Kepler-278,TIC 122225232,1.227,0.061,-0.061,11.811,0.024,-0.024,9.465,0.018,-0.018,0.287,0.007,-0.007,0.616,0.015,-0.023
K2-216 b,K2-216,TIC 418761354,0.7,0.03,-0.03,12.403,0.103,-0.103,9.721,0.018,-0.018,0.028,0.003,-0.007,0.0,,
K2-151 b,K2-151,TIC 376936928,0.47,0.01,-0.01,14.175,0.067,-0.067,10.117,0.021,-0.021,0.0373,0.0002,-0.0002,,,
WASP-32 b,WASP-32,TIC 427332229,0.72,0.34,-0.34,11.257,0.017,-0.017,10.161,0.023,-0.023,0.0394,0.0003,-0.0003,0.0,,
HD 95127 b,HD 95127,TIC 252794572,3.7,4.16,-4.16,8.15,0.03,-0.03,5.022,0.018,-0.018,1.28,0.08,-0.08,0.11,0.1,-0.1
HD 216536 b,HD 216536,TIC 154487334,0.81,0.44,-0.44,9.229,0.003,-0.003,6.496,0.018,-0.018,0.61,0.06,-0.06,0.38,0.11,-0.11
K2-259 b,K2-259,TIC 377259959,1.14,0.03,-0.03,12.511,0.114,-0.114,11.115,0.026,-0.026,0.1271,0.001,-0.0011,,,
K2-283 b,K2-283,TIC 266017624,0.89,0.03,-0.03,14.364,0.092,-0.092,11.983,0.023,-0.023,0.0291,0.0003,-0.0003,,,
WASP-35 b,WASP-35,TIC 43647325,1.05,0.19,-0.19,10.939,0.011,-0.011,9.525,0.021,-0.021,0.04317,0.00033,-0.00033,0.0,,
WASP-34 b,WASP-34,TIC 437242640,0.96,0.45,-0.45,10.285,0.009,-0.009,8.792,0.021,-0.021,0.0524,0.0004,-0.0004,0.04,0.01,-0.01
K2-153 b,K2-153,TIC 397056271,0.55,0.01,-0.01,14.96,0.045,-0.045,11.207,0.023,-0.023,0.0614,0.0004,-0.0004,,,
K2-188 b,K2-188,TIC 175236511,1.06,0.03,-0.03,12.657,0.092,-0.092,11.149,0.022,-0.022,0.0289,0.0003,-0.0003,,,
KELT-8 b,KELT-8,TIC 358516596,0.81,0.21,-0.21,10.845,0.006,-0.006,9.177,0.021,-0.021,0.0455,0.00083,-0.00088,0.04,0.05,-0.05
HAT-P-56 b,HAT-P-56,TIC 84339983,1.42,0.33,-0.33,10.92,0.03,-0.03,9.83,0.016,-0.016,0.0423,0.00039,-0.00039,0.29,,
K2-154 c,K2-154,TIC 175371068,0.65,0.02,-0.01,13.861,0.126,-0.126,10.368,0.019,-0.019,0.0677,0.0005,-0.0005,,,
K2-269 b,K2-269,TIC 21339280,1.16,0.04,-0.04,11.784,0.028,-0.028,10.212,0.022,-0.022,0.0531,0.0006,-0.0006,,,
XO-1 b,XO-1,TIC 236312126,0.88,0.19,-0.19,11.251,0.008,-0.008,9.527,0.015,-0.015,0.0488,0.0005,-0.0005,0.0,,
Gaia-1 b,Gaia-1,TIC 11755687,0.949,0.066,-0.066,13.242,0.092,-0.092,11.269,0.021,-0.021,0.04047,0.00094,-0.00094,,,
TOI-1346 b,TOI-1346,TIC 219852882,0.82,0.1,-0.1,11.693,0.023,-0.023,9.383,0.02,-0.02,,,,,,
HD 24064 b,HD 24064,TIC 102987456,1.61,0.53,-0.53,6.74616,0.023,-0.023,3.13,0.394,-0.394,1.29,0.04,-0.04,0.35,0.08,-0.08
8 UMi b,8 UMi,TIC 257005016,1.44,0.19,-0.19,6.83295,0.023,-0.023,4.515,0.02,-0.02,0.49,0.02,-0.02,0.06,0.09,-0.09
K2-243 b,K2-243,TIC 96199085,1.29,0.04,-0.06,10.971,0.012,-0.012,9.591,0.021,-0.021,0.1087,0.0014,-0.0014,,,
K2-107 b,K2-107,TIC 414843476,1.3,0.05,-0.05,13.012,0.103,-0.103,11.21,0.021,-0.021,0.0475,0.0006,-0.0006,0.0,,
HD 38283 b,HD 38283,TIC 141411201,1.37,0.07,-0.07,6.69,0.03,-0.03,5.267,0.026,-0.026,1.02,0.02,-0.02,0.41,0.16,-0.16
WASP-78 b,WASP-78,TIC 139528693,1.87,1.36,-1.36,11.965,0.022,-0.022,11.008,0.023,-0.023,0.03488,0.0007,-0.00076,0.0,,
K2-243 c,K2-243,TIC 96199085,1.29,0.04,-0.06,10.971,0.012,-0.012,9.591,0.021,-0.021,0.1817,0.0022,-0.0024,,,
K2-389 b,K2-389,TIC 9030096,0.99,0.05,-0.05,11.827,0.046,-0.046,10.184,0.024,-0.024,,,,,,
Pr0201 b,Pr0201,TIC 175290574,1.24,0.39,-0.39,10.445,0.008,-0.008,9.142,0.018,-0.018,0.06,0.0,0.0,0.0,,
HAT-P-40 b,HAT-P-40,TIC 199671901,1.03,0.4,-0.4,11.34,0.014,-0.014,10.009,0.018,-0.018,0.0608,0.0006,-0.0015,0.0,,
BD+20 594 b,BD+20 594,TIC 26123781,1.67,0.4,-0.4,10.849,0.012,-0.012,9.368,0.018,-0.018,0.241,0.019,-0.017,0.0,,
TOI-2322 b,TOI-2322,TIC 300812741,0.703,0.014,-0.017,10.912,0.017,-0.017,8.369,0.021,-0.021,0.0924,0.0061,-0.0097,0.0,,
K2-248 b,K2-248,TIC 176869982,0.88,0.04,-0.03,13.497,0.114,-0.114,11.643,0.026,-0.026,0.0699,0.001,-0.001,,,
WASP-68 b,WASP-68,TIC 71841620,1.49,0.53,-0.53,10.674,0.008,-0.008,8.948,0.022,-0.022,0.06206,0.00045,-0.0004,0.0,,
WASP-157 b,WASP-157,TIC 179012583,1.06,0.04,-0.04,12.397,0.092,-0.092,10.764,0.023,-0.023,0.0499,0.0006,-0.0006,0.0,,
WASP-49 b,WASP-49,TIC 306362738,0.92,0.3,-0.3,11.352,0.011,-0.011,9.749,0.021,-0.021,0.0379,0.001,-0.0011,0.0,,
HATS-43 b,HATS-43,TIC 78055054,0.837,0.023,-0.023,13.562,0.057,-0.057,11.556,0.023,-0.023,0.04944,0.00046,-0.00046,0.173,0.089,-0.089
HATS-44 b,HATS-44,TIC 32499655,0.86,0.021,-0.021,14.397,0.103,-0.103,12.188,0.03,-0.03,0.03649,0.0003,-0.0003,0.279,,
K2-249 b,K2-249,TIC 176910179,1.32,0.09,-0.12,12.646,0.08,-0.08,10.883,0.021,-0.021,0.1151,0.003,-0.0031,,,
HD 47186 b,HD 47186,TIC 101145648,0.96,0.05,-0.05,7.63,0.03,-0.03,6.005,0.027,-0.027,0.05,0.0,0.0,0.04,0.02,-0.02
HD 63454 b,HD 63454,TIC 278380701,0.42,0.03,-0.03,9.37,0.03,-0.03,6.998,0.027,-0.027,0.04,0.0,0.0,0.0,,
HATS-46 b,HATS-46,TIC 281541555,0.917,0.027,-0.027,13.783,0.126,-0.126,11.965,0.024,-0.024,0.05367,0.00053,-0.00053,0.559,,
K2-252 b,K2-252,TIC 152868838,0.79,0.02,-0.01,12.93,0.137,-0.137,10.683,0.021,-0.021,0.1041,0.0008,-0.0007,,,
HD 6434 b,HD 6434,TIC 180871947,1.1,0.13,-0.13,7.72,0.03,-0.03,6.187,0.026,-0.026,0.14,0.0,0.0,0.17,0.03,-0.03
WASP-56 b,WASP-56,TIC 347329162,0.71,0.21,-0.21,12.091,0.034,-0.034,10.532,0.019,-0.019,0.05614,0.0004,-0.00041,0.0,,
K2-239 b,K2-239,TIC 374339566,0.4,0.01,-0.01,14.632,0.126,-0.126,9.971,0.021,-0.021,0.0441,0.0008,-0.0008,,,
K2-255 b,K2-255,TIC 51664268,0.71,0.03,-0.03,13.662,0.114,-0.114,10.827,0.025,-0.025,0.0274,0.0003,-0.0003,,,
K2-254 c,K2-254,TIC 147683165,0.71,0.02,-0.03,14.238,0.137,-0.137,11.296,0.021,-0.021,0.0923,0.001,-0.001,,,
K2-257 b,K2-257,TIC 130640162,0.52,0.01,-0.01,13.716,0.03,-0.03,9.661,0.019,-0.019,0.0216,0.0002,-0.0002,,,
WASP-58 b,WASP-58,TIC 424435940,1.06,0.47,-0.47,11.652,0.017,-0.017,10.285,0.02,-0.02,0.0562,0.0019,-0.002,0.0,,
K2-239 d,K2-239,TIC 374339566,0.4,0.01,-0.01,14.632,0.126,-0.126,9.971,0.021,-0.021,0.0685,0.0012,-0.0012,,,
K2-239 c,K2-239,TIC 374339566,0.4,0.01,-0.01,14.632,0.126,-0.126,9.971,0.021,-0.021,0.0576,0.0009,-0.0009,,,
K2-240 b,K2-240,TIC 432247315,0.58,0.01,-0.01,13.372,0.022,-0.022,9.56,0.023,-0.023,0.0513,0.0009,-0.0009,,,
K2-258 b,K2-258,TIC 130634730,1.21,0.05,-0.08,13.361,0.08,-0.08,11.782,0.021,-0.021,0.149,0.0025,-0.0026,,,
CoRoT-20 b,CoRoT-20,TIC 234825296,1.14,0.08,-0.08,14.63,0.092,-0.092,12.513,0.029,-0.029,0.09,0.002,-0.002,0.59,0.02,-0.02
HD 82886 b,HD 82886,TIC 8915600,2.53,0.46,-0.46,7.62,0.03,-0.03,5.452,0.018,-0.018,1.58,0.08,-0.08,0.07,0.17,-0.17
HD 8574 b,HD 8574,TIC 18121498,1.34,0.12,-0.12,7.12,0.03,-0.03,5.784,0.023,-0.023,0.76,0.01,-0.01,0.3,0.03,-0.03
WASP-71 b,WASP-71,TIC 422655579,0.76,0.27,-0.27,10.56,0.012,-0.012,9.32,0.023,-0.023,0.04622,0.00068,-0.00069,0.0,,
HD 222155 b,HD 222155,TIC 26370518,1.21,0.1,-0.1,7.11716,0.023,-0.023,5.51,0.023,-0.023,5.14,0.46,-0.46,0.16,0.22,-0.22
K2-240 c,K2-240,TIC 432247315,0.58,0.01,-0.01,13.372,0.022,-0.022,9.56,0.023,-0.023,0.1159,0.002,-0.002,,,
CoRoT-20 c,CoRoT-20,TIC 234825296,1.14,0.08,-0.08,14.63,0.092,-0.092,12.513,0.029,-0.029,2.9,0.07,-0.07,0.6,0.03,-0.03
HD 89345 b,HD 89345,TIC 350020859,1.157,0.04,-0.045,9.38,0.03,-0.03,7.721,0.018,-0.018,0.1066,0.0012,-0.0014,0.22,0.095,-0.13
OGLE-2014-BLG-1722L c,OGLE-2014-BLG-1722L,,0.4,0.36,-0.24,,,,,,,1.7,0.7,-0.6,,,
K2-238 b,K2-238,TIC 404243877,1.19,0.08,-0.08,13.973,0.126,-0.126,12.032,0.033,-0.033,0.046,0.007,-0.006,0.0,,
NGTS-2 b,NGTS-2,TIC 125739286,1.64,0.19,-0.22,10.789,0.009,-0.009,9.799,0.023,-0.023,0.063,0.0024,-0.003,0.0,,
EPIC 246851721 b,EPIC 246851721,TIC 411839167,1.317,0.041,-0.04,11.237,0.02,-0.02,9.893,0.018,-0.018,0.07229,0.00074,-0.00075,,,
HR 810 b,HR 810,TIC 166853853,1.34,0.13,-0.13,5.4,0.03,-0.03,4.138,0.036,-0.036,0.92,0.02,-0.02,0.14,0.13,-0.13
HIP 12961 b,HIP 12961,TIC 204614039,0.69,0.19,-0.19,10.25,0.03,-0.03,6.736,0.018,-0.018,0.25,0.01,-0.01,0.17,0.03,-0.03
NGC 2682 Sand 364 b,NGC 2682 Sand 364,TIC 437030651,9.06,16.45,-16.45,9.616,0.018,-0.018,6.693,9.995,-9.995,0.53,0.01,-0.01,0.35,0.08,-0.08
HATS-67 b,HATS-67,TIC 272212970,1.435,0.021,-0.021,13.698,0.114,-0.114,12.327,0.026,-0.026,0.03032,0.00015,-0.00015,0.057,,
HATS-68 b,HATS-68,TIC 322307342,1.351,0.014,-0.014,12.312,0.046,-0.046,10.949,0.019,-0.019,0.05071,0.00018,-0.00018,0.036,,
KMT-2016-BLG-1107L b,KMT-2016-BLG-1107L,,0.087,0.092,-0.049,,,,,,,0.342,0.07,-0.085,,,
WASP-162 b,WASP-162,TIC 308098254,0.95,0.04,-0.04,12.213,0.092,-0.092,10.466,0.021,-0.021,0.0871,0.0013,-0.0013,0.434,0.005,-0.005
WASP-168 b,WASP-168,TIC 232038798,1.08,0.05,-0.05,12.124,0.026,-0.026,10.443,0.026,-0.026,0.0519,0.0008,-0.0008,0.0,,
HD 28678 b,HD 28678,TIC 449145115,1.53,,,8.38,0.03,-0.03,5.775,0.023,-0.023,1.18,0.2,-0.2,0.149,0.047,-0.047
HD 30856 b,HD 30856,TIC 612908,1.17,,,7.91,0.03,-0.03,5.657,0.026,-0.026,1.85,0.13,-0.13,0.061,0.058,-0.058
HATS-69 b,HATS-69,TIC 467971286,0.892,0.011,-0.016,14.074,0.126,-0.126,11.875,0.023,-0.023,0.03211,0.00014,-0.00019,0.519,,
HD 202696 b,HD 202696,TIC 25346878,1.91,0.09,-0.14,8.23,0.03,-0.03,5.877,0.02,-0.02,1.566,0.016,-0.007,0.011,0.078,-0.011
HD 1397 b,HD 1397,TIC 394137592,1.324,0.042,-0.046,7.79,0.03,-0.03,5.988,0.018,-0.018,0.1097,0.0011,-0.0013,0.251,0.02,-0.019
TOI-6330 b,TOI-6330,TIC 308120029,0.531,0.021,-0.021,16.33,0.2,-0.2,11.513,0.023,-0.023,0.05763,0.00073,-0.00077,0.34,0.01,-0.01
OGLE-2011-BLG-0173L b,OGLE-2011-BLG-0173L,,0.41,0.3,-0.21,,,,,,,8.0,,,,,
HD 5319 b,HD 5319,TIC 344627954,1.27,,,8.05,0.03,-0.03,5.699,0.02,-0.02,1.57,0.11,-0.11,0.092,0.025,-0.025
HD 73534 b,HD 73534,TIC 21285884,1.16,,,8.23,0.03,-0.03,5.962,0.026,-0.026,2.99,0.15,-0.15,0.126,0.057,-0.057
HD 202696 c,HD 202696,TIC 25346878,1.91,0.09,-0.14,8.23,0.03,-0.03,5.877,0.02,-0.02,2.342,0.034,-0.035,0.028,0.065,-0.012
WASP-190 b,WASP-190,TIC 116156517,1.35,0.05,-0.05,11.645,0.014,-0.014,10.65,0.024,-0.024,0.0663,0.0008,-0.0008,0.0,,
K2-3 b,K2-3,TIC 173103335,0.549,0.029,-0.027,12.168,0.009,-0.009,8.561,0.023,-0.023,0.0747,0.0013,-0.0012,0.107,0.057,-0.059
HD 96167 b,HD 96167,TIC 286277386,1.27,,,8.09,0.03,-0.03,6.554,0.036,-0.036,1.332,0.098,-0.098,0.685,0.029,-0.029
HAT-P-25 b,HAT-P-25,TIC 35022727,1.012,0.053,-0.051,13.146,0.092,-0.092,10.815,0.018,-0.018,0.0466,0.00081,-0.0008,0.023,0.022,-0.014
KMT-2017-BLG-1038L b,KMT-2017-BLG-1038L,,0.37,0.36,-0.2,,,,,,,1.8,0.6,-0.5,,,
KMT-2017-BLG-1146L b,KMT-2017-BLG-1146L,,0.33,0.36,-0.2,,,,,,,1.6,0.6,-0.6,,,
WASP-165 b,WASP-165,TIC 228381868,1.248,0.072,-0.07,12.816,0.103,-0.103,11.024,0.023,-0.023,0.04823,0.00091,-0.00092,0.0,,
HD 159868 c,HD 159868,TIC 248320609,1.19,,,7.24,0.03,-0.03,5.535,0.024,-0.024,1.032,0.064,-0.064,0.184,0.037,-0.037
K2-290 c,K2-290,TIC 70803960,1.194,0.067,-0.077,11.114,0.013,-0.013,9.42,0.019,-0.019,0.305,0.017,-0.017,0.0,,
K2-229 c,K2-229,TIC 98720809,0.87,0.01,-0.01,10.985,0.017,-0.017,9.05,0.023,-0.023,0.0769,0.0003,-0.0003,0.0,,
HD 3167 d,HD 3167,TIC 318707987,0.837,0.053,-0.043,8.97,0.03,-0.03,7.066,0.02,-0.02,0.0763,0.0015,-0.0015,0.12,,
WASP-47 b,WASP-47,TIC 102264230,1.058,0.047,-0.047,11.936,0.046,-0.046,10.192,0.026,-0.026,0.052,0.0006,-0.0006,0.0006,0.0005,-0.0002
TOI-6303 b,TOI-6303,TIC 186810676,0.644,0.024,-0.024,14.639,0.16,-0.16,10.826,0.016,-0.016,0.0761,0.001,-0.001,0.02,0.02,-0.02
GJ 96 b,GJ 96,TIC 409527090,0.6,0.07,-0.07,9.4,0.1,-0.1,5.554,0.026,-0.026,0.291,0.005,-0.005,0.44,0.09,-0.11
HD 75784 b,HD 75784,TIC 46310554,1.26,,,7.84,0.03,-0.03,5.502,0.024,-0.024,1.032,0.066,-0.066,0.097,0.063,-0.063
HD 75784 c,HD 75784,TIC 46310554,1.26,,,7.84,0.03,-0.03,5.502,0.024,-0.024,8.4,1.4,-1.4,0.489,0.092,-0.092
GJ 4276 b,GJ 4276,TIC 428238233,0.406,0.03,-0.03,12.903,0.069,-0.069,7.887,0.021,-0.021,0.082,0.002,-0.002,0.37,0.03,-0.03
LHS 3844 b,LHS 3844,TIC 410153553,0.151,0.014,-0.014,15.24,0.032,-0.032,9.145001,0.023,-0.023,0.00622,0.00017,-0.00017,,,
HD 65216 c,HD 65216,TIC 382625142,0.874,,,7.97,0.03,-0.03,6.329,0.027,-0.027,5.75,0.09,-0.09,0.17,0.04,-0.04
KMT-2016-BLG-1820L b,KMT-2016-BLG-1820L,,0.039,0.043,-0.018,,,,,,,1.08,0.22,-0.22,,,
MOA-2015-BLG-337L b,MOA-2015-BLG-337L,,0.0094,0.0359,-0.0065,,,,,,,0.24,0.06,-0.09,,,
HD 95089 c,HD 95089,TIC 345078350,1.54,,,7.92,0.03,-0.03,5.626,0.018,-0.018,3.33,0.31,-0.31,0.284,0.042,-0.042
HD 14787 b,HD 14787,TIC 380966347,1.43,,,7.63,0.03,-0.03,5.388,0.021,-0.021,1.7,0.19,-0.19,0.155,0.073,-0.073
K2-53 b,K2-53,TIC 49652731,0.851,0.032,-0.038,12.634,0.057,-0.057,9.664,0.021,-0.021,0.098,0.001,-0.001,,,
HD 92788 c,HD 92788,TIC 169248301,1.15,0.07,-0.07,7.31637,0.023,-0.023,5.721,0.02,-0.02,10.5,2.9,-0.55,0.46,0.12,-0.03
K2-284 b,K2-284,TIC 5882269,0.63,0.01,-0.01,13.265,0.206,-0.206,10.058,0.018,-0.018,0.04771,0.00025,-0.00025,0.078,0.108,-0.055
MOA-2016-BLG-319L b,MOA-2016-BLG-319L,,0.15,0.28,-0.08,,,,,,,0.95,0.17,-0.2,,,
HD 72490 b,HD 72490,TIC 20537900,1.21,,,7.82,0.03,-0.03,5.614,0.018,-0.018,1.88,0.21,-0.21,0.124,0.046,-0.046
K2-90 b,K2-90,TIC 14111411,0.629,0.022,-0.018,13.707,0.103,-0.103,10.36,0.02,-0.02,0.096,0.001,-0.001,0.07,0.133697,-0.061103
K2-294 b,K2-294,TIC 49709169,0.987,0.034,-0.03,12.649,0.103,-0.103,10.859,0.021,-0.021,,,,,,
HD 85390 b,HD 85390,TIC 446137194,0.758,,,8.54,0.03,-0.03,6.491,0.023,-0.023,1.373,0.035,-0.035,0.5,0.05,-0.05
MOA-2011-BLG-291L b,MOA-2011-BLG-291L,,0.15,0.27,-0.1,,,,23.4,1.8,-2.0,0.69,0.24,-0.24,,,
HD 99706 c,HD 99706,TIC 148680230,1.72,0.12,-0.12,7.65,0.03,-0.03,5.335,0.016,-0.016,,,,0.411,0.231,-0.178
HD 4917 b,HD 4917,TIC 77481104,1.32,,,8.03,0.03,-0.03,5.61,0.018,-0.018,1.167,0.065,-0.065,0.066,0.041,-0.041
WASP-161 b,WASP-161,TIC 50712784,1.39,0.14,-0.14,11.079,0.011,-0.011,9.837,0.025,-0.025,0.0673,0.0023,-0.0023,,,
HD 202772 A b,HD 202772 A,TIC 290131778,1.72,0.064,-0.066,8.324,0.002,-0.002,6.959,0.024,-0.024,0.05208,0.00064,-0.00068,0.038,0.042,-0.027
K2-292 b,K2-292,TIC 743941,1.0,0.03,-0.03,9.885,0.005,-0.005,8.407,0.027,-0.027,0.13,0.01,-0.01,0.04,0.06,-0.03
GJ 685 b,GJ 685,TIC 219780306,0.55,0.06,-0.06,9.98,0.1,-0.1,6.066,0.018,-0.018,0.1344,0.0052,-0.0051,0.0,,
HD 102329 c,HD 102329,TIC 325254372,1.3,0.15,-0.15,7.88,0.03,-0.03,5.402,0.018,-0.018,,,,0.209,0.231,-0.202
WASP-170 b,WASP-170,TIC 118956453,0.93,0.15,-0.15,12.613,0.034,-0.034,10.724,0.023,-0.023,0.0337,0.0018,-0.0018,,,
K2-285 b,K2-285,TIC 262715204,0.83,0.023,-0.023,12.075,0.114,-0.114,9.971,0.022,-0.022,0.03817,0.00095,-0.00092,0.0,,
HD 134060 b,HD 134060,TIC 454901855,1.095,,,6.29,0.03,-0.03,4.836,0.026,-0.026,0.0444,0.0013,-0.0014,0.45,0.04,-0.04
TOI-172 b,TOI-172,TIC 29857954,1.128,0.065,-0.061,11.299,0.02,-0.02,9.722,0.021,-0.021,0.0914,0.0017,-0.0017,0.3806,0.0093,-0.009
GJ 3779 b,GJ 3779,TIC 459826435,0.27,0.02,-0.02,13.04,0.2,-0.2,7.957,0.033,-0.033,0.026,0.001,-0.001,0.07,0.05,-0.05
GJ 1265 b,GJ 1265,TIC 471012766,0.178,0.018,-0.018,14.01,0.2,-0.2,8.115,0.018,-0.018,0.026,0.001,-0.001,0.04,0.04,-0.04
HD 20003 c,HD 20003,TIC 370137704,0.875,,,8.39,0.03,-0.03,6.647,0.02,-0.02,0.1964,0.0068,-0.0078,0.1,0.08,-0.07
HD 20003 b,HD 20003,TIC 370137704,0.875,,,8.39,0.03,-0.03,6.647,0.02,-0.02,0.0974,0.0034,-0.0039,0.36,0.05,-0.05
K2-123 b,K2-123,TIC 197249801,0.62,0.01,-0.01,14.781,0.034,-0.034,11.055,0.022,-0.022,0.1649,0.0008,-0.0008,0.06,0.144415,-0.051458
70 Vir b,70 Vir,TIC 95473936,1.09,,,4.96808,0.023,-0.023,3.5,0.294,-0.294,0.481,0.022,-0.022,0.3988,0.0019,-0.0019
WASP-47 c,WASP-47,TIC 102264230,1.058,0.047,-0.047,11.936,0.046,-0.046,10.192,0.026,-0.026,1.393,0.014,-0.014,0.264,0.007,-0.012
HD 20782 b,HD 20782,TIC 144503325,1.04,0.134951,-0.107228,7.36,0.03,-0.03,5.827,0.016,-0.016,1.3649,0.0466,-0.0495,0.95,0.001,-0.001
HD 20781 c,HD 20781,TIC 144503312,0.7,,,8.48,0.03,-0.03,6.553,0.023,-0.023,0.1004,0.0046,-0.0051,0.09,0.09,-0.06
K2-188 c,K2-188,TIC 175236511,1.06,0.03,-0.03,12.657,0.092,-0.092,11.149,0.022,-0.022,0.0785,0.0008,-0.0008,,,
HD 106270 b,HD 106270,TIC 176910071,1.39,,,7.58,0.03,-0.03,5.862,0.024,-0.024,3.34,0.2,-0.2,0.185,0.027,-0.027
HD 131496 b,HD 131496,TIC 267365022,1.34,,,7.8,0.03,-0.03,5.437,0.018,-0.018,2.01,0.12,-0.12,0.181,0.06,-0.06
K2-287 b,K2-287,TIC 73848324,1.056,0.022,-0.022,11.41,0.018,-0.018,9.188,0.021,-0.021,0.1206,0.0008,-0.0008,0.478,0.025,-0.026
K2-286 b,K2-286,TIC 297373047,0.64,0.02,-0.02,12.881,0.13,-0.13,9.317,0.02,-0.02,0.1768,0.0175,-0.0205,,,
K2-288 B b,K2-288 B,TIC 640381384,0.33,0.02,-0.02,13.868,0.12,,9.724,0.018,,0.164,0.03,-0.03,,,
HD 31527 c,HD 31527,TIC 146322354,0.96,,,7.49,0.03,-0.03,6.049,0.018,-0.018,0.2663,0.0088,-0.0095,0.04,0.05,-0.03
HD 21693 c,HD 21693,TIC 197792776,0.8,,,7.95,0.03,-0.03,6.193,0.017,-0.017,0.2586,0.0103,-0.0113,0.07,0.06,-0.05
KOI-351 f,KOI-351,TIC 267667295,1.2,0.1,-0.1,13.883,0.069,-0.069,12.482,0.024,-0.024,0.48,0.09,-0.09,0.0,,
K2-19 d,K2-19,TIC 281885301,0.88,0.03,-0.03,13.024,0.092,-0.092,11.161,0.026,-0.026,0.0344,0.0006,-0.0006,0.0,,
HD 152581 b,HD 152581,TIC 353181458,1.3,,,8.38,0.03,-0.03,6.173,0.015,-0.015,1.66,0.3,-0.3,0.04,0.031,-0.031
HD 159868 b,HD 159868,TIC 248320609,1.19,,,7.24,0.03,-0.03,5.535,0.024,-0.024,2.32,0.14,-0.14,0.024,0.019,-0.019
HATS-60 b,HATS-60,TIC 145750719,1.097,0.01,-0.016,12.662,0.08,-0.08,10.988,0.023,-0.023,0.04708,0.00015,-0.00023,0.191,,
HD 51608 b,HD 51608,TIC 279246287,0.8,,,8.17,0.03,-0.03,6.328,0.018,-0.018,0.1059,0.0043,-0.0046,0.09,0.04,-0.04
HD 45184 b,HD 45184,TIC 49831913,1.03,,,6.383,0.005,-0.005,4.871,0.02,-0.02,0.0644,0.002,-0.0021,0.07,0.05,-0.05
K2-192 b,K2-192,TIC 187273811,0.9,0.01,-0.01,12.656,0.069,-0.069,10.657,0.025,-0.025,0.049,0.0003,-0.0003,,,
Gaia-5 b,Gaia-5,TIC 42004825,0.339,0.027,-0.03,14.61,0.2,-0.2,9.754,0.018,-0.018,,,,0.6423,0.0026,-0.0026
K2-193 b,K2-193,TIC 741596,1.01,0.05,-0.05,13.341,0.103,-0.103,11.479,0.023,-0.023,0.1184,0.002,-0.0021,,,
HD 163607 c,HD 163607,TIC 232620788,1.12,,,8.0,0.03,-0.03,6.271,0.02,-0.02,2.39,0.11,-0.11,0.08,0.014,-0.014
HATS-61 b,HATS-61,TIC 44745133,1.076,0.014,-0.014,13.352,0.103,-0.103,11.478,0.025,-0.025,0.07908,0.00033,-0.00033,0.092,,
TOI-178 e,TOI-178,TIC 251848941,0.65,0.027,-0.029,11.955,0.035,-0.035,8.656,0.021,-0.021,0.0783,0.0023,-0.0024,,,
HD 20781 d,HD 20781,TIC 144503312,0.7,,,8.48,0.03,-0.03,6.553,0.023,-0.023,0.1647,0.0076,-0.0083,0.11,0.05,-0.06
HD 20781 e,HD 20781,TIC 144503312,0.7,,,8.48,0.03,-0.03,6.553,0.023,-0.023,0.3374,0.0155,-0.017,0.06,0.06,-0.04
K2-197 b,K2-197,TIC 179032688,1.0,0.02,-0.02,12.199,0.034,-0.034,10.479,0.024,-0.024,0.0806,0.0006,-0.0007,,,
HD 185269 b,HD 185269,TIC 213721036,1.3,,,6.67973,0.023,-0.023,5.26,0.018,-0.018,0.077,0.0034,-0.0034,0.229,0.014,-0.014
HD 192699 b,HD 192699,TIC 399334674,1.38,,,6.45591,0.023,-0.023,4.366,0.026,-0.026,1.063,0.049,-0.049,0.082,0.041,-0.041
TOI-178 g,TOI-178,TIC 251848941,0.65,0.027,-0.029,11.955,0.035,-0.035,8.656,0.021,-0.021,0.1275,0.0038,-0.0039,,,
HATS-63 b,HATS-63,TIC 178879588,0.931,0.019,-0.019,13.992,0.126,-0.126,12.216,0.024,-0.024,0.04026,0.00028,-0.00028,0.136,,
K2-264 b,K2-264,TIC 184914317,0.496,0.013,-0.013,16.701,0.0462,-0.0462,12.183,0.02,-0.02,0.05023,0.00042,-0.00043,0.5,,
WASP-145 A b,WASP-145 A,TIC 381856447,0.76,0.04,-0.04,11.636,0.023,-0.023,9.194,0.029,-0.029,0.0261,0.0005,-0.0005,0.0,,
K2-279 b,K2-279,TIC 709015,0.79,0.03,-0.03,11.491,0.025,-0.025,9.994,0.024,-0.024,0.067,0.0008,-0.0009,,,
HD 200964 b,HD 200964,TIC 408316773,1.39,,,6.48605,0.023,-0.023,4.286,0.015,-0.015,1.565,0.083,-0.083,0.087,0.035,-0.035
HD 200964 c,HD 200964,TIC 408316773,1.39,,,6.48605,0.023,-0.023,4.286,0.015,-0.015,1.96,0.1,-0.1,0.243,0.047,-0.047
K2-198 c,K2-198,TIC 135043332,0.799,0.091,-0.045,10.971,0.015,-0.015,9.228,0.021,-0.021,,,,,,
Kepler-763 d,Kepler-763,TIC 63130782,0.8,0.048,-0.028,15.965,0.298,-0.298,13.752,0.059,-0.059,0.0634,,,0.0,,
HD 25171 b,HD 25171,TIC 237933846,1.076,0.021,-0.021,7.77,0.03,-0.03,6.489,0.023,-0.023,2.971,0.033,-0.032,0.042,0.046,-0.029
HD 23127 b,HD 23127,TIC 311924816,1.208,0.045,-0.045,8.58,0.03,-0.03,7.087,0.018,-0.018,2.37,0.032,-0.032,0.406,0.083,-0.09
HD 38801 b,HD 38801,TIC 66650754,1.207,0.108,-0.108,8.26,0.03,-0.03,6.279,0.02,-0.02,1.623,0.047,-0.049,0.017,0.013,-0.011
K2-146 c,K2-146,TIC 175261852,0.331,0.009,-0.009,16.7,0.2,-0.2,11.37,0.023,-0.023,0.0327,0.0006,-0.0006,0.075,0.016,-0.016
K2-146 b,K2-146,TIC 175261852,0.331,0.009,-0.009,16.7,0.2,-0.2,11.37,0.023,-0.023,0.0248,0.0002,-0.0002,0.129,0.019,-0.019
HD 4208 b,HD 4208,TIC 43400838,0.883,0.024,-0.024,7.783,0.019,-0.019,6.163,0.021,-0.021,1.662,0.015,-0.015,0.042,0.039,-0.029
HAT-P-70 b,HAT-P-70,TIC 399870368,1.89,0.01,-0.013,9.47,0.004,-0.004,8.963,0.024,-0.024,0.04739,0.00031,-0.00106,0.0,,
HAT-P-69 b,HAT-P-69,TIC 379929661,1.648,0.058,-0.026,9.774,0.005,-0.005,9.28,0.023,-0.023,0.06555,0.0007,-0.00035,0.0,,
TOI-6038 A b,TOI-6038 A,TIC 194736418,1.291,0.066,-0.06,9.913,0.005,-0.005,8.445,0.02,-0.02,0.069,0.0012,-0.0011,,,
Kepler-1517 b,Kepler-1517,TIC 158555987,1.58,0.183,-0.153,12.228,0.031,-0.031,11.303,0.014,-0.014,0.078,,,0.0,,
Kepler-720 b,Kepler-720,TIC 268159158,0.95,0.111,-0.068,15.462,0.069,-0.069,13.243,0.029,-0.029,0.0539,,,0.0,,
Kepler-205 c,Kepler-205,TIC 399822422,0.592,0.014,-0.014,13.779,0.069,-0.069,10.833,0.021,-0.021,0.122,,,0.0,,
K2-295 b,K2-295,TIC 610976842,0.74,0.04,-0.04,13.8941,0.0459,-0.0459,11.135,0.0245,,0.0451,0.0006,-0.0014,0.0,,
K2-133 b,K2-133,TIC 150096001,0.461,0.011,-0.011,14.073,0.014,-0.014,10.279,0.018,-0.018,0.03194,0.00025,-0.00026,,,
HD 50499 b,HD 50499,TIC 53175558,1.253,0.02,-0.02,7.21,0.03,-0.03,5.836,0.016,-0.016,3.833,0.0305,-0.03,0.266,0.044,-0.044
TOI-5322 b,TOI-5322,TIC 336691874,0.998,0.051,-0.046,12.733,0.069,-0.069,10.9,0.018,-0.018,0.0604,0.001,-0.0009,0.055,,
Kepler-1996 c,Kepler-1996,TIC 164892125,0.748,0.027,-0.043,15.11,0.114,-0.114,12.53,0.03,-0.03,0.3608,,,0.0,,
Kepler-2001 c,Kepler-2001,TIC 26488618,0.864,0.049,-0.085,15.981,0.172,-0.172,13.551,0.048,-0.048,0.1084,,,0.0,,
K2-133 d,K2-133,TIC 150096001,0.461,0.011,-0.011,14.073,0.014,-0.014,10.279,0.018,-0.018,0.07487,0.00059,-0.0006,,,
K2-133 e,K2-133,TIC 150096001,0.461,0.011,-0.011,14.073,0.014,-0.014,10.279,0.018,-0.018,0.1346,0.0011,-0.0011,,,
EPIC 220674823 c,EPIC 220674823,TIC 266015990,0.913,0.024,-0.024,12.101,0.031,-0.031,10.344,0.021,-0.021,0.1073,0.0026,-0.0027,0.17,0.11,-0.11
HD 28471 b,HD 28471,TIC 38698692,0.98,0.044,-0.044,7.89,0.03,-0.03,6.315,0.027,-0.027,0.042,0.001,-0.001,0.195,0.061,-0.073
HR 5183 b,HR 5183,TIC 379117362,1.07,0.04,-0.04,6.33432,0.023,-0.023,4.851,0.021,-0.021,18.0,6.0,-4.0,0.84,0.04,-0.04
Kepler-1995 b,Kepler-1995,TIC 164721823,0.847,0.068,-0.049,15.516,0.195,-0.195,13.016,0.032,-0.032,0.3259,,,0.0,,
EPIC 201615463 c,K2-166,TIC 377171980,1.073,0.034,-0.034,12.081,0.046,-0.046,10.637,0.022,-0.022,,,,,,
Kepler-23 d,Kepler-23,TIC 27083727,1.078,0.077,-0.077,13.567,0.172,-0.172,11.998,0.019,-0.019,0.12012,0.00094,-0.00094,0.01,0.014,-0.008
WASP-169 b,WASP-169,TIC 386259537,1.337,0.083,-0.083,12.167,0.034,-0.034,10.483,0.025,-0.025,0.0681,0.0014,-0.0014,0.0,,
WASP-171 b,WASP-171,TIC 162922904,1.171,0.058,-0.058,12.612,0.08,-0.08,11.104,0.021,-0.021,0.0504,0.00083,-0.00083,0.0,,
Kepler-130 b,Kepler-130,TIC 121603794,0.927,0.0265,-0.0265,11.572,0.017,-0.017,10.49,0.02,-0.02,0.079,,,0.15,0.14,-0.15
EPIC 201754305 d,K2-16,TIC 281886199,0.67,0.03,-0.04,14.668,0.137,-0.137,12.087,0.023,-0.023,,,,,,
OGLE-2018-BLG-0596L b,OGLE-2018-BLG-0596L,,0.231,0.028,-0.028,,,,,,,0.97,0.13,-0.13,,,
OGLE-2018-BLG-1011L b,OGLE-2018-BLG-1011L,,0.18,0.33,-0.1,,,,,,,1.8,2.1,-1.5,,,
WASP-175 b,WASP-175,TIC 448589187,1.212,0.045,-0.045,12.959,0.16,-0.16,11.471,0.027,-0.027,0.04403,0.00055,-0.00055,0.0,,
Kepler-975 c,Kepler-975,TIC 122450762,0.951,0.198,-0.144,14.633,0.046,-0.046,12.19,0.021,-0.021,0.0567,,,0.0,,
EPIC 206317286 b,EPIC 206317286,TIC 250956593,0.711,0.09,-0.025,14.005,0.08,-0.08,11.635,0.025,-0.025,,,,,,
HAT-P-9 b,HAT-P-9,TIC 371234684,1.281,0.057,-0.056,12.344,0.047,-0.047,11.015,0.021,-0.021,0.05287,0.00078,-0.00078,0.084,0.052,-0.047
Kepler-19 c,Kepler-19,TIC 122375047,0.936,0.04,-0.04,12.035,0.026,-0.026,10.318,0.019,-0.019,0.1765736996,,,0.21,0.05,-0.07
Kepler-1987 c,Kepler-1987,TIC 271958892,0.799,0.041,-0.081,15.477,0.389,-0.389,13.154,0.029,-0.029,0.0427,,,0.0,,
EPIC 212499991 b,EPIC 212499991,TIC 297146957,0.912,0.037,-0.162,13.672,0.092,-0.092,11.366,0.023,-0.023,,,,,,
Kepler-9 c,Kepler-9,TIC 120571842,1.022,0.029,-0.039,13.922,0.08,-0.08,12.337,0.021,-0.021,0.227,0.012,-0.008,0.06691,0.0001,-0.00012
WASP-2 b,WASP-2,TIC 374530847,0.895,0.077,-0.072,11.728,0.034,-0.034,9.632,0.024,-0.024,0.03144,0.00088,-0.00087,0.0054,0.009,-0.0044
WASP-44 b,WASP-44,TIC 12862099,0.935,0.054,-0.052,13.096,0.069,-0.069,11.341,0.026,-0.026,0.03453,0.00065,-0.00065,0.0,,
WASP-50 b,WASP-50,TIC 382391899,0.892,0.08,-0.074,11.44,0.026,-0.026,9.969,0.021,-0.021,0.0293,0.0013,-0.0013,0.009,0.011,-0.006
GJ 15 A b,GJ 15 A,TIC 440109725,0.38,0.05,-0.05,8.09,0.1,-0.1,4.018,0.02,-0.02,0.072,0.003,-0.004,0.094,0.091,-0.065
Kepler-619 d,Kepler-619,TIC 417659212,1.041,0.139,-0.139,14.84,0.046,-0.046,13.291,0.037,-0.037,0.1021,,,0.0,,
Kepler-1869 c,Kepler-1869,TIC 63368895,0.987,0.049,-0.078,10.31,0.005,-0.005,8.693,0.015,-0.015,0.028,,,0.0,,
Kepler-1994 b,Kepler-1994,TIC 273043474,0.932,0.052,-0.047,12.01,0.028,-0.028,10.185,0.014,-0.014,0.053,,,0.0,,
Kepler-65 e,Kepler-65,TIC 121731834,1.248,0.018,-0.021,10.922,0.008,-0.008,9.806,0.017,-0.017,0.8539307544,,,0.283,0.064,-0.071
K2-308 b,K2-308,TIC 411697517,1.09,0.09,-0.09,15.072,0.023,-0.023,13.206,0.028,-0.028,,,,,,
EPIC 248847494 b,EPIC 248847494,TIC 392876254,0.9,0.09,-0.09,12.353,0.08,-0.08,10.148,0.02,-0.02,4.5,1.0,-1.0,0.0,,
GJ 15 A c,GJ 15 A,TIC 440109725,0.38,0.05,-0.05,8.09,0.1,-0.1,4.018,0.02,-0.02,5.4,1.0,-0.9,0.27,0.28,-0.19
Kepler-47 b,Kepler-47,TIC 271548206,0.957,0.013,-0.015,15.31,0.115,-0.115,13.535,0.041,-0.041,0.2877,0.0014,-0.0011,0.021,0.0025,-0.0022
WASP-3 b,WASP-3,TIC 27848472,1.62,0.53,-0.53,10.632,0.007,-0.007,9.361,0.015,-0.015,0.0315,0.0003,-0.0003,0.0,,
HD 2685 b,HD 2685,TIC 267263253,1.43,0.05,-0.04,9.595,0.003,-0.003,8.595,0.019,-0.019,0.0568,0.0006,-0.0006,0.091,0.039,-0.047
EPIC 212737443 b,EPIC 212737443,TIC 670036,0.69,0.038,-0.038,14.81,0.137,-0.137,12.16,0.024,-0.024,0.098,0.004,-0.004,0.2,0.2,-0.2
Kepler-47 c,Kepler-47,TIC 271548206,0.957,0.013,-0.015,15.31,0.115,-0.115,13.535,0.041,-0.041,0.9638,0.0041,-0.0044,0.044,0.029,-0.019
TIC 257060897 b,TIC 257060897,TIC 257060897,1.187,0.11,-0.058,11.814,0.02,-0.02,10.387,0.017,-0.017,0.04922,0.0014,-0.00081,0.039,0.038,-0.023
GJ 180 c,GJ 180,TIC 246902275,0.43,,,10.914,0.026,-0.026,6.598,0.021,-0.021,0.129,0.007,-0.017,0.09,0.2,-0.09
GJ 682 b,GJ 682,TIC 16909043,0.27,,,10.94,0.1,-0.1,5.606,0.02,-0.02,0.08,0.014,-0.004,0.08,0.19,-0.08
GJ 143 b,GJ 143,TIC 279741379,0.73,0.07,-0.07,8.08,0.03,-0.03,5.375,0.024,-0.024,0.1915,0.0058,-0.0063,0.188,0.076,-0.078
HD 21749 c,GJ 143,TIC 279741379,0.73,0.07,-0.07,8.08,0.03,-0.03,5.375,0.024,-0.024,0.0695,0.0021,-0.0023,,,
LSPM J2116+0234 b,LSPM J2116+0234,TIC 387518186,0.43,0.031,-0.031,11.961,0.078,-0.078,7.324,0.027,-0.027,0.0876,0.0022,-0.0021,0.183,0.062,-0.063
WASP-87 b,WASP-87,TIC 15445551,1.204,0.093,-0.093,10.727,0.006,-0.006,9.552,0.025,-0.025,0.02946,0.00075,-0.00075,0.0,,
TOI-4602.01,TOI-4602,TIC 467651916,1.116795,,,8.32,0.03,-0.03,6.883,0.027,-0.027,0.05099712,,,,,
TOI-1408 c,TOI-1408,TIC 364186197,1.312,0.009,-0.009,9.270001,0.003,-0.003,8.078,0.02,-0.02,0.03587,8e-05,-8e-05,0.1353,0.0001,-0.0001
OGLE-2015-BLG-1649L b,OGLE-2015-BLG-1649L,,0.34,0.19,-0.19,,,,,,,2.07,0.65,-0.77,,,
Qatar-8 b,Qatar-8,TIC 103751498,1.029,0.051,-0.051,11.71,0.016,-0.016,9.937,0.015,-0.015,0.0474,0.0008,-0.0008,0.0,,
HD 117207 b,HD 117207,TIC 405501056,1.053,0.028,-0.028,7.26,0.03,-0.03,5.65,0.02,-0.02,3.787,0.034,-0.035,0.157,0.013,-0.013
HR 8799 e,HR 8799,TIC 245368902,1.51,0.038,-0.024,5.98,0.01,-0.01,5.24,0.018,-0.018,16.4,2.1,-1.1,0.15,0.08,-0.08
Kepler-56 b,Kepler-56,TIC 138430034,1.32,0.13,-0.13,12.598,0.046,-0.046,10.227,0.018,-0.018,0.1028,0.0037,-0.0037,0.04,0.01,-0.01
Kepler-318 c,Kepler-318,TIC 274198407,1.073,0.006,-0.014,13.442,0.114,-0.114,11.766,0.018,-0.018,0.105,,,0.0,,
EPIC 205950854 c,K2-168,TIC 437695245,0.877,0.06,-0.029,12.365,0.069,-0.069,10.549,0.024,-0.024,,,,,,
HD 164604 b,HD 164604,TIC 406317882,0.77,0.04,-0.04,9.62,0.03,-0.03,7.169,0.02,-0.02,1.331,0.029,-0.029,0.35,0.1,-0.1
HD 210193 b,HD 210193,TIC 278523703,1.04,0.06,-0.06,7.83,0.03,-0.03,6.31,0.02,-0.02,1.487,0.031,-0.031,0.24,0.09,-0.09
HD 126525 b,HD 126525,TIC 333459486,0.897,0.01,-0.01,7.85,0.03,-0.03,6.215,0.023,-0.023,1.837,0.01,-0.01,0.035,0.039,-0.024
K2-43 c,K2-43,TIC 443616612,0.571,0.111,-0.055,15.748,1.133,-1.133,11.577,0.024,-0.024,,,,,,
HD 152079 b,HD 152079,TIC 246835467,1.147,0.03,-0.03,9.18,0.03,-0.03,7.634,0.021,-0.021,4.187,0.051,-0.053,0.532,0.015,-0.016
HD 187085 b,HD 187085,TIC 300081980,1.189,0.023,-0.023,7.22,0.03,-0.03,5.876,0.024,-0.024,2.1,0.032,-0.032,0.251,0.221,-0.191
HIP 65 A b,HIP 65 A,TIC 201248411,0.781,0.027,-0.027,11.0,0.03,-0.03,8.29,0.025,-0.025,0.01782,0.0002,-0.00021,0.0,,
Kepler-1162 c,Kepler-1162,TIC 164522726,0.861,0.05,-0.041,15.749,0.092,-0.092,13.753,0.054,-0.054,0.2832,,,0.0,,
HD 213885 c,HD 213885,TIC 403224672,1.068,0.02,-0.018,7.95,0.03,-0.03,6.419,0.024,-0.024,0.056798,0.00044,-0.00032,0.0,,
WASP-126 c,WASP-126,TIC 25155310,1.12,,,10.994,0.012,-0.012,9.598,0.021,-0.021,,,,0.05,,
CoRoT-30 b,CoRoT-30,TIC 320636129,0.98,0.03,-0.05,15.571,0.126,-0.126,13.562,0.045,-0.045,0.0844,0.0012,-0.0012,0.007,0.031,-0.031
Kepler-1649 c,Kepler-1649,TIC 137558813,0.1977,0.0051,-0.0051,17.95,0.2,-0.2,12.589,0.026,-0.026,0.0649,,,0.0,,
TOI-169 b,TOI-169,TIC 183120439,1.147,0.069,-0.075,12.355,0.046,-0.046,10.815,0.024,-0.024,0.03524,0.00069,-0.00079,0.0,,
TOI-157 b,TOI-157,TIC 140691463,0.948,0.023,-0.018,12.725,0.046,-0.046,10.892,0.023,-0.023,0.03138,0.00025,-0.0002,0.0,,
Kepler-1982 b,Kepler-1982,TIC 121215807,1.213,0.076,-0.093,12.696,0.069,-0.069,11.473,0.017,-0.017,0.0511,,,0.0,,
HATS-37 A b,HATS-37 A,TIC 6036597,0.843,0.017,-0.012,12.341,0.149,-0.149,9.947,0.021,-0.021,0.04913,0.00033,-0.00023,0.0,,
K2-315 b,K2-315,TIC 70298662,0.174,0.004,-0.004,17.67,0.2,-0.2,11.838,0.023,-0.023,,,,,,
HATS-38 b,HATS-38,TIC 168281028,0.89,0.016,-0.012,11.967,0.03,-0.03,10.768,0.024,-0.024,0.05036,0.0003,-0.00023,0.0,,
Kepler-1610 c,Kepler-1610,TIC 272073436,0.825,0.096,-0.078,16.077,0.103,-0.103,13.905,0.047,-0.047,0.2323,,,0.0,,
Kepler-80 g,Kepler-80,TIC 184296619,0.83,0.03,-0.03,15.23,0.172,-0.172,12.253,0.02,-0.02,,,,0.1303,0.0034,-0.0037
HD 86226 b,HD 86226,TIC 22221375,1.019,0.061,-0.066,7.93,0.03,-0.03,6.463,0.023,-0.023,2.73,0.06,-0.06,0.059,0.062,-0.039
DMPP-1 e,DMPP-1,TIC 66560666,1.21,0.03,-0.03,7.98,0.03,-0.03,6.69,0.024,-0.024,0.0651,0.0005,-0.0005,0.07,,
DMPP-3 A b,DMPP-3 A,,0.87,0.05,-0.05,9.066,0.019,,7.061,0.02,,0.0662,0.0013,-0.0013,0.14,0.091,-0.053
Kepler-1667 b,Kepler-1667,TIC 48353636,1.09,,,13.52,0.092,-0.092,12.119,0.022,-0.022,0.35905,0.00374,-0.00374,0.0,,
Kepler-1984 b,Kepler-1984,TIC 137089954,0.45,0.043,-0.059,16.192,1.133,-1.133,12.58,0.027,-0.027,0.0238,,,0.0,,
GJ 433 b,GJ 433,TIC 57654763,0.48,,,9.81,0.1,-0.1,5.623,0.021,-0.021,0.062,0.002,-0.002,0.04,0.03,-0.03
TOI-813 b,TOI-813,TIC 55525572,1.32,0.06,-0.06,10.358,0.006,-0.006,9.029,0.019,-0.019,0.423,0.031,-0.037,0.0,,
Kepler-759 b,Kepler-759,TIC 122298563,1.04,0.061,-0.063,14.579,0.126,-0.126,12.967,0.028,-0.028,0.2329,,,0.0,,
Kepler-1663 b,Kepler-1663,TIC 407001589,0.610816,0.020743,-0.020743,16.069,0.16,-0.16,12.552,0.031,-0.031,0.1072,,,0.0,,
Kepler-1666 c,Kepler-1666,TIC 273685548,1.23,,,15.104,0.149,-0.149,13.629,0.038,-0.038,0.2383,,,0.0,,
Kepler-2001 b,Kepler-2001,TIC 26488618,0.864,0.049,-0.085,15.981,0.172,-0.172,13.551,0.048,-0.048,0.0197,,,0.0,,
GJ 433 c,GJ 433,TIC 57654763,0.48,,,9.81,0.1,-0.1,5.623,0.021,-0.021,4.819,0.417,-0.417,0.12,0.07,-0.07
HD 164922 c,HD 164922,TIC 159019691,0.926,0.029,-0.035,7.01227,0.023,-0.023,5.113,0.02,-0.02,0.341,0.004,-0.004,0.12,0.11,-0.09
Kepler-1678 b,Kepler-1678,TIC 137687119,1.03,,,15.02,0.092,-0.092,13.371,0.041,-0.041,0.5302,,,0.0,,
Kepler-1085 c,Kepler-1085,TIC 158487108,1.05,,,15.273,0.115,-0.115,13.891,0.046,-0.046,0.29798,0.00185,-0.00185,0.0,,
Kepler-1126 c,Kepler-1126,TIC 352013661,0.794,0.071,-0.03,14.221,0.16,-0.16,12.534,0.03,-0.03,0.6193,,,0.0,,
EPIC 249893012 b,EPIC 249893012,TIC 432254760,1.05,0.05,-0.05,11.429,0.022,-0.022,9.714,0.023,-0.023,0.047,0.005,-0.007,0.06,0.08,-0.04
WASP-150 b,WASP-150,TIC 321668398,1.394,0.07,-0.049,12.026,0.028,-0.028,10.747,0.021,-0.021,0.0694,0.0011,-0.0008,0.3775,0.0038,-0.0029
Kepler-1676 b,Kepler-1676,TIC 158422963,1.07,0.11,-0.11,13.485,0.069,-0.069,11.985,0.019,-0.019,0.1954,,,0.0,,
Kepler-1677 b,Kepler-1677,TIC 274198958,1.11,,,13.806,0.114,-0.114,12.288,0.02,-0.02,0.1599,0.00155,-0.00155,0.0,,
Kepler-1052 c,Kepler-1052,TIC 271661839,0.937,0.09,-0.121,14.932,0.092,-0.092,13.305,0.034,-0.034,0.6135,,,0.0,,
EPIC 249893012 c,EPIC 249893012,TIC 432254760,1.05,0.05,-0.05,11.429,0.022,-0.022,9.714,0.023,-0.023,0.13,0.01,-0.02,0.07,0.08,-0.05
EPIC 249893012 d,EPIC 249893012,TIC 432254760,1.05,0.05,-0.05,11.429,0.022,-0.022,9.714,0.023,-0.023,0.22,0.02,-0.04,0.15,0.21,-0.11
KOI-142 c,KOI-142,TIC 122712595,0.99,0.023,-0.023,13.209,0.126,-0.126,11.454,0.019,-0.019,0.154121003,,,0.05724,0.00045,-0.00045
Kepler-88 d,KOI-142,TIC 122712595,0.99,0.023,-0.023,13.209,0.126,-0.126,11.454,0.019,-0.019,2.466329866,,,0.41,0.03,-0.03
Kepler-1673 b,Kepler-1673,TIC 377782148,1.11,,,13.783,0.126,-0.126,12.315,0.028,-0.028,0.21363,0.00194,-0.00194,0.0,,
Kepler-1682 b,Kepler-1682,TIC 138477499,0.99,,,15.907,0.458,-0.458,14.087,0.064,-0.064,0.1134,,,0.0,,
Kepler-1491 c,Kepler-1491,TIC 270617233,0.991,0.079,-0.065,15.796,0.149,-0.149,13.949,0.057,-0.057,0.3045,,,0.0,,
TOI-1468 b,TOI-1468,TIC 243185500,0.3527,0.0081,-0.0079,12.5,0.2,-0.2,8.497,0.017,-0.017,0.02107,0.00016,-0.00016,0.0099,0.018,-0.005
HAT-P-2 c,HAT-P-2,TIC 39903405,1.33,0.03,-0.03,8.72,0.03,-0.03,7.603,0.02,-0.02,,,,0.37,0.13,-0.12
TOI-244 b,TOI-244,TIC 118327550,0.428,0.029,-0.029,12.861,0.069,-0.069,7.97,0.029,-0.029,0.0559,0.0013,-0.0013,,,
OGLE-2018-BLG-0677L b,OGLE-2018-BLG-0677L,,0.12,0.14,-0.08,,,,,,,0.63,0.2,-0.17,,,
KOI-142 b,KOI-142,TIC 122712595,0.99,0.023,-0.023,13.209,0.126,-0.126,11.454,0.019,-0.019,0.09586,0.0008,-0.0008,0.05561,0.00013,-0.00013
Kepler-1518 c,Kepler-1518,TIC 239289191,1.06,0.177,-0.133,13.374,0.08,-0.08,12.058,0.023,-0.023,0.0905,,,0.0,,
Kepler-347 d,Kepler-347,TIC 299158566,1.0,0.072,-0.072,14.567,0.149,-0.149,13.047,0.029,-0.029,0.3802,,,0.0,,
Kepler-549 d,Kepler-549,TIC 164455792,0.859,0.06,-0.033,14.805,0.149,-0.149,12.826,0.031,-0.031,0.1575,,,0.0,,
TOI-2207 b,TOI-2207,TIC 90850770,1.296,0.069,-0.072,11.316,0.019,-0.019,10.133,0.023,-0.023,0.0854,0.0015,-0.0016,0.174,0.048,-0.052
TOI-2969 b,TOI-2969,TIC 36452991,0.71,0.02,-0.02,12.796,0.092,-0.092,10.25,0.023,-0.023,0.0261,0.0002,-0.0002,0.0,,
Kepler-314 c,Kepler-314,TIC 271052158,0.99,0.014,-0.015,12.64,0.08,-0.08,10.778,0.012,-0.012,0.064,,,0.0,,
OGLE-2017-BLG-0406L b,OGLE-2017-BLG-0406L,,0.56,0.07,-0.07,26.1,0.9,-0.9,,,,3.5,0.3,-0.3,,,
Kepler-763 c,Kepler-763,TIC 63130782,0.8,0.048,-0.028,15.965,0.298,-0.298,13.752,0.059,-0.059,0.0466,,,0.0,,
Kepler-1999 b,Kepler-1999,TIC 48131702,0.632,0.063,-0.057,16.433,1.133,-1.133,13.882,0.062,-0.062,0.0713,,,0.0,,
GJ 1061 c,GJ 1061,TIC 79611981,0.12,0.01,-0.01,12.7,0.2,-0.2,6.61,0.021,-0.021,0.035,0.001,-0.001,0.29,,
GJ 1061 d,GJ 1061,TIC 79611981,0.12,0.01,-0.01,12.7,0.2,-0.2,6.61,0.021,-0.021,0.054,0.001,-0.001,0.53,,
Kepler-56 d,Kepler-56,TIC 138430034,1.29,0.037,-0.034,12.598,0.046,-0.046,10.227,0.018,-0.018,2.16,0.08,-0.08,0.2,0.01,-0.01
TOI-163 b,TOI-163,TIC 179317684,1.4352,0.029,-0.028,11.467,0.014,-0.014,10.124,0.023,-0.023,0.058,0.0014,-0.0014,0.0,,
HATS-47 b,HATS-47,TIC 158297421,0.674,0.016,-0.012,14.602,0.069,-0.069,11.926,0.025,-0.025,0.04269,0.00033,-0.00025,0.088,,
TOI-1685 b,TOI-1685,TIC 28900646,0.454,0.018,-0.018,13.378,0.028,-0.028,8.758,0.02,-0.02,0.01138,0.00035,-0.00034,0.0,,
Kepler-864 c,Kepler-864,TIC 164836049,1.27,0.142,-0.156,15.898,0.149,-0.149,14.218,0.078,-0.078,0.0382,,,0.0,,
HATS-72 b,HATS-72,TIC 188570092,0.7311,0.0028,-0.0028,12.324,0.046,-0.046,9.764,0.021,-0.021,0.066517,8.5e-05,-8.5e-05,0.013,,
KMT-2016-BLG-1836L b,KMT-2016-BLG-1836L,,0.49,0.38,-0.25,,,,,,,3.5,1.1,-0.9,,,
Wendelstein-1 b,Wendelstein-1,TIC 75262942,0.65,0.1,-0.1,15.564,0.137,-0.137,12.198,0.02,-0.02,0.0282,0.0015,-0.0015,0.012,,
NGTS-9 b,NGTS-9,TIC 176685457,1.34,0.05,-0.05,12.868,0.057,-0.057,11.452,0.024,-0.024,0.058,0.003,-0.002,0.06,0.076,-0.052
TRAPPIST-1 d,TRAPPIST-1,TIC 278892590,0.0898,0.0023,-0.0023,17.02,0.2,-0.2,10.296,0.023,-0.023,0.02227,0.00019,-0.00019,0.00837,0.00093,-0.00093
Kepler-40 b,Kepler-40,TIC 272840455,1.48,0.06,-0.06,14.657,0.172,-0.172,13.27,0.03,-0.03,0.08,0.003,-0.003,0.0,,
OGLE-2016-BLG-1227L b,OGLE-2016-BLG-1227L,,0.1,0.17,-0.05,,,,,,,3.4,2.1,-1.0,,,
Wendelstein-2 b,Wendelstein-2,TIC 209752908,0.73,0.11,-0.11,16.186,0.035,-0.035,13.332,0.039,-0.039,0.0234,0.0015,-0.0015,0.057,,
PDS 70 b,PDS 70,TIC 179413040,0.76,0.02,-0.02,12.032,0.08,-0.08,8.542,0.023,-0.023,20.0,2.0,-2.0,0.19,0.15,-0.09
Kepler-1977 b,Kepler-1977,TIC 122515768,0.769,0.053,-0.079,16.047,0.126,-0.126,13.358,0.039,-0.039,0.0486,,,0.0,,
HD 220197 b,HD 220197,TIC 435199076,0.91,0.02,-0.02,8.92,0.03,-0.03,7.349,0.036,-0.036,2.729,0.168,-0.085,0.187,0.279,-0.132
TYC 8998-760-1 b,TYC 8998-760-1,TIC 449888653,1.0,0.02,-0.02,11.124,0.013,-0.013,8.392,0.027,-0.027,162.0,,,,,
HD 158259 c,HD 158259,TIC 188768068,1.08,0.1,-0.1,6.47915,0.023,-0.023,4.965,0.023,-0.023,,,,,,
HD 95338 b,HD 95338,TIC 304142124,0.83,0.02,-0.02,8.62,0.03,-0.03,6.591,0.018,-0.018,0.262,0.002,-0.002,0.197,0.029,-0.024
TYC 8998-760-1 c,TYC 8998-760-1,TIC 449888653,1.0,,,11.124,0.013,-0.013,8.392,0.027,-0.027,320.0,,,,,
Kepler-1990 c,Kepler-1990,TIC 269119490,1.028,0.074,-0.067,11.946,0.052,-0.052,11.055,0.039,-0.039,0.0504,,,0.0,,
PSR B0329+54 b,PSR B0329+54,TIC 316847481,1.44,,,20.8671,0.146,-0.146,15.556,0.172,-0.172,10.26,0.07,-0.07,0.236,0.011,-0.011
HD 96992 b,HD 96992,TIC 88704251,0.96,0.09,-0.09,8.57,0.03,-0.03,6.015,0.02,-0.02,1.24,0.05,-0.05,0.41,0.24,-0.12
HD 24040 c,HD 24040,TIC 456863621,1.10394,0.05295,-0.05295,7.515,0.009,-0.009,5.969,0.02,-0.02,1.3,0.021,-0.022,0.11,0.12,-0.079
Kepler-1699 b,Kepler-1699,TIC 26584080,0.81,0.074,-0.091,14.836,0.115,-0.115,12.996,0.038,-0.038,0.0418,,,0.0,,
MOA-2013-BLG-220L b,MOA-2013-BLG-220L,,0.88,0.05,-0.05,,,,,,,3.03,0.27,-0.27,,,
TOI-892 b,TOI-892,TIC 66561343,1.28,0.03,-0.02,11.43,0.014,-0.014,10.106,0.019,-0.019,0.092,0.005,-0.005,0.125,,
TYC 0434-04538-1 b,TYC 0434-04538-1,TIC 398118692,1.04,0.15,-0.15,10.247,0.014,-0.014,7.413,0.027,-0.027,0.66,0.04,-0.04,0.08,0.05,-0.03
55 Cnc b,55 Cnc,TIC 332064670,0.905,0.015,-0.015,5.95084,0.023,-0.023,4.015,0.036,-0.036,0.1134,0.0006,-0.0006,0.0,0.01,-0.01
HD 68988 c,HD 68988,TIC 73312938,1.171665,0.048993,-0.048993,8.2,0.03,-0.03,6.743,0.024,-0.024,13.2,5.3,-2.0,0.45,0.13,-0.081
Kepler-1697 b,Kepler-1697,TIC 158551360,0.747,0.098479,-0.088705,13.556,0.08,-0.08,11.175,0.013,-0.013,0.2008,,,0.0,,
Kepler-647 c,Kepler-647,TIC 164786172,1.07,,,14.067,0.126,-0.126,12.611,0.026,-0.026,0.18291,0.00136,-0.00136,0.0,,
TIC 237913194 b,TIC 237913194,TIC 237913194,1.026,0.057,-0.055,12.144,0.069,-0.069,10.485,0.021,-0.021,0.1207,0.0037,-0.0037,0.575,0.011,-0.011
Gl 686 b,Gl 686,TIC 230241767,0.426,0.017,-0.017,9.62,0.1,-0.1,5.572,0.02,-0.02,0.091,0.001,-0.001,0.05,0.03,-0.03
55 Cnc f,55 Cnc,TIC 332064670,0.905,0.015,-0.015,5.95084,0.023,-0.023,4.015,0.036,-0.036,0.7708,0.0043,-0.0044,0.08,0.05,-0.04
LHS 1478 b,LHS 1478,TIC 396562848,0.236,0.012,-0.012,13.304,0.04,-0.04,8.767,0.022,-0.022,0.01848,0.00061,-0.00063,,,
Kepler-1666 b,Kepler-1666,TIC 273685548,1.23,,,15.104,0.149,-0.149,13.629,0.038,-0.038,0.1761,,,0.0,,
GJ 687 b,GJ 687,TIC 233193964,0.4,0.02,-0.02,9.15,0.1,-0.1,4.548,0.021,-0.021,0.163,0.003,-0.003,0.17,0.05,-0.05
HD 13808 c,HD 13808,TIC 220022156,0.771,0.022,-0.022,8.36,0.03,-0.03,6.25,0.024,-0.024,0.2554,0.0028,-0.0023,0.156,0.05,-0.061
HD 5278 b,HD 5278,TIC 263003176,1.126,0.036,-0.035,7.94,0.03,-0.03,6.605,0.027,-0.027,0.1202,0.0013,-0.0013,0.08,0.09,-0.05
TOI-237 b,TOI-237,TIC 305048087,0.179,0.004,-0.004,16.37,0.2,-0.2,10.896,0.025,-0.025,0.0341,0.001,-0.001,0.0,,
NGTS-11 b,NGTS-11,TIC 54002556,0.862,0.028,-0.028,12.456,0.08,-0.08,10.315,0.025,-0.025,0.201,0.0021,-0.0022,0.13,0.1,-0.09
TOI-942 c,TOI-942,TIC 146520535,0.822,0.0079,-0.0064,11.982,0.026,-0.026,9.639,0.023,-0.023,0.08598,0.00027,-0.00022,0.32,0.23,-0.16
TOI-880 c,TOI-880,TIC 34077285,0.87,0.03,-0.03,10.104,0.005,-0.005,7.954,0.021,-0.021,0.0635,0.0036,-0.0036,,,
Gaia-2 b,Gaia-2,TIC 147797743,1.0,0.095,-0.095,11.277,0.008,-0.008,9.742,0.015,-0.015,0.0467,0.0015,-0.0015,,,
WASP-187 b,WASP-187,TIC 15692883,1.54,0.09,-0.09,10.295,0.006,-0.006,8.79,0.02,-0.02,0.0653,0.0013,-0.0013,0.0,,
HD 110082 b,HD 110082,TIC 383390264,1.21,0.06,-0.06,9.23,0.03,-0.03,8.002,0.031,-0.031,0.113,0.009,-0.013,0.2,0.2,-0.1
CFHTWIR-Oph 98 b,CFHTWIR-Oph 98 A,TIC 175744063,0.0147,0.0008,-0.0008,,,,14.593,0.098,-0.098,200.0,6.0,-6.0,,,
TOI-880.02,TOI-880,TIC 34077285,0.87,0.03,-0.03,10.104,0.005,-0.005,7.954,0.021,-0.021,0.0349,0.0019,-0.0019,,,
TOI-1346 c,TOI-1346,TIC 219852882,0.82,0.1,-0.1,11.693,0.023,-0.023,9.383,0.02,-0.02,,,,,,
TOI-1716.01,TOI-1716,TIC 14336130,1.07,0.14,-0.14,9.406,0.003,-0.003,7.932,0.023,-0.023,0.080496,0.003333,-0.003633,,,
HIP 107772 b,HIP 107772,TIC 197602069,0.63,0.08,-0.08,10.56,0.03,-0.03,7.139,0.02,-0.02,0.243,0.011,-0.011,0.18,0.11,-0.11
TOI-1333 b,TOI-1333,TIC 395171208,1.464,0.076,-0.079,9.438,0.003,-0.003,8.272,0.024,-0.024,0.0626,0.0011,-0.0012,0.073,0.092,-0.052
TOI-6000 b,TOI-6000,TIC 259233660,0.37,0.02,-0.02,15.454,0.148,-0.148,10.866,0.019,-0.019,,,,,,
GJ 317 c,GJ 317,TIC 118608254,0.402,0.014,-0.014,12.4,0.2,-0.2,7.028,0.02,-0.02,5.04,0.1,-0.1,0.217,0.014,-0.014
K2-62 b,K2-62,TIC 434094657,0.67,0.03,-0.03,12.391,0.08,-0.08,9.688,0.023,-0.023,0.0636,0.0014,-0.0014,,,
HIP 48714 b,HIP 48714,TIC 287165117,0.58,0.02,-0.02,8.99,0.1,-0.1,5.2,0.024,-0.024,0.112,0.001,-0.001,0.5,0.08,-0.08
HIP 4845 b,HIP 4845,TIC 24250831,0.62,0.04,-0.04,10.06,0.03,-0.03,6.533,0.017,-0.017,0.176,0.007,-0.007,0.25,0.14,-0.14
TOI-251 b,TOI-251,TIC 224225541,1.036,0.013,-0.009,9.887,0.005,-0.005,8.426,0.027,-0.027,0.05741,0.00023,-0.00017,0.0,,
Kepler-391 b,Kepler-391,TIC 290032428,1.27,0.081,-0.081,13.177,0.08,-0.08,10.97,0.025,-0.025,0.083,0.012,-0.013,0.46,,
HAT-P-68 b,HAT-P-68,TIC 63189173,0.6785,0.0299,-0.0079,13.802,0.126,-0.126,11.019,0.018,-0.018,0.02996,0.00043,-0.00012,0.041,,
HD 238090 b,HD 238090,TIC 224289449,0.578,0.021,-0.021,9.71,0.1,-0.1,6.059,0.017,-0.017,0.0932,0.0011,-0.0011,0.3,0.16,-0.17
NGTS-17 b,NGTS-17,TIC 1309019,1.025,0.034,-0.033,14.412,0.126,-0.126,12.724,0.029,-0.029,0.0391,0.0043,-0.0043,0.0,,
Kepler-1514 c,Kepler-1514,TIC 137685450,1.196,0.065,-0.063,11.766,0.022,-0.022,10.688,0.018,-0.018,0.0997,0.0018,-0.0018,0.32,0.35,-0.19
K2-138 c,K2-138,TIC 4610830,0.935,0.019,-0.023,12.246,0.092,-0.092,10.305,0.021,-0.021,0.04461,0.0003,-0.00038,0.045,0.051,-0.032
HD 106315 c,HD 106315,TIC 56815340,1.091,0.036,-0.036,8.951,0.003,-0.003,7.853,0.02,-0.02,0.1536,0.0017,-0.0017,0.22,0.15,-0.15
WISPIT 2 b,WISPIT 2,TIC 98898373,1.08,0.06,-0.17,11.598,0.023,-0.023,8.577,0.021,-0.021,57.0,,,,,
TOI-763 c,TOI-763,TIC 178819686,0.917,0.028,-0.028,10.265,0.023,-0.023,8.49,0.021,-0.021,0.1011,0.001,-0.001,0.04,0.04,-0.03
TOI-763 b,TOI-763,TIC 178819686,0.917,0.028,-0.028,10.265,0.023,-0.023,8.49,0.021,-0.021,0.06,0.0006,-0.0006,0.04,0.04,-0.03
HATS-71 b,HATS-71,TIC 234523599,0.4861,0.006,-0.006,16.437,1.133,-1.133,11.727,0.025,-0.025,0.03745,0.00015,-0.00015,0.0,,
TOI-564 b,TOI-564,TIC 1003831,0.998,0.068,-0.057,11.097,0.014,-0.014,9.604,0.022,-0.022,0.02734,0.00061,-0.00053,0.072,0.083,-0.05
TOI-905 b,TOI-905,TIC 261867566,0.968,0.061,-0.068,11.08,0.014,-0.014,9.448,0.019,-0.019,0.04666,0.00096,-0.0011,0.024,0.025,-0.017
K2-138 e,K2-138,TIC 4610830,0.935,0.019,-0.023,12.246,0.092,-0.092,10.305,0.021,-0.021,0.0782,0.00053,-0.00066,0.077,0.048,-0.049
NGTS-15 b,NGTS-15,TIC 1333933,0.995,0.025,-0.025,14.669,0.149,-0.149,12.907,0.036,-0.036,0.0441,0.0046,-0.0046,0.0,,
NGTS-16 b,NGTS-16,TIC 166806344,1.002,0.031,-0.031,14.529,0.103,-0.103,12.647,0.033,-0.033,0.0523,0.0064,-0.0064,0.0,,
GJ 9827 b,GJ 9827,TIC 301289516,0.62,0.04,-0.04,10.37,0.03,-0.03,7.193,0.024,-0.024,0.0189,0.0004,-0.0004,0.0,,
GJ 9827 c,GJ 9827,TIC 301289516,0.62,0.04,-0.04,10.37,0.03,-0.03,7.193,0.024,-0.024,0.0395,0.0009,-0.0009,0.0,,
TOI-824 b,TOI-824,TIC 193641523,0.71,0.032,-0.031,11.314,0.015,-0.015,8.432,0.038,-0.038,0.02177,0.00032,-0.00032,,,
OGLE-2018-BLG-1269L b,OGLE-2018-BLG-1269L,,1.11,0.68,-0.34,,,,,,,4.51,1.66,-1.15,,,
TOI-451 b,TOI-451,TIC 257605131,0.95,0.02,-0.02,10.939,0.008,-0.008,9.19,0.023,-0.023,0.0283,0.0011,-0.0012,0.0,,
K2-138 g,K2-138,TIC 4610830,0.935,0.019,-0.023,12.246,0.092,-0.092,10.305,0.021,-0.021,0.23109,0.00154,-0.00196,0.059,0.063,-0.04
K2-138 f,K2-138,TIC 4610830,0.935,0.019,-0.023,12.246,0.092,-0.092,10.305,0.021,-0.021,0.10447,0.0007,-0.00088,0.062,0.064,-0.043
HD 224018 d,HD 224018,TIC 248608315,1.013,0.069,-0.061,9.715,0.005,-0.005,8.145001,0.027,-0.027,0.53,0.06,-0.02,0.04,0.05,-0.04
KMT-2018-BLG-0748L b,KMT-2018-BLG-0748L,,0.087,0.132,-0.047,,,,,,,0.62,0.09,-0.09,,,
HD 108236 b,HD 108236,TIC 260647166,0.869,0.05,-0.048,9.25,0.03,-0.03,7.637,0.031,-0.031,0.04527,0.00096,-0.00088,0.045,0.039,-0.033
OGLE-2017-BLG-1049L b,OGLE-2017-BLG-1049L,,0.55,0.36,-0.29,,,,,,,3.92,1.1,-1.32,,,
GJ 740 b,GJ 740,TIC 227642705,0.58,0.06,-0.06,9.22,0.1,-0.1,5.357,0.021,-0.021,0.029,0.001,-0.001,0.24,0.15,-0.14
Kepler-1680 b,Kepler-1680,TIC 169079027,0.834,,,13.85,0.114,-0.114,11.673,0.021,-0.021,0.07642,0.00055,-0.00055,0.0,,
Kepler-1685 b,Kepler-1685,TIC 272270869,0.96,,,16.096,0.423,-0.423,14.059,0.062,-0.062,0.1485,,,0.0,,
GJ 3473 b,GJ 3473,TIC 452866790,0.36,0.016,-0.016,13.74,0.027,-0.027,8.829001,0.024,-0.024,0.01589,0.00062,-0.00062,0.0,,
HD 108236 e,HD 108236,TIC 260647166,0.869,0.05,-0.048,9.25,0.03,-0.03,7.637,0.031,-0.031,0.1367,0.0022,-0.002,0.058,0.032,-0.036
HD 60292 b,HD 60292,TIC 71296216,1.7,0.2,-0.2,6.94657,0.023,-0.023,3.926,0.036,-0.036,1.5,0.1,-0.1,0.27,0.1,-0.1
TOI-1231 b,TOI-1231,TIC 447061717,0.485,0.024,-0.024,12.36,0.2,-0.2,8.069,0.026,-0.026,0.1288,0.0021,-0.0022,0.087,0.12,-0.061
Kepler-1686 b,Kepler-1686,TIC 63005636,1.02,,,13.661,0.069,-0.069,12.336,0.023,-0.023,0.08827,0.00094,-0.00094,0.0,,
Kepler-249 b,Kepler-249,TIC 272942100,0.510238,0.020399,-0.020399,16.37,0.2,-0.2,11.966,0.021,-0.021,0.035,,,0.0,,
KMT-2016-BLG-2364L b,KMT-2016-BLG-2364L,,0.5,0.4,-0.27,,,,,,,2.63,0.46,-0.65,,,
KMT-2016-BLG-2397L b,KMT-2016-BLG-2397L,,0.64,0.29,-0.3,,,,,,,3.64,1.22,-1.61,,,
HD 108236 f,HD 108236,TIC 260647166,0.869,0.05,-0.048,9.25,0.03,-0.03,7.637,0.031,-0.031,0.1758,0.0041,-0.0038,0.051,0.036,-0.034
MOA-2009-BLG-319L b,MOA-2009-BLG-319L,,0.524,0.048,-0.048,,,,19.98,0.09,-0.09,2.03,0.21,-0.21,,,
HD 152843 c,HD 152843,TIC 349488688,1.15,0.04,-0.04,8.855,0.002,-0.002,7.629,0.02,-0.02,,,,0.115,0.173,-0.08
OGLE-2017-BLG-1375L b,OGLE-2017-BLG-1375L,,0.81,0.63,-0.24,,,,,,,3.04,1.16,-0.75,,,
Kepler-178 c,Kepler-178,TIC 158394235,0.852,0.03,-0.026,14.876,0.195,-0.195,12.899,0.024,-0.024,0.142,,,0.0,,
Kepler-33 e,Kepler-33,TIC 158935283,1.291,0.063,-0.121,14.099,0.08,-0.08,12.591,0.022,-0.022,0.2138,0.0045,-0.0045,0.0,,
HD 110113 b,HD 110113,TIC 73228647,0.997,0.06,-0.06,10.09,0.03,-0.03,8.502,0.024,-0.024,0.035,0.001,-0.001,0.093,0.079,-0.064
HD 110113 c,HD 110113,TIC 73228647,0.997,0.06,-0.06,10.09,0.03,-0.03,8.502,0.024,-0.024,0.068,0.001,-0.002,0.045,0.079,-0.038
HD 107148 c,HD 107148,TIC 66666079,1.105215,0.043011,-0.043011,8.01,0.03,-0.03,6.474,0.027,-0.027,0.1407,0.0018,-0.0019,0.34,0.13,-0.16
Kepler-1692 b,Kepler-1692,TIC 158324044,0.87,,,14.674,0.172,-0.172,12.658,0.023,-0.023,0.0646,,,0.0,,
Kepler-1694 b,Kepler-1694,TIC 138425797,0.82,,,14.901,0.08,-0.08,12.712,0.029,-0.029,0.0449,,,0.0,,
EPIC 201170410.02,EPIC 201170410,TIC 38116202,0.287,0.101,-0.084,17.6984,0.0471,-0.0471,12.619,0.027,-0.027,0.0349,0.0027,-0.0022,0.0,,
MASCARA-4 b,MASCARA-4,TIC 371443216,1.75,0.05,-0.05,8.191,0.002,-0.002,7.75,0.023,-0.023,0.0474,0.0013,-0.0013,0.0,,
HD 141004 b,HD 141004,TIC 296740796,1.051904,0.051084,-0.051084,4.4154,0.023,-0.023,2.989,0.23,-0.23,0.1238,0.002,-0.002,0.16,0.11,-0.1
TOI-954 b,TOI-954,TIC 44792534,1.201,0.066,-0.064,10.343,0.005,-0.005,8.779,0.023,-0.023,0.04963,0.00089,-0.0009,0.14,0.18,-0.11
TOI-1468 c,TOI-1468,TIC 243185500,0.3527,0.0081,-0.0079,12.5,0.2,-0.2,8.497,0.017,-0.017,0.08608,0.00065,-0.00065,0.111,0.15,-0.084
HD 168009 b,HD 168009,TIC 416117806,0.986073,0.043823,-0.043823,6.295,0.006,-0.006,4.756,0.021,-0.021,0.1192,0.0017,-0.0018,0.12,0.11,-0.082
HD 164922 e,HD 164922,TIC 159019691,0.921146,0.031836,-0.031836,7.01227,0.023,-0.023,5.113,0.02,-0.02,0.2292,0.0026,-0.0027,0.086,0.083,-0.06
HD 213472 b,HD 213472,TIC 120601788,1.048132,0.050666,-0.050666,8.17,0.03,-0.03,6.609,0.02,-0.02,13.0,5.7,-2.6,0.53,0.12,-0.085
Kepler-896 c,Kepler-896,TIC 123490277,0.877,0.083,-0.092,15.457,0.046,-0.046,13.659,0.039,-0.039,0.1792,,,0.0,,
Kepler-1695 b,Kepler-1695,TIC 270618467,0.96,,,14.762,0.092,-0.092,12.998,0.034,-0.034,0.0529,,,0.0,,
HD 77946 b,HD 77946,TIC 39699648,1.1973,0.0308,-0.0289,8.99,0.03,-0.03,7.622,0.02,-0.02,0.073,0.001,-0.01,0.211,0.072,-0.072
K2-340 b,K2-340,TIC 178246831,0.93,0.04,-0.04,14.428,0.08,-0.08,12.435,0.023,-0.023,,,,,,
HD 39194 c,HD 39194,TIC 389506883,0.67,0.04,-0.04,8.09,0.03,-0.03,6.094,0.02,-0.02,0.103,0.002,-0.002,0.154,,
TIC 172900988 b,TIC 172900988 Aa,TIC 172900988,1.2384,0.0007,-0.0007,10.141,0.006,-0.006,8.762,0.019,-0.019,0.90281,0.00016,-0.00016,0.0271,0.0011,-0.0011
TOI-1749 d,TOI-1749,TIC 233602827,0.58,0.03,-0.03,13.86,0.072,-0.072,10.27,0.019,-0.019,0.0707,0.0012,-0.0012,0.062,,
Kepler-1704 b,Kepler-1704,TIC 350738167,1.132,0.04,-0.05,13.392,0.137,-0.137,11.792,0.026,-0.026,2.027,0.024,-0.03,0.92,0.01,-0.016
TOI-1130 b,TOI-1130,TIC 254113311,0.745,0.007,-0.009,11.595,0.026,-0.026,8.351,0.033,-0.033,0.0453,0.0001,-0.0002,0.052162,0.000956,-2e-06
K2-346 b,K2-346,TIC 14570099,0.71,0.02,-0.02,11.903,0.034,-0.034,9.501,0.023,-0.023,,,,,,
HD 93385 b,HD 93385,TIC 106900981,1.04,0.01,-0.01,7.49,0.03,-0.03,6.065,0.023,-0.023,0.0756,0.0013,-0.0013,0.295,,
HD 93385 d,HD 93385,TIC 106900981,1.04,0.01,-0.01,7.49,0.03,-0.03,6.065,0.023,-0.023,0.2565,0.0043,-0.0043,0.09,0.15,-0.05
HD 109286 b,HD 109286,TIC 399087153,0.98,0.05,-0.05,8.78,0.03,-0.03,7.162,0.029,-0.029,1.259,0.021,-0.022,0.338,0.034,-0.035
TOI-663 d,TOI-663,TIC 54962195,0.514,0.012,-0.012,13.667,0.023,-0.023,9.607,0.021,-0.021,0.0576,0.0021,-0.0022,,,
K2-350 c,K2-350,TIC 294319820,0.98,0.02,-0.02,13.449,0.092,-0.092,11.776,0.024,-0.024,,,,,,
HD 96700 c,HD 96700,TIC 23270430,0.89,0.01,-0.01,6.51,0.03,-0.03,4.995,0.024,-0.024,0.141,0.002,-0.002,0.293,,
HD 96700 d,HD 96700,TIC 23270430,0.89,0.01,-0.01,6.51,0.03,-0.03,4.995,0.024,-0.024,0.424,0.007,-0.007,0.27,0.08,-0.08
HD 115954 b,HD 115954,TIC 180655149,1.18,0.06,-0.06,8.34,0.03,-0.03,6.87,0.02,-0.02,5.0,1.3,-0.36,0.487,0.095,-0.041
KMT-2018-BLG-1025L b,KMT-2018-BLG-1025L,,0.219,0.297,-0.12,,,,,,,1.305,0.194,-0.227,,,
K2-185 c,K2-185,TIC 337607207,0.96,0.05,-0.07,12.235,0.08,-0.08,10.68,0.019,-0.019,,,,,,
EPIC 212587672 c,EPIC 212587672,TIC 771548,0.99,0.03,-0.04,12.488,0.044,-0.044,10.857,0.021,-0.021,,,,,,
HD 189567 b,HD 189567,TIC 352402781,0.83,0.01,-0.01,6.074,0.001,-0.001,4.511,0.026,-0.026,0.111,0.002,-0.002,0.189,,
G 264-012 b,G 264-012,TIC 322391844,0.297,0.024,-0.024,13.078,0.052,-0.052,7.986,0.02,-0.02,0.02279,0.00061,-0.00061,,,
K2-331 c,K2-331,TIC 46296576,1.1,0.03,-0.04,11.305,0.029,-0.029,9.804,0.016,-0.016,,,,,,
TOI-1201 b,TOI-1201,TIC 29960110,0.512,0.02,-0.02,12.26,0.2,-0.2,8.646,0.029,-0.029,0.0287,0.0012,-0.0012,0.0,,
OGLE-2018-BLG-1185L b,OGLE-2018-BLG-1185L,,0.37,0.35,-0.21,29.3,3.1,-2.6,20.8,1.8,-1.5,1.54,0.18,-0.22,,,
TOI-1431 b,TOI-1431,TIC 375506058,1.9,0.1,-0.08,8.03,0.03,-0.03,7.439,0.029,-0.029,0.046,0.002,-0.002,0.0022,0.003,-0.0016
G 264-012 c,G 264-012,TIC 322391844,0.297,0.024,-0.024,13.078,0.052,-0.052,7.986,0.02,-0.02,0.0525,0.0014,-0.0014,,,
HAT-P-58 b,HAT-P-58,TIC 9443323,1.031,0.028,-0.028,12.925,0.195,-0.195,10.978,0.023,-0.023,0.04994,0.00044,-0.00044,0.073,,
K2-333 b,K2-333,TIC 330690135,1.06,0.04,-0.04,12.073,0.092,-0.092,10.596,0.024,-0.024,,,,,,
TOI-3362 b,TOI-3362,TIC 464300749,1.445,0.069,-0.073,10.86,0.009,-0.009,9.693,0.023,-0.023,0.153,0.002,-0.003,0.815,0.023,-0.032
HAT-P-59 b,HAT-P-59,TIC 229400092,1.008,0.022,-0.022,11.64,0.034,-0.034,10.208,0.022,-0.022,0.05064,0.00037,-0.00037,0.03,,
TOI-4794 b,TOI-4794,TIC 95589845,1.25,0.068,-0.075,12.563,0.08,-0.08,11.123,0.025,-0.025,0.0492,0.0009,-0.001,0.1,,
K2-344 b,K2-344,TIC 203289099,0.51,0.01,-0.01,13.423,0.114,-0.114,9.662,0.025,-0.025,,,,,,
K2-343 c,K2-343,TIC 197246627,0.49,0.01,-0.01,16.01,0.183,-0.183,11.855,0.023,-0.023,,,,,,
K2-348 b,K2-348,TIC 117275513,0.83,0.02,-0.01,12.572,0.046,-0.046,10.381,0.018,-0.018,,,,,,
HAT-P-43 b,HAT-P-43,TIC 468987719,1.03,0.04,-0.04,13.279,0.057,-0.057,11.764,0.023,-0.023,0.0444,0.0021,-0.0021,0.0,,
HAT-P-63 b,HAT-P-63,TIC 325670253,0.925,0.023,-0.023,13.657,0.092,-0.092,11.512,0.023,-0.023,0.04294,0.00035,-0.00035,0.069,,
HAT-P-61 b,HAT-P-61,TIC 259506033,1.004,0.033,-0.033,13.096,0.08,-0.08,11.141,0.02,-0.02,0.0301,0.00034,-0.00034,0.113,,
K2-348 c,K2-348,TIC 117275513,0.83,0.02,-0.01,12.572,0.046,-0.046,10.381,0.018,-0.018,,,,,,
CD Cet b,CD Cet,TIC 328465904,0.161,0.01,-0.01,13.95,0.2,-0.2,7.833,0.024,-0.024,0.0185,0.0013,-0.0013,,,
K2-183 d,K2-183,TIC 60256211,0.942219,0.021244,-0.024592,12.867,0.08,-0.08,11.021,0.02,-0.02,0.1527,0.002,-0.002,,,
TOI-530 b,TOI-530,TIC 387690507,0.53,0.02,-0.02,15.403,0.136,-0.136,11.238,0.02,-0.02,0.052,0.005,-0.004,0.0,,
Kepler-129 d,Kepler-129,TIC 164999822,1.178,0.021,-0.03,11.809,0.022,-0.022,10.252,0.019,-0.019,4.0,0.1,-0.1,0.15,0.07,-0.05
HIP 41378 b,HIP 41378,TIC 366443426,1.16,0.04,-0.04,8.93,0.03,-0.03,7.722,0.031,-0.031,,,,,,
HIP 41378 d,HIP 41378,TIC 366443426,1.16,0.04,-0.04,8.93,0.03,-0.03,7.722,0.031,-0.031,,,,0.0,,
Kepler-129 c,Kepler-129,TIC 164999822,1.178,0.021,-0.03,11.809,0.022,-0.022,10.252,0.019,-0.019,0.39,,,0.2,0.15,-0.2
K2-352 d,K2-352,TIC 86130229,0.98,0.04,-0.04,11.125,0.016,-0.016,9.691,0.02,-0.02,,,,,,
K2-187 e,K2-187,TIC 332024125,0.966999,0.025227,-0.024169,13.102,0.069,-0.069,11.196,0.021,-0.021,0.1106,0.0013,-0.0013,,,
K2-282 b,K2-282,TIC 266030192,0.94,0.04,-0.04,14.21,0.114,-0.114,12.002,0.021,-0.021,0.0499,0.0006,-0.0007,,,
HD 25723 b,HD 25723,TIC 136888305,2.12,0.41,-0.55,5.60075,0.023,-0.023,3.044,0.272,-0.272,1.49,0.04,-0.05,0.04,0.05,-0.03
GJ 9689 b,GJ 9689,TIC 87942223,0.59,0.06,-0.06,11.297,0.013,-0.013,7.468,0.021,-0.021,0.1139,0.0039,-0.0039,0.29,0.11,-0.13
Kepler-129 b,Kepler-129,TIC 164999822,1.178,0.021,-0.03,11.809,0.022,-0.022,10.252,0.019,-0.019,0.13,,,0.01,0.24,-0.01
KIC 10068024 b,KIC 10068024,TIC 158840777,1.22,0.175,-0.139,13.144,0.092,-0.092,11.83,0.026,-0.026,,,,,,
K2-268 d,K2-268,TIC 444037742,0.84,0.02,-0.02,13.848,0.114,-0.114,11.639,0.023,-0.023,,,,,,
TOI-558 b,TOI-558,TIC 207110080,1.349,0.064,-0.065,11.233,0.013,-0.013,10.262,0.023,-0.023,0.1291,0.002,-0.0021,0.298,0.022,-0.02
KIC 5479689 b,KIC 5479689,TIC 171975725,0.966,0.03,-0.04,13.929,0.114,-0.114,11.937,0.018,-0.018,,,,,,
TOI-532 b,TOI-532,TIC 144700903,0.639,0.023,-0.023,14.413,0.006,-0.006,10.587,0.025,-0.025,0.0296,0.00035,-0.00035,0.0,,
K2-268 e,K2-268,TIC 444037742,0.84,0.02,-0.02,13.848,0.114,-0.114,11.639,0.023,-0.023,,,,,,
BD+45 564 b,BD+45 564,TIC 292607437,0.81,0.072,-0.072,9.67,0.03,-0.03,7.557,0.024,-0.024,0.83,0.04,-0.04,0.12,0.06,-0.06
BD+55 362 b,BD+55 362,TIC 453226076,0.909,0.099,-0.099,9.38,0.03,-0.03,7.331,0.021,-0.021,0.78,0.05,-0.05,0.27,0.06,-0.06
EPIC 212587672 b,EPIC 212587672,TIC 771548,0.99,0.03,-0.04,12.488,0.044,-0.044,10.857,0.021,-0.021,,,,,,
EPIC 212624936 c,EPIC 212624936,TIC 2764004,1.0,,,13.976,0.137,-0.137,12.292,0.027,-0.027,,,,,,
K2-137 b,K2-137,TIC 98720702,0.463,0.052,-0.052,15.94,0.2,-0.2,10.882,0.023,-0.023,0.0058,0.0006,-0.0006,0.0,,
HD 124330 b,HD 124330,TIC 441692540,1.15,0.079,-0.079,7.88,0.03,-0.03,6.389,0.018,-0.018,0.86,0.04,-0.04,0.34,0.05,-0.05
HD 136352 b,HD 136352,TIC 136916387,0.87,0.04,-0.04,5.65,0.03,-0.03,4.159,0.036,-0.036,0.0964,0.0028,-0.0028,0.0,,
K2-350 b,K2-350,TIC 294319820,0.98,0.02,-0.02,13.449,0.092,-0.092,11.776,0.024,-0.024,,,,,,
HD 136352 d,HD 136352,TIC 136916387,0.87,0.04,-0.04,5.65,0.03,-0.03,4.159,0.036,-0.036,0.425,0.012,-0.012,0.0,,
K2-268 c,K2-268,TIC 444037742,0.84,0.02,-0.02,13.848,0.114,-0.114,11.639,0.023,-0.023,0.0819,0.0006,-0.0006,,,
EPIC 212624936 b,EPIC 212624936,TIC 2764004,1.0,,,13.976,0.137,-0.137,12.292,0.027,-0.027,,,,,,
TOI-1259 A b,TOI-1259 A,TIC 288735205,0.744,0.064,-0.059,12.079,0.046,-0.046,9.619,0.018,-0.018,0.0407,0.00114,-0.0011,0.0,,
HIP 75092 b,HIP 75092,TIC 225884682,1.28,0.11,-0.1,7.11,0.03,-0.03,4.738,0.027,-0.027,2.02,0.02,-0.02,0.42,0.1,-0.1
TOI-1062 b,TOI-1062,TIC 299799658,0.94,0.02,-0.02,10.249,0.005,-0.005,8.296,0.031,-0.031,0.052,0.024,-0.025,0.177,0.067,-0.064
K2-335 b,K2-335,TIC 21247758,1.23,0.04,-0.04,12.556,0.114,-0.114,11.281,0.02,-0.02,,,,,,
K2-32 b,K2-32,TIC 437444661,0.83,0.02,-0.02,12.304,0.092,-0.092,9.821,0.019,-0.019,0.0795,0.00066,-0.00062,0.03,0.032,-0.021
HD 97658 b,HD 97658,TIC 82308728,0.85,0.08,-0.08,7.76,0.03,-0.03,5.734,0.018,-0.018,0.0805,0.001,-0.0011,0.05,0.04,-0.03
KMT-2018-BLG-1976L b,KMT-2018-BLG-1976L,,0.65,0.41,-0.37,,,,,,,3.54,1.25,-1.43,,,
K2-337 b,K2-337,TIC 20484888,0.94,0.04,-0.03,12.385,0.069,-0.069,10.804,0.018,-0.018,,,,,,
K2-183 c,K2-183,TIC 60256211,0.942219,0.021244,-0.024592,12.867,0.08,-0.08,11.021,0.02,-0.02,0.0932,0.0012,-0.0012,,,
K2-187 d,K2-187,TIC 332024125,0.966999,0.025227,-0.024169,13.102,0.069,-0.069,11.196,0.021,-0.021,0.072,0.0009,-0.0009,,,
K2-140 b,K2-140,TIC 380255458,0.96,0.06,-0.04,12.727,0.092,-0.092,10.995,0.021,-0.021,0.068,0.001,-0.001,0.0,,
TOI-1749 c,TOI-1749,TIC 233602827,0.58,0.03,-0.03,13.86,0.072,-0.072,10.27,0.019,-0.019,0.0443,0.0008,-0.0008,0.019,,
OGLE-2019-BLG-0954L b,OGLE-2019-BLG-0954L,,0.8,0.55,-0.42,,,,,,,2.65,0.89,-1.2,,,
Kepler-1820 b,Kepler-1820,TIC 351189211,1.047,0.112,-0.137,15.759,0.423,-0.423,14.149,0.058,-0.058,0.1964,,,0.0,,
Kepler-58 b,Kepler-58,TIC 184471242,0.95,,,15.086,0.092,-0.092,13.283,0.032,-0.032,0.09291,0.00077,-0.00077,0.04,0.044,-0.031
HIP 97166 c,HIP 97166,TIC 237222864,0.9342,0.0158,-0.0184,9.92,0.03,-0.03,7.923,0.02,-0.02,0.124,0.002,-0.002,0.0,,
Kepler-1858 b,Kepler-1858,TIC 63205796,0.785,0.053,-0.028,15.959,0.137,-0.137,13.663,0.051,-0.051,0.3575,,,0.0,,
Kepler-1860 b,Kepler-1860,TIC 27082724,0.874,0.055,-0.051,13.569,0.103,-0.103,11.808,0.019,-0.019,0.10625,0.00058,-0.00058,0.0,,
K2-122 b,K2-122,TIC 14635562,0.63,0.02,-0.02,13.105,0.063,-0.063,9.275,0.018,-0.018,0.0373,0.0038,-0.0095,0.21,0.182563,-0.167694
Kepler-1764 b,Kepler-1764,TIC 138431522,1.162,0.164,-0.164,14.91,0.286,-0.286,13.449,0.04,-0.04,0.3512,,,0.0,,
Kepler-1765 b,Kepler-1765,TIC 273773509,0.946,0.125,-0.091,15.04,0.046,-0.046,13.127,0.027,-0.027,0.0917,,,0.0,,
Kepler-1863 b,Kepler-1863,TIC 123416041,1.097,0.045,-0.076,13.64,0.092,-0.092,12.039,0.013,-0.013,0.23678,0.00158,-0.00158,0.0,,
K2-274 b,K2-274,TIC 195193560,0.79,0.01,-0.01,13.181,0.114,-0.114,10.986,0.019,-0.019,0.0964,0.0059,-0.0163,,,
K2-275 b,K2-275,TIC 332022997,0.77,0.01,-0.01,11.974,0.069,-0.069,9.749,0.024,-0.024,0.0277,0.0141,-0.0082,,,
Kepler-1766 b,Kepler-1766,TIC 270958237,0.915,0.066,-0.059,12.96,0.069,-0.069,11.475,0.017,-0.017,0.4161,0.00333,-0.00333,0.0,,
Kepler-1759 b,Kepler-1759,TIC 267989857,0.76,0.095,-0.055,14.532,0.092,-0.092,12.159,0.025,-0.025,0.0429,,,0.0,,
Kepler-1794 b,Kepler-1794,TIC 240219049,0.773,0.087,-0.055,15.497,0.103,-0.103,13.031,0.034,-0.034,0.0821,,,0.0,,
Kepler-1865 b,Kepler-1865,TIC 138431036,0.849,0.098,-0.073,15.468,0.24,-0.24,13.635,0.048,-0.048,0.0344,,,0.0,,
Kepler-1866 b,Kepler-1866,TIC 158213683,1.03,0.068,-0.062,14.418,0.114,-0.114,12.877,0.023,-0.023,0.1016,,,0.0,,
K2-275 c,K2-275,TIC 332022997,0.77,0.01,-0.01,11.974,0.069,-0.069,9.749,0.024,-0.024,0.0881,0.0049,-0.0104,,,
Kepler-1760 b,Kepler-1760,TIC 48421060,0.821,0.059,-0.032,14.472,0.137,-0.137,12.537,0.031,-0.031,0.2084,,,0.0,,
Kepler-1785 b,Kepler-1785,TIC 271877992,0.911,0.068,-0.046,14.245,0.195,-0.195,12.66,0.023,-0.023,0.13917,0.00166,-0.00166,0.0,,
Kepler-1796 b,Kepler-1796,TIC 185336831,1.018,0.141,-0.141,14.493,0.114,-0.114,12.809,0.023,-0.023,0.1879,,,0.0,,
Kepler-1311 d,Kepler-1311,TIC 159106207,1.032,0.107,-0.097,13.528,0.069,-0.069,11.825,0.013,-0.013,0.68434,0.00497,-0.00497,0.0,,
OGLE-2018-BLG-0567L b,OGLE-2018-BLG-0567L,,0.25,0.27,-0.13,,,,,,,2.72,0.53,-0.59,,,
HD 29399 b,HD 29399,TIC 38828538,1.17,0.1,-0.1,5.79,0.03,-0.03,3.777,0.238,-0.238,1.913,0.008,-0.008,0.05,0.05,-0.05
Kepler-1775 b,Kepler-1775,TIC 120892579,1.149,0.128,-0.105,13.429,0.114,-0.114,12.005,0.033,-0.033,0.39565,0.00457,-0.00457,0.0,,
Kepler-487 d,Kepler-487,TIC 139158696,0.874,0.055,-0.046,14.882,0.183,-0.183,13.25,0.037,-0.037,0.03445,0.00038,-0.00038,0.0,,
Kepler-799 c,Kepler-799,TIC 158419284,1.031,0.094,-0.094,15.166,0.115,-0.115,13.524,0.04,-0.04,0.1214,,,0.0,,
Kepler-1872 b,Kepler-1872,TIC 123230993,0.913,0.061,-0.081,15.966,1.133,-1.133,13.71,0.041,-0.041,0.0465,,,0.0,,
Kepler-1873 b,Kepler-1873,TIC 271164726,0.903,0.046,-0.092,15.889,0.058,-0.058,13.569,0.041,-0.041,0.0128,,,0.0,,
TOI-2257 b,TOI-2257,TIC 198485881,0.328,0.021,-0.019,15.211,0.034,-0.034,10.673,0.016,-0.016,0.145,0.003,-0.003,0.496,0.216,-0.133
HD 137496 b,HD 137496,TIC 346250894,1.04,0.02,-0.02,9.899,0.006,-0.006,8.244,0.036,-0.036,0.02732,0.00019,-0.00019,0.0,,
TOI-1268 b,TOI-1268,TIC 142394656,0.96,0.04,-0.04,10.92,0.008,-0.008,8.911,0.014,-0.014,0.0711,0.0063,-0.0058,0.105,0.04,-0.039
Kepler-1823 b,Kepler-1823,TIC 164559875,1.068,0.086,-0.07,13.477,0.08,-0.08,12.079,0.02,-0.02,0.15332,0.00146,-0.00146,0.0,,
Kepler-1822 b,Kepler-1822,TIC 169177842,0.782,0.066,-0.088,15.804,0.561,-0.561,13.573,0.032,-0.032,0.1416,,,0.0,,
Kepler-1874 b,Kepler-1874,TIC 158219569,0.758,0.04,-0.028,15.434,0.217,-0.217,12.473,0.021,-0.021,0.2633,,,0.0,,
HD 137496 c,HD 137496,TIC 346250894,1.04,0.02,-0.02,9.899,0.006,-0.006,8.244,0.036,-0.036,1.2163,0.0087,-0.0088,0.477,0.004,-0.004
Kepler-1732 b,Kepler-1732,TIC 137547023,1.043,0.107,-0.08,14.884,0.092,-0.092,13.205,0.038,-0.038,0.2015,,,0.0,,
Kepler-1780 b,Kepler-1780,TIC 270862497,0.868,0.054,-0.048,14.907,0.126,-0.126,13.197,0.033,-0.033,0.4276,,,0.0,,
Kepler-1827 b,Kepler-1827,TIC 137555923,0.915,0.049,-0.061,13.228,0.092,-0.092,11.171,0.019,-0.019,0.04647,0.00033,-0.00033,0.0,,
Kepler-1828 b,Kepler-1828,TIC 137638020,0.996,0.046,-0.066,14.985,0.103,-0.103,13.333,0.035,-0.035,0.0924,,,0.0,,
Kepler-1130 d,Kepler-1130,TIC 164882482,0.944,0.039,-0.066,12.509,0.046,-0.046,10.662,0.016,-0.016,0.05068,0.00039,-0.00039,0.0,,
Kepler-1736 b,Kepler-1736,TIC 394179552,0.976,0.129,-0.116,14.808,0.183,-0.183,13.073,0.051,-0.051,0.2188,,,0.0,,
Kepler-1768 b,Kepler-1768,TIC 239236731,1.24,0.17,-0.227,13.565,0.069,-0.069,11.932,0.023,-0.023,0.1286,,,0.0,,
Kepler-1779 b,Kepler-1779,TIC 239309962,1.008,0.061,-0.061,15.132,0.217,-0.217,13.251,0.04,-0.04,0.1264,,,0.0,,
Kepler-1829 b,Kepler-1829,TIC 299028577,0.873,0.062,-0.101,15.218,0.149,-0.149,13.081,0.035,-0.035,0.0559,,,0.0,,
Kepler-1831 b,Kepler-1831,TIC 27456723,1.117,0.13,-0.145,15.158,0.126,-0.126,13.538,0.045,-0.045,0.0655,,,0.0,,
Kepler-1882 b,Kepler-1882,TIC 159449495,1.068,0.093,-0.076,12.516,0.069,-0.069,10.919,0.037,-0.037,0.11636,0.00118,-0.00118,0.0,,
Kepler-1737 b,Kepler-1737,TIC 272842268,0.834,0.068,-0.055,15.498,0.137,-0.137,13.18,0.03,-0.03,0.297,,,0.0,,
Kepler-1776 b,Kepler-1776,TIC 159728250,1.041,0.082,-0.059,13.68,0.092,-0.092,12.259,0.02,-0.02,0.2093,0.00237,-0.00237,0.0,,
Kepler-1771 b,Kepler-1771,TIC 26583944,0.941,0.057,-0.063,13.802,0.126,-0.126,12.152,0.026,-0.026,0.3815,,,0.0,,
Kepler-1832 b,Kepler-1832,TIC 269263219,0.684,0.098,-0.042,14.577,0.103,-0.103,12.35,0.018,-0.018,0.037,,,0.0,,
Kepler-1834 b,Kepler-1834,TIC 378087161,0.765,0.051,-0.028,15.18,0.08,-0.08,12.722,0.038,-0.038,0.04911,0.00053,-0.00053,0.0,,
Kepler-1885 b,Kepler-1885,TIC 158839043,0.977,0.085,-0.113,14.851,0.069,-0.069,13.109,0.027,-0.027,0.036,,,0.0,,
Kepler-1130 c,Kepler-1130,TIC 164882482,0.944,0.039,-0.066,12.509,0.046,-0.046,10.662,0.016,-0.016,0.04238,0.00033,-0.00033,0.0,,
Kepler-1734 b,Kepler-1734,TIC 138636741,1.05,0.142,-0.142,15.598,0.149,-0.149,13.884,0.053,-0.053,0.0714,,,0.0,,
Kepler-418 c,Kepler-418,TIC 377871791,0.957,0.078,-0.056,14.824,0.126,-0.126,13.103,0.034,-0.034,0.10632,0.00119,-0.00119,0.0,,
Kepler-1799 b,Kepler-1799,TIC 298961646,1.016,0.116,-0.127,15.99,0.263,-0.263,14.237,0.067,-0.067,0.1028,,,0.0,,
Kepler-1800 b,Kepler-1800,TIC 169814632,1.33,0.146,-0.341,13.194,0.114,-0.114,11.279,0.018,-0.018,0.05098,0.00037,-0.00037,0.0,,
Kepler-1835 b,Kepler-1835,TIC 351799800,0.922,0.119,-0.097,15.615,0.206,-0.206,13.836,0.049,-0.049,0.0997,,,0.0,,
Kepler-1837 b,Kepler-1837,TIC 158665571,1.049,0.126,-0.14,15.48,0.058,-0.058,13.835,0.058,-0.058,0.065,,,0.0,,
Kepler-1878 b,Kepler-1878,TIC 184998205,0.956,0.119,-0.119,15.587,0.069,-0.069,13.672,0.041,-0.041,0.0521,,,0.0,,
Kepler-1750 b,Kepler-1750,TIC 424864368,0.981,0.056,-0.056,15.702,0.698,-0.698,13.903,0.052,-0.052,0.6785,,,0.0,,
K2-117 b,K2-117,TIC 458686847,0.54,0.01,-0.01,14.639,0.149,-0.149,10.589,0.025,-0.025,0.0189,0.0001,-0.0001,0.06,0.138304,-0.053132
Kepler-1801 b,Kepler-1801,TIC 139034625,0.936,0.114,-0.093,15.28,0.046,-0.046,13.405,0.04,-0.04,0.0915,,,0.0,,
Kepler-1804 b,Kepler-1804,TIC 185185751,0.929,0.103,-0.126,14.679,0.114,-0.114,12.356,0.025,-0.025,0.1017,,,0.0,,
Kepler-1838 b,Kepler-1838,TIC 171585303,1.187,0.133,-0.147,11.443,0.026,-0.026,10.373,0.023,-0.023,0.11082,0.00175,-0.00175,0.0,,
Kepler-1839 b,Kepler-1839,TIC 27082730,1.03,0.127,-0.14,14.935,0.126,-0.126,13.033,0.034,-0.034,0.0583,,,0.0,,
K2-101 b,K2-101,TIC 175265494,0.82,0.02,-0.03,12.892,0.114,-0.114,10.536,0.019,-0.019,0.1124,0.0095,-0.0239,0.1,0.18,-0.08
Kepler-1748 b,Kepler-1748,TIC 158112888,0.916,0.11,-0.1,16.004,0.309,-0.309,14.187,0.059,-0.059,0.0615,,,0.0,,
Kepler-1808 b,Kepler-1808,TIC 121215333,0.773,0.123,-0.057,15.424,0.046,-0.046,13.49,0.037,-0.037,0.1467,,,0.0,,
Kepler-1842 b,Kepler-1842,TIC 158216580,1.057,0.152,-0.124,14.746,0.035,-0.035,13.104,0.027,-0.027,0.116,,,0.0,,
K2-355 b,K2-355,TIC 186853124,0.96,0.05,-0.06,13.707,0.103,-0.103,12.016,0.021,-0.021,0.0632,0.0096,-0.0176,,,
Kepler-1741 b,Kepler-1741,TIC 137689252,0.454,0.037,-0.064,16.154,0.15,-0.15,12.611,,,0.0296,,,0.0,,
Kepler-1742 b,Kepler-1742,TIC 158326424,0.939,0.098,-0.12,14.512,0.08,-0.08,12.831,0.028,-0.028,0.2587,,,0.0,,
Kepler-1810 b,Kepler-1810,TIC 351057636,0.921,0.057,-0.042,15.4,0.069,-0.069,13.57,0.041,-0.041,0.4137,,,0.0,,
Kepler-1812 b,Kepler-1812,TIC 170346516,1.162,0.158,-0.158,15.631,0.149,-0.149,13.719,0.04,-0.04,0.0765,,,0.0,,
Kepler-1845 b,Kepler-1845,TIC 137892408,0.686,0.05,-0.025,16.117,0.16,-0.16,13.585,0.042,-0.042,0.0885,,,0.0,,
K2-356 b,K2-356,TIC 20536788,0.9,0.05,-0.06,13.268,0.08,-0.08,11.508,0.02,-0.02,0.1599,0.0178,-0.0306,,,
K2-357 b,K2-357,TIC 293459761,0.98,0.07,-0.07,13.748,0.126,-0.126,11.952,0.026,-0.026,0.145,0.0136,-0.0235,,,
Kepler-1745 b,Kepler-1745,TIC 270525576,0.995,0.074,-0.066,14.854,0.046,-0.046,13.323,0.037,-0.037,0.0408,,,0.0,,
Kepler-1744 b,Kepler-1744,TIC 159575346,0.886,0.099,-0.099,15.566,0.16,-0.16,13.532,0.034,-0.034,0.20945,0.00259,-0.00259,0.0,,
Kepler-1814 b,Kepler-1814,TIC 399821831,0.79,0.073,-0.054,15.814,0.332,-0.332,13.393,0.043,-0.043,0.03765,0.00033,-0.00033,0.0,,
Kepler-1815 b,Kepler-1815,TIC 239273090,0.856,0.12,-0.074,15.621,0.126,-0.126,13.58,0.052,-0.052,0.0984,,,0.0,,
Kepler-1846 b,Kepler-1846,TIC 271044777,0.785,0.035,-0.042,14.412,0.149,-0.149,11.942,0.017,-0.017,0.11054,0.00107,-0.00107,0.0,,
K2-358 b,K2-358,TIC 197241396,0.93,0.06,-0.06,13.699,0.137,-0.137,11.989,0.021,-0.021,0.0863,0.0079,-0.0159,,,
Kepler-1669 c,Kepler-1669,TIC 169457234,0.609,0.033,-0.033,16.473,0.343,-0.343,13.2,0.034,-0.034,0.0228,,,0.0,,
Kepler-1787 b,Kepler-1787,TIC 158983401,1.008,0.117,-0.13,14.564,0.069,-0.069,12.988,0.031,-0.031,0.227,,,0.0,,
Kepler-1816 b,Kepler-1816,TIC 27911400,0.786,0.033,-0.062,14.734,0.103,-0.103,12.527,0.025,-0.025,0.35647,0.0036,-0.0036,0.0,,
Kepler-1853 b,Kepler-1853,TIC 164784178,0.765,0.051,-0.028,15.229,0.149,-0.149,12.776,0.031,-0.031,0.2395,,,0.0,,
K2-272 b,K2-272,TIC 46259692,0.86,0.05,-0.05,13.872,0.172,-0.172,12.0,0.018,-0.018,0.1007,0.0199,-0.0354,,,
Kepler-1757 b,Kepler-1757,TIC 273378480,0.828,0.07,-0.096,15.817,0.252,-0.252,13.543,0.04,-0.04,0.1335,,,0.0,,
Kepler-1758 b,Kepler-1758,TIC 169932440,1.035,0.085,-0.094,15.119,0.114,-0.114,13.302,0.033,-0.033,0.0919,,,0.0,,
Kepler-1818 b,Kepler-1818,TIC 120251654,1.021,0.153,-0.126,14.514,0.08,-0.08,12.829,0.025,-0.025,0.055,,,0.0,,
Kepler-1819 b,Kepler-1819,TIC 272596372,1.173,0.121,-0.181,15.489,0.092,-0.092,13.842,0.048,-0.048,0.1337,,,0.0,,
Kepler-1856 b,Kepler-1856,TIC 27687265,0.782,0.059,-0.025,15.621,0.092,-0.092,13.392,0.04,-0.04,0.0215,,,0.0,,
K2-273 b,K2-273,TIC 175233369,0.89,0.03,-0.03,13.246,0.08,-0.08,11.3,0.022,-0.022,0.0729,0.0053,-0.0141,,,
KOI-134 c,KOI-134,TIC 271772050,1.407,0.043,-0.043,13.773,0.137,-0.137,12.322,0.018,-0.018,0.2305,0.0069,-0.0081,0.24,0.12,-0.03
OGLE-2018-BLG-0532L b,OGLE-2018-BLG-0532L,,0.195,0.022,-0.02,,,,,,,1.064,0.119,-0.115,,,
2M0437 b,2MASS J04372171+2651014,TIC 125843782,0.17,0.01,-0.02,16.186,1.133,-1.133,10.386,0.018,-0.018,118.0,1.3,-1.3,,,
TOI-2180 b,TOI-2180,TIC 298663873,1.111,0.047,-0.046,9.162,0.002,-0.002,7.604,0.016,-0.016,0.828,0.012,-0.012,0.3683,0.0073,-0.0073
Kepler-1308 b,Kepler-1308,TIC 120693011,0.35,0.038,-0.037,16.4,0.2,-0.2,11.023,0.018,-0.018,0.025,,,0.0,,
Kepler-1897 b,Kepler-1897,TIC 138645719,0.859,0.064,-0.085,16.01,0.092,-0.092,13.714,0.051,-0.051,0.1546,,,0.0,,
Kepler-1964 b,Kepler-1964,TIC 27991150,0.752,0.061,-0.075,16.363,0.229,-0.229,13.45,0.042,-0.042,0.0322,,,0.0,,
KMT-2021-BLG-0322L b,KMT-2021-BLG-0322L,,0.62,0.25,-0.26,,,,,,,,,,,,
WASP-174 b,WASP-174,TIC 102192004,1.24,0.038,-0.038,11.803,0.034,-0.034,10.579,0.021,-0.021,0.05503,0.00056,-0.00056,0.0,,
TOI-1064 b,TOI-1064,TIC 79748331,0.748,0.032,-0.032,10.938,0.046,-0.046,8.467,0.034,-0.034,0.06152,0.00086,-0.00089,0.047,0.038,-0.03
TOI-1064 c,TOI-1064,TIC 79748331,0.748,0.032,-0.032,10.938,0.046,-0.046,8.467,0.034,-0.034,0.09429,0.00132,-0.00136,0.088,0.081,-0.064
Kepler-1900 b,Kepler-1900,TIC 63010445,1.104,0.146,-0.146,15.502,0.103,-0.103,13.815,0.058,-0.058,0.042,,,0.0,,
Kepler-1901 b,Kepler-1901,TIC 159647219,1.022,0.047,-0.067,15.097,0.103,-0.103,13.31,0.027,-0.027,0.0453,,,0.0,,
Kepler-287 c,Kepler-287,TIC 417660580,0.963,0.033,-0.031,14.952,0.115,-0.115,13.135,0.034,-0.034,0.246,,,0.0,,
HD 360 b,HD 360,TIC 37652064,1.69,0.15,-0.53,5.986,0.005,-0.005,3.748,0.294,-0.294,0.98,0.11,-0.03,0.139,0.108,-0.104
HD 10975 b,HD 10975,TIC 28763463,1.41,0.34,-0.35,5.94188,0.023,-0.023,3.875,0.308,-0.308,0.95,0.06,-0.08,0.442,0.04,-0.389
Kepler-1903 b,Kepler-1903,TIC 417655814,1.053,0.146,-0.146,15.456,0.137,-0.137,13.98,0.048,-0.048,0.1321,,,0.0,,
Kepler-1906 b,Kepler-1906,TIC 138366224,0.987,0.104,-0.116,15.322,0.126,-0.126,13.41,0.039,-0.039,0.0738,,,0.0,,
Kepler-1914 b,Kepler-1914,TIC 137151294,1.047,0.126,-0.139,15.911,0.218,-0.218,14.212,0.077,-0.077,0.1954,,,0.0,,
Kepler-1913 b,Kepler-1913,TIC 159304134,1.169,0.141,-0.173,14.814,0.137,-0.137,13.202,0.028,-0.028,0.1209,,,0.0,,
HD 79181 b,HD 79181,TIC 229846907,1.28,0.32,-0.28,5.72,0.03,-0.03,3.54,0.242,-0.242,0.9,0.07,-0.08,0.259,0.067,-0.206
TOI-206 b,TOI-206,TIC 55650590,0.35,0.01,-0.01,14.938,0.126,-0.126,10.06,0.022,-0.022,0.0112,0.0001,-0.0001,,,
TOI-1442 b,TOI-1442,TIC 235683377,0.29,0.02,-0.02,15.39,0.2,-0.2,10.089,0.02,-0.02,0.0071,0.0002,-0.0002,,,
Kepler-1910 b,Kepler-1910,TIC 360023069,0.636,0.056,-0.056,16.092,0.16,-0.16,12.775,0.033,-0.033,0.0536,,,0.0,,
Kepler-1918 b,Kepler-1918,TIC 63214893,0.967,0.12,-0.12,15.533,0.172,-0.172,14.053,0.074,-0.074,0.2524,,,0.0,,
gam Psc b,gam Psc,TIC 262691761,0.99,0.17,-0.13,3.69252,0.023,-0.023,1.393,0.254,-0.254,1.32,0.05,-0.08,0.204,0.114,-0.141
Kepler-534 c,Kepler-534,TIC 27847148,1.075,0.053,-0.09,13.387,0.126,-0.126,11.708,0.034,-0.034,0.0761,,,0.0,,
Kepler-589 c,Kepler-589,TIC 123129910,0.832,0.108,-0.063,14.775,0.035,-0.035,12.865,0.026,-0.026,0.0426,,,0.0,,
Kepler-1488 c,Kepler-1488,TIC 399825584,1.003,0.096,-0.087,13.146,0.114,-0.114,11.638,0.024,-0.024,0.06959,0.00044,-0.00044,0.0,,
Kepler-1919 b,Kepler-1919,TIC 164459883,0.868,0.092,-0.092,16.161,0.206,-0.206,14.022,0.07,-0.07,0.2107,,,0.0,,
HIP 5763 b,HIP 5763,TIC 408290683,0.72,,,9.82,0.03,-0.03,6.909,0.017,-0.017,0.17,,,0.054,,
HIP 34222 b,HIP 34222,TIC 91842379,0.62,,,10.14,0.03,-0.03,6.781,0.021,-0.021,0.492,,,0.305,,
TOI-2445 b,TOI-2445,TIC 439867639,0.25,0.01,-0.01,15.692,0.032,-0.032,10.779,0.019,-0.019,0.0064,0.0001,-0.0001,,,
TOI-2427 b,TOI-2427,TIC 142937186,0.64,0.02,-0.02,10.295,0.011,-0.011,7.048,0.024,-0.024,0.0202,0.0002,-0.0002,,,
Kepler-1922 b,Kepler-1922,TIC 137548365,0.953,0.109,-0.119,15.388,0.275,-0.275,13.6,0.049,-0.049,0.1077,,,0.0,,
Kepler-1923 b,Kepler-1923,TIC 170346220,1.109,0.07,-0.093,14.454,0.114,-0.114,12.622,0.02,-0.02,0.2846,,,0.0,,
HATS-74 A b,HATS-74 A,TIC 219189765,0.601,0.008,-0.008,17.26,0.2,-0.2,12.361,0.031,-0.031,0.02384,0.00011,-0.00011,0.044,,
HATS-75 b,HATS-75,TIC 44737596,0.6017,0.0074,-0.0055,15.689,0.24,-0.24,11.584,0.021,-0.021,0.032742,0.000134,-9.9e-05,0.064,,
K2-382 b,K2-382,TIC 187960878,0.922,0.401,-0.284,12.977,0.103,-0.103,11.046,0.023,-0.023,,,,,,
Kepler-1938 b,Kepler-1938,TIC 171972797,0.646,0.071,-0.051,15.246,0.263,-0.263,12.494,0.024,-0.024,0.0938,,,0.0,,
Kepler-1939 b,Kepler-1939,TIC 120578688,0.648,0.056,-0.062,13.622,0.092,-0.092,10.841,0.02,-0.02,0.0334,,,0.0,,
Kepler-1924 b,Kepler-1924,TIC 270705258,1.018,0.081,-0.065,15.084,0.137,-0.137,13.444,0.038,-0.038,0.1216,,,0.0,,
HATS-77 b,HATS-77,TIC 11561667,0.655,0.014,-0.014,16.195,0.229,-0.229,12.934,0.032,-0.032,0.03607,0.00025,-0.00025,0.045,,
HATS-76 b,HATS-76,TIC 170849515,0.662,0.016,-0.021,16.68,0.2,-0.2,12.812,0.033,-0.033,0.02658,0.00021,-0.00029,0.062,,
K2-189 c,K2-189,TIC 422349881,0.85,0.03,-0.03,12.398,0.033,-0.033,10.589,0.021,-0.021,0.068,0.0007,-0.0007,,,
K2-381 c,K2-381,TIC 10195089,0.754,0.337,-0.239,12.883,0.069,-0.069,10.302,0.021,-0.021,,,,,,
K2-387 b,K2-387,TIC 376938120,0.57,0.051,-0.048,16.147,0.297,-0.297,12.286,0.024,-0.024,,,,,,
Kepler-1940 b,Kepler-1940,TIC 159647359,0.802,0.074,-0.09,15.674,0.069,-0.069,13.478,0.031,-0.031,0.0525,,,0.0,,
Kepler-1941 b,Kepler-1941,TIC 351191396,1.175,0.157,-0.157,14.943,0.252,-0.252,13.364,0.033,-0.033,0.2054,,,0.0,,
Kepler-1722 b,Kepler-1722,TIC 360023124,0.876,0.083,-0.102,14.997,0.035,-0.035,13.078,0.038,-0.038,0.0819,,,0.0,,
Kepler-1073 d,Kepler-1073,TIC 138568416,0.924,0.062,-0.043,14.749,0.08,-0.08,12.924,0.032,-0.032,0.0352,,,0.0,,
HD 64121 b,HD 64121,TIC 264770836,1.64,0.06,-0.06,7.43,0.03,-0.03,5.244,0.021,-0.021,1.51,0.006,-0.006,0.11,0.07,-0.07
K2-381 b,K2-381,TIC 10195089,0.754,0.337,-0.239,12.883,0.069,-0.069,10.302,0.021,-0.021,,,,,,
OGLE-2017-BLG-1099L b,OGLE-2017-BLG-1099L,,0.45,0.36,-0.27,,,,,,,2.73,0.4,-0.53,,,
K2-381 d,K2-381,TIC 10195089,0.754,0.337,-0.239,12.883,0.069,-0.069,10.302,0.021,-0.021,,,,,,
Kepler-1943 b,Kepler-1943,TIC 138100223,1.055,0.139,-0.139,13.868,0.092,-0.092,12.252,0.023,-0.023,0.05975,0.00086,-0.00086,0.0,,
Kepler-1944 b,Kepler-1944,TIC 184554636,1.064,0.084,-0.126,15.582,0.103,-0.103,13.447,0.05,-0.05,0.0918,,,0.0,,
Kepler-1931 b,Kepler-1931,TIC 159571280,1.174,0.086,-0.096,12.671,0.08,-0.08,11.33,0.011,-0.011,0.23329,0.00246,-0.00246,0.0,,
HD 69123 b,HD 69123,TIC 146264536,1.68,0.09,-0.09,5.77,0.03,-0.03,3.586,0.242,-0.242,2.482,0.01,-0.01,0.19,0.06,-0.06
Kepler-223 e,Kepler-223,TIC 273876171,1.125,0.094,-0.073,15.69,0.137,-0.137,13.633,0.047,-0.047,0.14481,0.00145,-0.00145,0.051,0.019,-0.019
KMT-2021-BLG-0912L b,KMT-2021-BLG-0912L,,0.8,0.31,-0.28,,,,,,,3.14,3.94,-2.33,,,
Kepler-1946 b,Kepler-1946,TIC 123451321,0.887,0.091,-0.082,15.508,0.137,-0.137,13.761,0.037,-0.037,0.0394,,,0.0,,
Kepler-1933 b,Kepler-1933,TIC 120103486,0.964,0.06,-0.054,12.81,0.046,-0.046,11.106,0.02,-0.02,0.05605,0.00053,-0.00053,0.0,,
Kepler-1899 b,Kepler-1899,TIC 137348756,0.759,0.061,-0.061,16.136,0.183,-0.183,13.697,0.049,-0.049,0.0457,,,0.0,,
Kepler-394 d,Kepler-394,TIC 27777414,1.141,0.169,-0.152,14.948,0.103,-0.103,13.384,0.042,-0.042,0.05904,0.00065,-0.00065,0.0,,
Kepler-196 d,Kepler-196,TIC 164828012,0.805,0.045,-0.045,14.239,0.092,-0.092,12.235,0.023,-0.023,0.4545,0.00366,-0.00366,0.0,,
Kepler-529 d,Kepler-529,TIC 158108219,1.005,0.091,-0.063,13.779,0.149,-0.149,12.418,0.018,-0.018,0.2134,,,0.0,,
Kepler-1926 b,Kepler-1926,TIC 159649308,0.768,0.114,-0.057,15.8,0.355,-0.355,13.626,0.042,-0.042,0.2197,,,0.0,,
YZ Cet c,YZ Cet,TIC 439403362,0.142,0.01,-0.01,12.074,,,6.42,0.017,,0.02156,0.00046,-0.00054,0.0,,
YZ Cet b,YZ Cet,TIC 439403362,0.142,0.01,-0.01,12.074,,,6.42,0.017,,0.01634,0.00035,-0.00041,0.06,0.06,-0.04
YZ Cet d,YZ Cet,TIC 439403362,0.142,0.01,-0.01,12.074,,,6.42,0.017,,0.02851,0.00061,-0.00071,0.07,0.04,-0.05
TOI-1203 d,TOI-1203,TIC 23434737,0.886,0.036,-0.036,8.59,0.03,-0.03,6.997,0.021,-0.021,0.1632,0.0031,-0.0032,0.032,0.034,-0.023
Kepler-495 c,Kepler-495,TIC 120692092,0.888,0.061,-0.035,14.942,0.092,-0.092,12.81,0.024,-0.024,0.0614,,,0.0,,
Kepler-1728 b,Kepler-1728,TIC 121085785,0.891,0.053,-0.084,15.279,0.172,-0.172,13.203,0.036,-0.036,0.0535,,,0.0,,
Kepler-1729 b,Kepler-1729,TIC 272708868,0.544,0.114,-0.114,15.676,0.137,-0.137,13.102,0.031,-0.031,0.0418,,,0.0,,
Kepler-1730 b,Kepler-1730,TIC 351803524,1.009,0.152,-0.124,15.478,0.172,-0.172,13.849,0.046,-0.046,0.1131,,,0.0,,
Kepler-1972 b,Kepler-1972,TIC 121604440,1.12,0.03,-0.03,11.23,0.034,-0.034,9.792,0.017,-0.017,0.08006,0.00051,-0.00051,0.067,0.071,-0.04
Kepler-1312 c,Kepler-1312,TIC 137899873,0.983,0.056,-0.07,12.491,0.08,-0.08,10.907,0.019,-0.019,0.02103,6e-05,-6e-05,0.0,,
Kepler-501 c,Kepler-501,TIC 169176340,1.032,0.079,-0.063,14.886,0.16,-0.16,13.34,0.037,-0.037,0.0467,,,0.0,,
Kepler-1869 b,Kepler-1869,TIC 63368895,0.987,0.049,-0.078,10.31,0.005,-0.005,8.693,0.015,-0.015,0.07976,0.00049,-0.00049,0.0,,
Kepler-1600 c,Kepler-1600,TIC 137151626,0.818,0.053,-0.035,16.076,0.138,-0.138,13.896,0.062,-0.062,0.06961,0.00077,-0.00077,0.0,,
Kepler-1954 b,Kepler-1954,TIC 273694735,0.942,0.11,-0.11,15.875,0.195,-0.195,13.978,0.057,-0.057,0.0625,,,0.0,,
Kepler-1726 b,Kepler-1726,TIC 164721250,0.876,0.037,-0.063,13.851,0.114,-0.114,11.966,0.02,-0.02,0.12794,0.00098,-0.00098,0.0,,
WASP-28 b,WASP-28,TIC 398572544,0.993,0.067,-0.067,12.274,0.069,-0.069,10.732,0.024,-0.024,0.0442,0.001,-0.001,0.0,,
Kepler-1693 c,Kepler-1693,TIC 406948151,0.941,0.062,-0.048,14.857,0.092,-0.092,13.101,0.026,-0.026,0.0588,,,0.0,,
Kepler-1956 b,Kepler-1956,TIC 27233725,0.671,0.057,-0.052,15.989,0.172,-0.172,12.848,0.029,-0.029,0.0563,,,0.0,,
Kepler-1957 b,Kepler-1957,TIC 26961214,0.745,0.085,-0.054,15.13,0.069,-0.069,12.613,0.028,-0.028,0.0299,,,0.0,,
Kepler-1708 b,Kepler-1708,TIC 272716898,1.088,0.072,-0.072,15.823,0.092,-0.092,14.089,0.054,-0.054,1.64,0.1,-0.1,0.4,,
Kepler-1705 c,Kepler-1705,TIC 185335907,1.139,0.087,-0.081,15.8,0.206,-0.206,13.735,0.046,-0.046,,,,0.028,0.064,-0.018
Kepler-1960 b,Kepler-1960,TIC 271253848,1.117,0.154,-0.154,15.181,0.149,-0.149,13.685,0.044,-0.044,0.0354,,,0.0,,
Kepler-1958 b,Kepler-1958,TIC 121943923,0.961,0.095,-0.116,15.486,0.046,-0.046,13.727,0.048,-0.048,0.0856,,,0.0,,
Kepler-633 c,Kepler-633,TIC 138969239,0.997,0.089,-0.073,13.812,0.08,-0.08,11.978,0.026,-0.026,0.16246,0.00113,-0.00113,0.0,,
Kepler-1711 b,Kepler-1711,TIC 273778951,0.94,0.073,-0.055,13.298,0.08,-0.08,11.643,0.017,-0.017,0.1463,,,0.0,,
Kepler-1705 b,Kepler-1705,TIC 185335907,1.139,0.087,-0.081,15.8,0.206,-0.206,13.735,0.046,-0.046,0.08,,,0.033,0.073,-0.02
OGLE-2019-BLG-0960L b,OGLE-2019-BLG-0960L,,0.5,0.12,-0.12,,,,,,,1.9,0.43,-0.43,,,
Kepler-1892 b,Kepler-1892,TIC 268492383,0.851,0.078,-0.096,15.592,0.103,-0.103,13.563,0.034,-0.034,0.0633,,,0.0,,
Kepler-1963 b,Kepler-1963,TIC 272597196,0.915,0.116,-0.085,14.054,0.149,-0.149,12.261,0.023,-0.023,0.02915,0.00036,-0.00036,0.0,,
GJ 411 b,GJ 411,TIC 166646191,0.3899,0.0106,-0.0061,7.49,0.1,-0.1,3.501,0.352,-0.352,0.07879,0.00056,-0.00055,0.063,0.061,-0.043
K2-391 b,K2-391,TIC 9054633,0.757,0.341,-0.24,12.527,0.08,-0.08,10.705,0.023,-0.023,,,,,,
TOI-1670 b,TOI-1670,TIC 441739020,1.21,0.02,-0.02,9.889,0.004,-0.004,8.724,0.018,-0.018,0.103,0.002,-0.002,0.59,0.17,-0.26
Kepler-1656 c,Kepler-1656,TIC 120255950,1.03,0.04,-0.04,11.64,0.017,-0.017,9.64,0.017,-0.017,3.053,0.049,-0.049,0.527,0.05,-0.054
eps Eri b,eps Eri,TIC 118572803,0.82,0.02,-0.02,3.71548,0.023,-0.023,1.776,0.286,-0.286,3.53,0.03,-0.04,0.07,0.07,-0.05
K2-370 b,K2-370,TIC 456945304,0.984,0.428,-0.303,11.109,0.013,-0.013,9.237001,0.022,-0.022,,,,,,
K2-317 b,K2-317,TIC 70412892,0.403,0.006,-0.006,17.74,0.2,-0.2,12.99,0.036,-0.036,0.0542,0.0065,-0.0103,,,
mu2 Sco b,mu2 Sco,TIC 338105219,9.1,0.3,-0.3,3.56,0.03,-0.03,4.292,0.312,-0.312,242.4,114.5,-52.1,0.56,0.27,-0.26
Kepler-167 e,Kepler-167,TIC 137686948,0.777,0.034,-0.031,14.284,0.126,-0.126,11.832,0.022,-0.022,1.883,0.027,-0.027,0.29,,
K2-396 b,K2-396,TIC 59088823,0.954,0.429,-0.293,13.32,0.069,-0.069,10.811,0.02,-0.02,,,,,,
K2-318 b,K2-318,TIC 335322931,0.561,0.05,-0.05,15.8,0.2,-0.2,11.152,0.023,-0.023,0.0911,0.014,-0.0185,,,
HD 28109 d,HD 28109,TIC 29781292,1.26,0.08,-0.08,9.42,0.03,-0.03,8.175,0.023,-0.023,0.411,0.016,-0.016,0.0864,,
Kepler-167 d,Kepler-167,TIC 137686948,0.777,0.034,-0.031,14.284,0.126,-0.126,11.832,0.022,-0.022,0.1404,0.002,-0.002,0.0,,
K2-398 c,K2-398,TIC 281660552,0.945,0.09,-0.083,13.287,0.149,-0.149,11.717,0.021,-0.021,,,,,,
K2-322 b,K2-322,TIC 277869696,0.63,0.033,-0.033,13.963,0.103,-0.103,10.413,0.021,-0.021,0.0594,0.0174,-0.0221,,,
Ross 508 b,Ross 508,TIC 400019820,0.1774,0.0045,-0.0045,14.18,0.2,-0.2,8.279,0.023,-0.023,0.05366,0.00056,-0.00049,0.33,0.13,-0.15
TOI-712 c,TOI-712,TIC 150151262,0.732,0.027,-0.025,10.838,0.021,-0.021,8.313,0.023,-0.023,0.2447,0.003,-0.0028,0.089,0.083,-0.056
TOI-712 b,TOI-712,TIC 150151262,0.732,0.027,-0.025,10.838,0.021,-0.021,8.313,0.023,-0.023,0.07928,0.00096,-0.00091,0.54,0.26,-0.2
K2-401 b,K2-401,TIC 345063080,0.87,0.395,-0.269,14.014,0.08,-0.08,11.106,0.021,-0.021,,,,,,
K2-325 b,K2-325,TIC 8918021,0.274,0.008,-0.008,17.77,0.2,-0.2,12.352,0.028,-0.028,0.0419,0.0046,-0.0058,,,
HD 83443 c,HD 83443,TIC 32820141,1.0,0.03,-0.03,8.23,0.03,-0.03,6.444,0.02,-0.02,8.0,0.8,-0.8,0.76,0.046,-0.047
KMT-2021-BLG-0171L b,KMT-2021-BLG-0171L,,0.78,0.29,-0.26,,,,,,,3.5,1.3,-1.0,,,
KMT-2021-BLG-1689L b,KMT-2021-BLG-1689L,,0.58,0.33,-0.27,,,,,,,2.5,0.8,-0.6,,,
K2-403 b,K2-403,TIC 365007485,0.784,0.34,-0.241,12.305,0.046,-0.046,10.581,0.026,-0.026,,,,,,
TOI-1227 b,TOI-1227,TIC 360156606,0.17,0.015,-0.015,16.999,1.133,-1.133,11.034,0.021,-0.021,0.0886,0.0054,-0.0057,,,
K2-326 b,K2-326,TIC 422487869,0.507,0.051,-0.051,15.982,1.133,-1.133,12.091,0.026,-0.026,0.0198,0.0036,-0.0041,,,
TOI-1759 b,TOI-1759,TIC 408636441,0.606,0.02,-0.02,11.93,0.1,-0.1,7.93,0.02,-0.02,0.1177,0.0038,-0.0038,0.0,,
TOI-2136 b,TOI-2136,TIC 336128819,0.34,0.02,-0.02,14.32,0.2,-0.2,9.343,0.022,-0.022,0.057,0.006,-0.006,0.0,,
TOI-3331 A b,TOI-3331 A,TIC 194795551,1.016,0.047,-0.052,11.635,0.038,-0.038,9.914,0.026,-0.026,0.03144,0.00048,-0.00055,0.0,0.048,-0.052
TOI-3540 A b,TOI-3540 A,TIC 17865622,1.081,0.071,-0.069,11.514,0.046,-0.046,9.784,0.017,-0.017,0.04289,0.00092,-0.00093,0.0,,
K2-406 b,K2-406,TIC 292202337,0.798,0.339,-0.245,9.465,0.004,-0.004,8.033,0.033,-0.033,,,,,,
OGLE-2014-BLG-0319L b,OGLE-2014-BLG-0319L,,0.52,0.33,-0.29,,,,19.92,1.79,-1.7,3.49,1.17,-1.12,,,
HD 15906 c,HD 15906,TIC 4646810,0.79,0.02,-0.036,9.78,0.03,-0.03,7.459,0.023,-0.023,0.141,0.002,-0.001,0.04,0.01,-0.01
CoRoT-36 b,CoRoT-36,TIC 405004589,1.32,0.09,-0.09,13.126,0.069,-0.069,11.592,0.021,-0.021,0.066,0.007,-0.007,0.0,,
TOI-2421 b,TOI-2421,TIC 70524163,1.131,0.13,-0.064,11.419,0.01,-0.01,9.667,0.021,-0.021,0.0543,0.0021,-0.001,0.0,0.048,-0.052
K2-407 c,K2-407,TIC 422685031,0.881,0.39,-0.267,11.969,0.041,-0.041,10.213,0.022,-0.022,,,,,,
K2-407 b,K2-407,TIC 422685031,0.881,0.39,-0.267,11.969,0.041,-0.041,10.213,0.022,-0.022,,,,,,
K2-408 b,K2-408,TIC 432247186,0.813,0.368,-0.249,12.056,0.046,-0.046,9.978,0.021,-0.021,,,,,,
Kepler-83 c,Kepler-83,TIC 123416515,0.66,0.41,-0.25,16.145,0.217,-0.217,12.947,0.024,-0.024,0.11796,0.00459,-0.00459,0.0,,
GJ 3929 c,GJ 3929,TIC 188589164,0.313,0.027,-0.022,12.675,0.023,-0.023,7.869,0.02,-0.02,0.081,0.002,-0.002,0.0,,
TOI-2567 b,TOI-2567,TIC 258920431,1.13,0.13,-0.059,12.3,0.046,-0.046,10.717,0.017,-0.017,0.0672,0.0024,-0.0012,0.0,0.048,-0.052
K2-374 b,K2-374,TIC 321285788,0.731,0.067,-0.061,12.783,0.092,-0.092,11.287,0.02,-0.02,,,,,,
K2-25 b,K2-25,TIC 434226736,0.2634,0.0077,-0.0077,16.21,0.2,-0.2,10.444,0.019,-0.019,0.0287,0.0012,-0.0012,0.428,0.05,-0.049
GJ 9773 b,GJ 9773,TIC 468309671,0.358,0.011,-0.011,12.033,0.077,-0.077,7.472,0.027,-0.027,2.921,0.045,-0.045,0.218,0.02,-0.02
TOI-2193 A b,TOI-2193 A,TIC 401604346,1.082,0.052,-0.049,11.976,0.021,-0.021,10.383,0.021,-0.021,0.03319,0.00052,-0.00051,0.0,,
K2-212 b,K2-212,TIC 388811663,0.622,0.02,-0.02,12.977,0.103,-0.103,9.856,0.023,-0.023,0.0785,0.0006,-0.0006,,,
K2-374 c,K2-374,TIC 321285788,0.731,0.067,-0.061,12.783,0.092,-0.092,11.287,0.02,-0.02,,,,,,
iot Dra c,iot Dra,TIC 165722603,1.54,0.09,-0.09,3.29668,0.023,-0.023,0.671,0.2,-0.2,19.4,10.0,-7.7,0.455,0.12,-0.084
iot Dra b,iot Dra,TIC 165722603,1.54,0.09,-0.09,3.29668,0.023,-0.023,0.671,0.2,-0.2,1.453,0.026,-0.026,0.701,0.0016,-0.0017
TOI-500 b,TOI-500,TIC 134200185,0.74,0.017,-0.017,10.54,0.03,-0.03,7.715,0.026,-0.026,0.01189,0.00041,-0.0004,0.063,0.073,-0.044
K2-373 b,K2-373,TIC 27626711,1.158,0.499,-0.349,10.47,0.008,-0.008,9.163,0.017,-0.017,,,,,,
K2-365 b,K2-365,TIC 220604190,0.823,0.369,-0.25,11.372,0.036,-0.036,9.623,0.023,-0.023,,,,,,
TOI-4479 b,TOI-4479,TIC 126606859,0.452,0.09,-0.09,15.18,0.2,-0.2,10.647,0.019,-0.019,0.0164,0.0015,-0.0029,,,
K2-379 b,K2-379,TIC 90090343,0.856,0.375,-0.265,13.265,0.149,-0.149,10.514,0.025,-0.025,,,,,,
K2-380 b,K2-380,TIC 90605642,0.993,0.416,-0.302,11.688,0.057,-0.057,9.681,0.021,-0.021,,,,,,
K2-384 f,K2-384,TIC 399702475,0.33,0.009,-0.009,16.12,0.2,-0.2,11.294,0.021,-0.021,,,,,,
K2-367 b,K2-367,TIC 12821302,0.756,0.231,-0.347,13.794,0.16,-0.16,10.957,0.023,-0.023,,,,,,
K2-366 b,K2-366,TIC 49512708,0.825,0.366,-0.255,12.636,0.069,-0.069,9.875,0.023,-0.023,,,,,,
K2-368 b,K2-368,TIC 38136597,0.746,0.334,-0.232,13.581,0.126,-0.126,11.042,0.021,-0.021,,,,,,
TOI-620 b,TOI-620,TIC 296739893,0.577,0.024,-0.023,12.262,0.024,-0.024,7.954,0.027,-0.027,0.04825,0.00065,-0.00066,0.22,0.28,-0.12
GJ 9066 c,GJ 9066,TIC 404715018,0.15,0.01,-0.01,12.71,0.2,-0.2,6.648,0.017,-0.017,0.88,0.02,-0.02,0.46,0.04,-0.04
KOI-984 b,KOI-984,TIC 122784501,0.928,0.031,-0.031,12.795,0.021,-0.021,10.016,0.021,-0.021,0.0504,0.0006,-0.0006,0.12,0.02,-0.02
TOI-2081 b,TOI-2081,TIC 321669174,0.54,0.08,-0.08,13.369,0.035,-0.035,9.523,0.021,-0.021,0.0752,0.0047,-0.0119,,,
K2-384 c,K2-384,TIC 399702475,0.33,0.009,-0.009,16.12,0.2,-0.2,11.294,0.021,-0.021,,,,,,
K2-369 b,K2-369,TIC 49984349,0.735,0.334,-0.224,11.789,0.033,-0.033,9.934,0.019,-0.019,,,,,,
TYC 2187-512-1 b,TYC 2187-512-1,TIC 283031851,0.498,0.019,-0.019,10.58,0.043,-0.043,6.595,0.023,-0.023,1.22,0.02,-0.02,0.05,0.04,-0.03
TOI-1246 b,TOI-1246,TIC 230127302,0.87,0.03,-0.03,11.632,0.024,-0.024,9.907,0.036,-0.036,0.049,0.002,-0.002,,,
HD 260655 b,HD 260655,TIC 307809773,0.439,0.011,-0.011,9.63,0.1,-0.1,5.862,0.024,-0.024,0.02933,0.00024,-0.00024,0.039,0.043,-0.023
KMT-2020-BLG-0414L b,KMT-2020-BLG-0414L,,0.259,0.041,-0.034,,,,,,,1.26,0.19,-0.14,,,
K2-372 b,K2-372,TIC 333800257,0.847,0.101,-0.088,13.589,0.069,-0.069,11.87,0.025,-0.025,,,,,,
HIP 94235 b,HIP 94235,TIC 464646604,1.094,0.024,-0.007,8.31,0.03,-0.03,6.881,0.027,-0.027,0.0787,0.00056,-0.00017,0.32,0.2,-0.2
HD 260655 c,HD 260655,TIC 307809773,0.439,0.011,-0.011,9.63,0.1,-0.1,5.862,0.024,-0.024,0.04749,0.00039,-0.00039,0.038,0.036,-0.022
HD 33142 d,HD 33142,TIC 169397663,1.52,0.03,-0.03,7.96,0.03,-0.03,5.792,0.018,-0.018,0.452,0.003,-0.003,0.191,0.14,-0.128
K2-394 b,K2-394,TIC 436575927,0.478,0.214,-0.147,12.768,0.023,-0.023,9.568,0.017,-0.017,,,,,,
TOI-216.02,TOI-216,TIC 55652896,0.77,0.03,-0.03,12.324,0.069,-0.069,10.218,0.021,-0.021,0.1293,0.0067,-0.0051,0.16,0.003,-0.002
HD 19615 b,HD 19615,TIC 289383510,1.1,0.1,-0.1,6.55594,0.023,-0.023,3.062,0.324,-0.324,1.1,0.1,-0.1,0.2,0.1,-0.1
HD 174205 b,HD 174205,TIC 229752137,1.8,0.1,-0.1,6.28209,0.023,-0.023,3.574,0.328,-0.328,1.7,0.1,-0.1,0.4,0.2,-0.2
HD 73583 b,HD 73583,TIC 101011575,0.73,0.02,-0.02,9.67,0.03,-0.03,6.948,0.024,-0.024,0.0604,0.0027,-0.0026,0.09,0.09,-0.06
HD 73583 c,HD 73583,TIC 101011575,0.73,0.02,-0.02,9.67,0.03,-0.03,6.948,0.024,-0.024,0.1242,0.0055,-0.0054,0.08,0.11,-0.06
HD 149806 b,HD 149806,TIC 281738302,0.93,0.119,-0.119,7.08308,0.023,-0.023,5.183,0.024,-0.024,12.404,3.103,-2.056,0.357,0.162,-0.236
HD 144899 b,HD 144899,TIC 215687919,1.16,0.164,-0.164,8.97,0.03,-0.03,7.499,0.023,-0.023,0.242,0.011,-0.012,0.821,0.078,-0.171
HD 151450 b,HD 151450,TIC 12514017,1.14,0.16,-0.16,7.43,0.03,-0.03,6.099,0.024,-0.024,0.16,0.007,-0.008,0.496,0.117,-0.104
GJ 2030 c,GJ 2030,TIC 9967949,0.96,0.125,-0.125,6.20902,0.023,-0.023,4.417,0.027,-0.027,16.761,1.294,-1.337,0.041,0.003,-0.008
HD 168443 b,HD 168443,TIC 16465196,0.98,0.119,-0.119,6.92122,0.023,-0.023,5.211,0.015,-0.015,0.292,0.011,-0.012,0.53,0.002,-0.001
HD 156279 b,HD 156279,TIC 232606278,0.94,0.117,-0.117,8.07,0.03,-0.03,6.269,0.023,-0.023,0.502,0.02,-0.022,0.647,0.0008,-0.0007
HD 168443 c,HD 168443,TIC 16465196,0.98,0.119,-0.119,6.92122,0.023,-0.023,5.211,0.015,-0.015,2.842,0.11,-0.12,0.21,0.002,-0.003
GJ 676 A c,GJ 676 A,TIC 369021303,0.626,0.063,-0.063,9.58,0.1,-0.1,5.825,0.029,-0.029,9.726,0.629,-0.793,0.295,0.033,-0.049
HD 72892 b,HD 72892,TIC 405344271,1.01,0.128,-0.128,8.83,0.03,-0.03,7.216,0.02,-0.02,0.228,0.009,-0.01,0.419,0.003,-0.003
HD 151450 c,HD 151450,TIC 12514017,1.14,0.16,-0.16,7.43,0.03,-0.03,6.099,0.024,-0.024,14.131,2.742,-2.52,0.138,0.108,-0.08
HD 153557 c,HD 153557,TIC 115582979,0.79,0.091,-0.091,7.83,0.001,-0.001,5.458,0.017,-0.017,0.111,0.004,-0.004,0.511,0.037,-0.029
GJ 9714 b,GJ 9714,TIC 92566472,0.67,0.076,-0.076,9.37,0.03,-0.03,6.221,0.021,-0.021,12.319,3.623,-2.23,0.155,0.073,-0.041
HD 169830 b,HD 169830,TIC 53134037,1.17,0.158,-0.158,5.9,0.03,-0.03,4.688,0.024,-0.024,0.765,0.033,-0.036,0.294,0.012,-0.011
HD 30177 c,HD 30177,TIC 220408612,0.98,0.115,-0.115,8.41,0.03,-0.03,6.715,0.027,-0.027,10.258,0.535,-0.48,0.039,0.005,-0.013
HD 153557 d,HD 153557,TIC 115582979,0.79,0.091,-0.091,7.83,0.001,-0.001,5.458,0.017,-0.017,21.449,1.487,-1.746,0.152,0.06,-0.047
HD 12235 b,HD 12235,TIC 422679659,1.1,0.134,-0.134,5.88051,0.023,-0.023,4.494,0.016,-0.016,0.054,0.002,-0.002,0.376,0.11,-0.254
HD 203387 b,HD 203387,TIC 288329878,2.817,0.271,-0.271,4.28,0.03,-0.03,2.206,0.27,-0.27,1.771,0.056,-0.062,0.732,0.049,-0.049
HD 183263 c,HD 183263,TIC 134245358,1.06,0.136,-0.136,7.86,0.03,-0.03,6.422,0.018,-0.018,5.585,0.228,-0.251,0.051,0.01,-0.01
HD 183263 b,HD 183263,TIC 134245358,1.06,0.136,-0.136,7.86,0.03,-0.03,6.422,0.018,-0.018,1.46,0.06,-0.065,0.383,0.007,-0.007
HD 204313 b,HD 204313,TIC 99734092,1.03,0.132,-0.132,7.99,0.03,-0.03,6.459,0.018,-0.018,3.185,0.13,-0.143,0.1,0.003,-0.003
HD 27894 d,HD 27894,TIC 396697266,0.81,0.096,-0.096,9.36,0.03,-0.03,7.071,0.026,-0.026,5.362,0.206,-0.223,0.343,0.031,-0.026
HD 156098 b,HD 156098,TIC 152449405,1.29,0.2,-0.2,5.53,0.03,-0.03,4.357,0.016,-0.016,0.167,0.008,-0.009,0.109,0.101,-0.048
HD 156098 c,HD 156098,TIC 152449405,1.29,0.2,-0.2,5.53,0.03,-0.03,4.357,0.016,-0.016,8.415,0.396,-0.629,0.391,0.04,-0.051
HD 155918 c,HD 155918,TIC 311649327,1.03,0.132,-0.132,7.0,0.03,-0.03,5.459,0.02,-0.02,13.183,1.17,-1.179,0.071,0.051,-0.053
HIP 19976 b,HIP 19976,TIC 7623762,0.67,0.084,-0.084,10.48,0.03,-0.03,7.381,0.023,-0.023,0.234,0.009,-0.01,0.304,0.2,-0.145
HIP 35965 b,HIP 35965,TIC 291466351,0.78,0.09,-0.09,10.18,0.03,-0.03,7.71,0.023,-0.023,15.898,5.059,-4.506,0.138,0.107,-0.087
HD 181234 b,HD 181234,TIC 3409107,0.94,0.118,-0.118,8.59,0.03,-0.03,6.689,0.02,-0.02,7.427,0.304,-0.34,0.726,0.01,-0.01
HD 168863 b,HD 168863,TIC 167730892,0.8,0.101,-0.101,9.35,0.03,-0.03,7.04,0.021,-0.021,10.961,3.798,-1.423,0.187,0.181,-0.064
HIP 55507 b,HIP 55507,TIC 406781410,0.65,0.079,-0.079,9.8,0.03,-0.03,6.613,0.021,-0.021,5.062,0.596,-0.467,0.362,0.124,-0.195
HD 27894 b,HD 27894,TIC 396697266,0.81,0.096,-0.096,9.36,0.03,-0.03,7.071,0.026,-0.026,0.125,0.005,-0.005,0.047,0.012,-0.011
HD 23596 b,HD 23596,TIC 201266092,1.1,0.137,-0.137,7.26122,0.023,-0.023,5.874,0.023,-0.023,2.694,0.107,-0.118,0.282,0.017,-0.014
HD 28185 b,HD 28185,TIC 37947783,0.99,0.126,-0.126,7.8,0.03,-0.03,6.185,0.029,-0.029,1.035,0.042,-0.046,0.055,0.004,-0.003
HD 125390 b,HD 125390,TIC 27354139,1.82,0.105,-0.105,8.21,0.03,-0.03,5.875,0.018,-0.018,3.496,0.066,-0.069,0.597,0.02,-0.017
GJ 229 A c,GJ 229,TIC 124279525,0.509,0.02,-0.02,8.15,0.1,-0.1,4.166,0.232,-0.232,0.384,0.005,-0.005,0.366,0.065,-0.063
HD 190228 b,HD 190228,TIC 117905020,1.415,0.081,-0.081,7.3,0.03,-0.03,5.352,0.016,-0.016,2.406,0.045,-0.047,0.559,0.01,-0.01
Kepler-787 b,Kepler-787,TIC 137318289,0.65,0.028,-0.023,16.696,1.133,-1.133,13.105,0.033,-0.033,0.0159,,,0.0,,
HD 30177 b,HD 30177,TIC 220408612,0.98,0.115,-0.115,8.41,0.03,-0.03,6.715,0.027,-0.027,3.604,0.135,-0.147,0.207,0.012,-0.017
HD 38529 b,HD 38529,TIC 200093173,0.98,0.125,-0.125,5.92848,0.023,-0.023,4.211,0.036,-0.036,0.115,0.005,-0.005,0.256,0.009,-0.009
HIP 56640 b,HIP 56640,TIC 181152368,1.75,0.101,-0.101,7.94,0.03,-0.03,5.493,0.017,-0.017,4.55,0.221,-0.15,0.118,0.062,-0.076
HD 81817 b,HD 81817,TIC 137603530,4.3,0.5,-0.5,4.26489,0.023,-0.023,0.779,0.232,-0.232,3.233,0.125,-0.131,0.097,0.09,-0.057
HIP 90988 b,HIP 90988,TIC 404598466,1.613,0.093,-0.093,7.75,0.03,-0.03,5.383,0.02,-0.02,1.36,0.026,-0.027,0.081,0.042,-0.043
HD 205158 b,HD 205158,TIC 316830331,1.16,0.159,-0.159,7.84,0.03,-0.03,6.457,0.02,-0.02,0.177,0.008,-0.009,0.145,0.075,-0.058
HD 23472 c,HD 23472,TIC 425997655,0.67,0.03,-0.03,9.73,0.03,-0.03,7.207,0.023,-0.023,0.1646,0.0024,-0.0024,0.063,0.054,-0.043
HD 23472 f,HD 23472,TIC 425997655,0.67,0.03,-0.03,9.73,0.03,-0.03,7.207,0.023,-0.023,0.0906,0.0014,-0.0014,0.07,0.048,-0.051
HD 38529 c,HD 38529,TIC 200093173,0.98,0.125,-0.125,5.92848,0.023,-0.023,4.211,0.036,-0.036,3.226,0.131,-0.144,0.357,0.005,-0.005
HD 43197 b,HD 43197,TIC 37660988,0.96,0.12,-0.12,8.98,0.03,-0.03,7.203,0.026,-0.026,0.882,0.035,-0.039,0.742,0.017,-0.018
HD 145675 c,14 Her,TIC 219483057,0.91,0.113,-0.113,6.61935,0.023,-0.023,4.714,0.016,-0.016,11.924,1.296,-1.153,0.393,0.045,-0.048
HD 217786 c,HD 217786,TIC 248048656,1.14,0.159,-0.159,7.78,0.03,-0.03,6.352,0.02,-0.02,0.038,0.002,-0.002,0.399,0.169,-0.218
HD 217958 b,HD 217958,TIC 12973036,1.08,0.141,-0.141,8.05,0.03,-0.03,6.513,0.026,-0.026,3.758,0.169,-0.2,0.156,0.093,-0.081
HD 190360 b,HD 190360,TIC 105999792,1.0,0.1,-0.1,5.738,0.022,-0.022,4.076,0.027,-0.027,3.9,0.2,-0.2,0.34,0.018,-0.018
HD 66428 b,HD 66428,TIC 73238215,1.01,0.132,-0.132,8.25,0.03,-0.03,6.66,0.021,-0.021,3.395,0.141,-0.157,0.471,0.012,-0.012
HD 80869 b,HD 80869,TIC 307906761,1.06,0.132,-0.132,8.48,0.03,-0.03,6.914,0.021,-0.021,2.905,0.127,-0.131,0.924,0.053,-0.094
HD 25912 b,HD 25912,TIC 237356930,1.08,0.13,-0.13,8.2,0.03,-0.03,6.71,0.026,-0.026,0.242,0.009,-0.01,0.05,0.039,-0.034
OGLE-2019-BLG-1470L AB c,OGLE-2019-BLG-1470L A,,0.57,0.43,-0.32,,,,,,,3.2,1.2,-1.2,,,
TOI-2048 b,TOI-2048,TIC 159873822,0.83,0.03,-0.03,11.431,0.017,-0.017,9.439,0.014,-0.014,,,,0.13,0.18,-0.09
HD 74156 b,HD 74156,TIC 379949822,1.1,0.136,-0.136,7.61,0.03,-0.03,6.209,0.021,-0.021,0.28,0.011,-0.012,0.636,0.008,-0.005
HD 73267 b,HD 73267,TIC 11749208,0.93,0.119,-0.119,8.9,0.03,-0.03,7.062,0.023,-0.023,2.229,0.091,-0.1,0.261,0.004,-0.004
HD 74156 c,HD 74156,TIC 379949822,1.1,0.136,-0.136,7.61,0.03,-0.03,6.209,0.021,-0.021,3.678,0.145,-0.159,0.377,0.006,-0.006
HD 105618 b,HD 105618,TIC 397519199,1.01,0.129,-0.129,8.63,0.03,-0.03,7.014,0.018,-0.018,0.091,0.004,-0.004,0.455,0.041,-0.038
HD 95544 b,HD 95544,TIC 156103616,1.01,0.138,-0.138,8.39,0.03,-0.03,6.771,0.023,-0.023,3.166,0.294,-0.25,0.049,0.045,-0.029
HD 105618 c,HD 105618,TIC 397519199,1.01,0.129,-0.129,8.63,0.03,-0.03,7.014,0.018,-0.018,35.731,6.866,-3.639,0.126,0.098,-0.08
HD 28185 c,HD 28185,TIC 37947783,0.99,0.126,-0.126,7.8,0.03,-0.03,6.185,0.029,-0.029,13.176,0.518,-0.689,0.12,0.021,-0.022
LP 890-9 c,LP 890-9,TIC 44898913,0.118,0.002,-0.002,18.0,0.2,-0.2,11.344,0.023,-0.023,0.03984,0.00022,-0.00022,,,
HD 7449 b,HD 7449,TIC 248381971,1.196,0.089,-0.089,7.5,0.03,-0.03,6.084,0.029,-0.029,2.438,0.062,-0.063,0.752,0.035,-0.032
HD 109988 b,HD 109988,TIC 389315309,0.88,0.104,-0.104,8.9,0.03,-0.03,6.863,0.018,-0.018,12.518,1.517,-1.319,0.056,0.036,-0.034
HD 43197 c,HD 43197,TIC 37660988,0.96,0.12,-0.12,8.98,0.03,-0.03,7.203,0.026,-0.026,8.54,2.334,-1.584,0.149,0.112,-0.087
TOI-4137 b,TOI-4137,TIC 417646390,1.313,0.068,-0.071,11.31,0.009,-0.009,10.004,0.022,-0.022,0.05222,0.00089,-0.00096,0.0,0.048,-0.052
HD 8673 b,HD 8673,TIC 80535228,1.28,0.204,-0.204,6.331,0.008,-0.008,5.169,0.02,-0.02,2.97,0.147,-0.171,0.73,0.042,-0.026
HD 111232 c,HD 111232,TIC 329649885,0.96,0.124,-0.124,7.59,0.03,-0.03,5.898,0.033,-0.033,17.25,2.158,-2.151,0.558,0.027,-0.028
HD 62364 c,HD 62364,TIC 271972463,1.19,0.162,-0.162,7.32,0.03,-0.03,6.001,0.024,-0.024,36.984,2.957,-2.793,0.773,0.009,-0.009
HD 142 c,HD 142,TIC 389757979,1.21,0.17,-0.17,5.7,0.03,-0.03,4.474,0.024,-0.024,9.811,0.515,-0.52,0.277,0.026,-0.027
HD 11343 c,HIP 8541,TIC 231019255,2.009,0.115,-0.115,7.88,0.03,-0.03,5.29,0.029,-0.029,0.923,0.019,-0.022,0.169,0.142,-0.102
14 Her b,14 Her,TIC 219483057,0.91,0.113,-0.113,6.61935,0.023,-0.023,4.714,0.016,-0.016,2.774,0.109,-0.12,0.373,0.008,-0.006
GJ 676 A d,GJ 676 A,TIC 369021303,0.626,0.063,-0.063,9.58,0.1,-0.1,5.825,0.029,-0.029,0.039,0.001,-0.001,0.192,0.073,-0.079
HD 219077 b,HD 219077,TIC 394125166,0.92,0.118,-0.118,6.12,0.03,-0.03,4.287,8.888,-8.888,5.935,0.249,-0.265,0.768,0.002,-0.002
HD 125271 b,HD 125271,TIC 421255607,0.75,0.089,-0.089,9.68,0.03,-0.03,7.069,0.023,-0.023,10.817,1.757,-1.565,0.165,0.066,-0.061
HD 127506 b,HD 127506,TIC 286992966,0.73,0.083,-0.083,8.7,0.001,-0.001,6.135,0.017,-0.017,0.287,0.011,-0.011,0.24,0.156,-0.15
HD 86065 b,HD 86065,TIC 101418130,0.81,0.092,-0.092,9.36,0.03,-0.03,7.086,0.018,-0.018,15.947,4.799,-4.381,0.219,0.156,-0.152
HD 80913 b,HD 80913,TIC 309433928,1.11,0.139,-0.139,7.49,0.03,-0.03,6.072,0.024,-0.024,9.95,1.683,-1.41,0.313,0.152,-0.131
HD 111232 b,HD 111232,TIC 329649885,0.96,0.124,-0.124,7.59,0.03,-0.03,5.898,0.033,-0.033,2.148,0.088,-0.097,0.214,0.005,-0.003
HD 10697 b,HD 10697,TIC 456905162,0.99,0.12,-0.12,6.28262,0.023,-0.023,4.601,0.021,-0.021,2.051,0.079,-0.087,0.104,0.009,-0.008
HD 125612 b,HD 125612,TIC 347909637,1.05,0.131,-0.131,8.31,0.03,-0.03,6.838,0.026,-0.026,1.349,0.054,-0.059,0.446,0.011,-0.011
HD 113337 b,HD 113337,TIC 142350121,1.41,0.241,-0.241,6.02078,0.023,-0.023,5.005,0.017,-0.017,1.022,0.055,-0.062,0.28,0.036,-0.041
HD 135872 b,HD 135872,TIC 38948719,1.646,0.095,-0.095,7.28103,0.023,-0.023,5.086,0.023,-0.023,4.172,0.625,-0.28,0.164,0.075,-0.064
HD 88072 b,HD 88072,TIC 344988456,1.04,0.126,-0.126,7.55,0.03,-0.03,5.997,0.02,-0.02,13.895,4.14,-2.029,0.156,0.142,-0.1
HD 93351 b,HD 93351,TIC 318093199,0.94,0.121,-0.121,9.12,0.03,-0.03,7.29,0.02,-0.02,0.035,0.001,-0.002,0.549,0.141,-0.286
HD 125612 c,HD 125612,TIC 347909637,1.05,0.131,-0.131,8.31,0.03,-0.03,6.838,0.026,-0.026,0.051,0.002,-0.002,0.149,0.141,-0.093
HD 125612 d,HD 125612,TIC 347909637,1.05,0.131,-0.131,8.31,0.03,-0.03,6.838,0.026,-0.026,3.982,0.159,-0.174,0.115,0.012,-0.012
HD 145934 b,HD 145934,TIC 119974993,2.058,0.118,-0.118,8.495,0.003,-0.003,6.145,0.015,-0.015,4.89,0.108,-0.113,0.078,0.009,-0.027
HD 142 A d,HD 142,TIC 389757979,1.21,0.17,-0.17,5.7,0.03,-0.03,4.474,0.024,-0.024,0.474,0.021,-0.023,0.13,0.103,-0.085
HD 13724 c,HD 13724,TIC 7244844,1.004,0.055,-0.055,7.89,0.03,-0.03,6.378,0.021,-0.021,0.534,0.01,-0.01,0.651,0.078,-0.092
GJ 2030 b,GJ 2030,TIC 9967949,0.96,0.125,-0.125,6.20902,0.023,-0.023,4.417,0.027,-0.027,0.034,0.001,-0.002,0.239,0.075,-0.058
HD 93351 c,HD 93351,TIC 318093199,0.94,0.121,-0.121,9.12,0.03,-0.03,7.29,0.02,-0.02,11.154,2.956,-0.949,0.109,0.046,-0.041
HD 126614 b,HD 126614,TIC 287973473,0.96,0.117,-0.117,8.81,0.03,-0.03,7.06,0.036,-0.036,2.249,0.088,-0.096,0.548,0.063,-0.062
HD 214823 b,HD 214823,TIC 115779095,1.115,0.144,-0.144,8.06,0.03,-0.03,6.64,0.016,-0.016,3.08,0.126,-0.139,0.161,0.003,-0.003
HD 191806 b,HD 191806,TIC 294684871,1.07,0.129,-0.129,8.09,0.03,-0.03,6.639,0.016,-0.016,2.749,0.106,-0.118,0.213,0.029,-0.028
HD 219828 c,HD 219828,TIC 243085377,1.04,0.124,-0.124,8.04,0.03,-0.03,6.53,0.018,-0.018,5.657,0.228,-0.242,0.811,0.004,-0.004
TOI-2583 A b,TOI-2583 A,TIC 7548817,1.215,0.063,-0.082,12.586,0.15,-0.15,11.245,,,0.0571,0.001,-0.0013,0.0,,
KMT-2018-BLG-0247L b,KMT-2018-BLG-0247L,,0.29,0.28,-0.14,,,,,,,2.46,0.51,-0.58,,,
OGLE-2017-BLG-1691L b,OGLE-2017-BLG-1691L,,0.45,0.36,-0.25,,,,,,,2.41,0.34,-0.44,,,
KMT-2021-BLG-0320L b,KMT-2021-BLG-0320L,,0.32,0.39,-0.21,,,,,,,1.54,0.24,-0.3,,,
TOI-2587 A b,TOI-2587 A,TIC 68007716,1.15,0.14,-0.07,11.544,0.025,-0.025,9.991,0.023,-0.023,0.0635,0.0025,-0.0013,0.0,,
TOI-2096 b,TOI-2096,TIC 142748283,0.231,0.012,-0.012,15.92,0.2,-0.2,11.021,0.017,-0.017,0.025,0.001,-0.001,0.15,0.27,-0.12
TOI-2096 c,TOI-2096,TIC 142748283,0.231,0.012,-0.012,15.92,0.2,-0.2,11.021,0.017,-0.017,0.04,0.002,-0.002,0.1,0.17,-0.06
K2-411 b,K2-411,TIC 440701570,1.018,0.131,-0.131,12.27,0.103,-0.103,10.271,0.015,-0.015,0.0511,0.0021,-0.0028,,,
TOI-700 b,TOI-700,TIC 150428135,0.415,0.021,-0.02,13.151,0.069,-0.069,8.634,0.023,-0.023,0.0677,0.0011,-0.0011,0.075,0.093,-0.054
TOI-2842 b,TOI-2842,TIC 178162579,1.135,0.077,-0.079,12.59,0.057,-0.057,11.062,0.019,-0.019,0.0475,0.001,-0.0011,0.0,,
HD 18438 b,HD 18438,TIC 297820335,1.84,0.09,-0.09,5.50474,0.023,-0.023,1.325,0.216,-0.216,2.1,0.1,-0.1,0.1,0.1,-0.1
TOI-4603 b,TOI-4603,TIC 437856897,1.765,0.061,-0.061,9.24,0.03,-0.03,7.786,0.017,-0.017,0.0888,0.001,-0.001,0.325,0.02,-0.02
K2-413 b,K2-413,TIC 423610130,0.808,0.364,-0.256,15.013,0.172,-0.172,11.86,0.026,-0.026,0.0117,0.0009,-0.0012,,,
K2-413 c,K2-413,TIC 423610130,0.808,0.364,-0.256,15.013,0.172,-0.172,11.86,0.026,-0.026,0.0426,0.0016,-0.0019,,,
TOI-700 d,TOI-700,TIC 150428135,0.415,0.021,-0.02,13.151,0.069,-0.069,8.634,0.023,-0.023,0.1633,0.0027,-0.0027,0.042,0.045,-0.03
TOI-2977 b,TOI-2977,TIC 361343239,0.936,0.057,-0.041,12.6334,0.046,-0.046,10.666,0.026,-0.026,0.03386,0.00067,-0.0005,0.0,,
K2-412 b,K2-412,TIC 69274518,0.893,0.406,-0.275,15.746,0.08,-0.08,12.542,0.025,-0.025,0.0586,0.0032,-0.0033,,,
K2-414 c,K2-414,TIC 301288279,0.814,0.363,-0.251,14.289,0.195,-0.195,11.438,0.023,-0.023,0.0552,0.0017,-0.0023,,,
MASCARA-1 b,MASCARA-1,TIC 354619337,1.9,0.063,-0.068,8.28,0.03,-0.03,7.74,0.017,-0.017,0.040352,4.6e-05,-4.9e-05,0.00034,0.00034,-0.00023
TOI-3688 A b,TOI-3688 A,TIC 245509452,1.199,0.072,-0.076,12.241,0.028,-0.028,10.732,0.02,-0.02,0.0456,0.00089,-0.00098,0.0,,
K2-136 c,K2-136,TIC 18310799,0.742,0.039,-0.038,11.101,0.057,-0.057,8.368,0.019,-0.019,0.1185,0.002,-0.0021,0.047,0.062,-0.034
KMT-2021-BLG-1105L b,KMT-2021-BLG-1105L,,0.63,0.33,-0.33,,,,,,,3.54,1.06,-1.06,,,
HD 114082 b,HD 114082,TIC 441546821,1.47,0.07,-0.07,8.2,0.03,-0.03,7.163,0.031,-0.031,0.5109,0.0081,-0.0083,0.395,0.037,-0.039
TOI-3807 b,TOI-3807,TIC 289661991,1.181,0.064,-0.092,11.856,0.02,-0.02,10.617,0.019,-0.019,0.0421,0.0007,-0.0011,0.0,,
K2-415 b,K2-415,TIC 323687123,0.1635,0.0041,-0.0041,15.33,0.027,-0.027,9.899,0.023,-0.023,0.027,0.00023,-0.00023,,,
pi Men d,HD 39091,TIC 261136679,1.07,0.04,-0.04,5.65,0.03,-0.03,4.241,0.027,-0.027,,,,0.22,0.079,-0.079
MOA-2019-BLG-008L b,MOA-2019-BLG-008L,,0.9,0.2,-0.1,,,,,,,,,,,,
TOI-1260 b,TOI-1260,TIC 355867695,0.679,0.095,-0.057,11.922,0.034,-0.034,8.95,0.022,-0.022,0.0367,0.0011,-0.0011,0.0,,
OGLE-2019-BLG-0468L b,OGLE-2019-BLG-0468L,,0.92,0.49,-0.32,,,,,,,3.29,4.15,-2.52,,,
TOI-4342 b,TOI-4342,TIC 354944123,0.6296,0.0086,-0.0086,12.669,0.057,-0.057,9.018,0.021,-0.021,0.05251,0.00011,-0.00011,,,
TOI-4087 b,TOI-4087,TIC 310002617,1.178,0.039,-0.042,12.107,0.023,-0.023,10.436,0.025,-0.025,0.04469,0.00048,-0.00054,0.0,,
Kepler-68 d,Kepler-68,TIC 417676622,1.057,0.022,-0.02,10.077,0.004,-0.004,8.588,0.022,-0.022,1.469,0.01,-0.01,0.102,0.016,-0.016
TOI-4463 A b,TOI-4463 A,TIC 8599009,1.056,0.059,-0.063,11.036,0.008,-0.008,9.402,0.015,-0.015,0.04036,0.00074,-0.00082,0.0,,
K2-263 b,K2-263,TIC 21276520,0.88,0.03,-0.03,11.568,0.046,-0.046,9.748,0.02,-0.02,0.2573,0.003,-0.003,0.15,,
KMT-2021-BLG-0240L b,KMT-2021-BLG-0240L,,0.56,0.32,-0.3,,,,,,,2.8,3.3,-2.1,,,
HD 109833 c,HD 109833,TIC 360630575,1.08,0.05,-0.05,9.29,0.03,-0.03,7.82,0.026,-0.026,,,,0.3,0.21,-0.19
KMT-2019-BLG-1806L b,KMT-2019-BLG-1806L,,0.74,0.25,-0.25,,,,,,,3.02,0.7,-0.73,,,
KMT-2019-BLG-1042L b,KMT-2019-BLG-1042L,,0.3,0.34,-0.18,,,,,,,1.7,0.5,-0.5,,,
KMT-2019-BLG-1552L b,KMT-2019-BLG-1552L,,0.79,0.33,-0.36,,,,,,,2.6,0.6,-0.8,,,
HD 80653 b,HD 80653,TIC 55315929,1.18,0.04,-0.04,9.452,0.003,-0.003,8.018,0.021,-0.021,0.01661,0.00019,-0.00019,0.0,,
GJ 1002 c,GJ 1002,TIC 176287658,0.12,0.01,-0.01,13.76,0.02,,7.439,0.021,-0.021,0.0738,0.0021,-0.0021,,,
L 363-38 b,L 363-38,TIC 118585685,0.21,0.014,-0.014,13.027,0.025,-0.025,7.71,0.016,-0.016,0.048,0.006,-0.006,,,
TOI-181 b,TOI-181,TIC 76923707,0.822,0.04,-0.04,11.191,0.019,-0.019,9.047,0.021,-0.021,0.0539,0.0043,-0.0036,0.1543,0.06,-0.03
TOI-733 b,TOI-733,TIC 106402532,0.956,0.05,-0.026,9.44,0.003,-0.003,7.845,0.024,-0.024,0.0618,0.0036,-0.0039,0.046,0.056,-0.033
KMT-2019-BLG-0253L b,KMT-2019-BLG-0253L,,0.7,0.34,-0.31,,,,,,,3.1,0.8,-0.9,,,
HD 23472 e,HD 23472,TIC 425997655,0.67,0.03,-0.03,9.73,0.03,-0.03,7.207,0.023,-0.023,0.068,0.001,-0.001,0.07,0.052,-0.047
KOI-217 b,KOI-217,TIC 271354351,0.95,0.05,,15.257,0.069,-0.069,13.469,0.04,-0.04,0.0477,0.0007,-0.0007,0.0,,
KMT-2019-BLG-0953L b,KMT-2019-BLG-0953L,,0.28,0.32,-0.17,,,,,,,1.1,0.5,-0.4,,,
Proxima Cen d,Proxima Cen,TIC 388857263,0.1221,0.0022,-0.0022,11.01,0.1,-0.1,4.384,0.033,-0.033,0.02881,0.00017,-0.00017,0.0,,
TOI-1811 b,TOI-1811,TIC 376524552,0.817,0.033,-0.03,11.966,0.057,-0.057,9.643,0.025,-0.025,0.04389,0.00058,-0.00055,0.052,0.062,-0.037
TOI-5238 b,TOI-5238,TIC 219016883,1.0,0.094187,-0.160889,12.214,0.046,-0.046,10.627,0.016,-0.016,,,,,,
GJ 3090 b,GJ 3090,TIC 262530407,0.519,0.013,-0.013,11.403,0.026,-0.026,7.294,0.026,-0.026,0.03165,0.00027,-0.00027,0.32,,
HD 167768 b,HD 167768,TIC 2382387,1.08,0.14,-0.12,5.98894,0.023,-0.023,3.895,0.036,-0.036,0.1512,0.0058,-0.0063,0.149,0.101,-0.096
HATS-54 b,HATS-54,TIC 363851359,1.05,0.05,-0.05,13.937,0.08,-0.08,12.17,0.019,-0.019,0.037,0.001,-0.001,0.0,,
KMT-2021-BLG-1253L b,KMT-2021-BLG-1253L,,0.24,0.26,-0.13,,,,,,,1.52,0.57,-0.41,,,
TOI-2152 A b,TOI-2152,TIC 395393265,1.516,0.085,-0.1,11.436,0.016,-0.016,9.597,0.024,-0.024,0.05064,0.00093,-0.0011,0.057,0.068,-0.04
TOI-5542 b,TOI-5542,TIC 466206508,0.89,0.056,-0.031,12.42,0.046,-0.046,10.897,0.021,-0.021,0.332,0.016,-0.016,0.018,0.026,-0.013
NGTS-24 b,NGTS-24,TIC 151920165,1.26,0.05,-0.21,13.214,0.103,-0.103,11.51,0.021,-0.021,0.0479,0.0028,-0.003,0.0,,
MOA-2007-BLG-400L b,MOA-2007-BLG-400L,,0.69,0.04,-0.04,,,,,,,5.9,0.7,-0.7,,,
TOI-2154 b,TOI-2154,TIC 428787891,1.233,0.077,-0.09,11.068,0.008,-0.008,9.85,0.025,-0.025,0.0513,0.0011,-0.0013,0.117,0.1,-0.079
TOI-2497 b,TOI-2497,TIC 97568467,1.859,0.087,-0.083,9.547,0.004,-0.004,8.486,0.016,-0.016,0.1166,0.0018,-0.0018,0.195,0.043,-0.04
NGTS-25 b,NGTS-25,TIC 290742484,0.91,0.03,-0.04,14.333,0.114,-0.114,12.324,0.023,-0.023,0.0388,0.0014,-0.002,0.0,,
TOI-277 b,TOI-277,TIC 439456714,0.16,0.01,-0.01,13.632,0.021,-0.021,9.557,0.023,-0.023,0.0269,0.0011,-0.0011,,,
Wolf 1069 b,Wolf 1069,TIC 352617553,0.167,0.011,-0.011,13.993,0.049,-0.049,8.095,0.021,-0.021,0.0672,0.0014,-0.0014,,,
TOI-836 c,TOI-836,TIC 440887364,0.678,0.049,-0.041,9.92,0.03,-0.03,6.804,0.018,-0.018,0.075,0.0016,-0.0016,0.078,0.056,-0.056
TOI-2338 b,TOI-2338,TIC 24358417,0.99,0.03,-0.02,12.483,0.03,-0.03,10.664,0.025,-0.025,0.158,0.003,-0.003,0.676,0.002,-0.002
KIC 3526061 b,KIC 3526061,TIC 399793957,1.42,0.041,-0.041,10.372,0.007,-0.007,7.776,0.029,-0.029,5.14,0.16,-0.16,0.85,0.01,-0.01
KMT-2021-BLG-2294L b,KMT-2021-BLG-2294L,,0.14,0.2,-0.07,,,,,,,1.15,0.2,-0.2,,,
TOI-1695 b,TOI-1695,TIC 422756130,0.513,0.012,-0.012,12.989,0.081,-0.081,8.818,0.021,-0.021,0.033548,0.00026,-0.000268,0.097,,
TOI-836 b,TOI-836,TIC 440887364,0.678,0.049,-0.041,9.92,0.03,-0.03,6.804,0.018,-0.018,0.0422,0.00093,-0.00093,0.053,0.042,-0.042
TOI-1937 A b,TOI-1937 A,TIC 268301217,1.072,0.059,-0.064,13.18,0.103,-0.103,11.226,0.021,-0.021,0.01932,0.00035,-0.00039,0.0,,
PZ Tel b,PZ Tel,TIC 406095880,1.36,0.15,-0.13,8.43,0.03,-0.03,6.366,0.024,-0.024,27.0,14.0,-4.0,0.52,0.08,-0.1
TOI-969 c,TOI-969,TIC 280437559,0.734,0.014,-0.014,11.646,0.031,-0.031,8.879,0.023,-0.023,2.52,0.27,-0.29,0.628,0.043,-0.036
HD 206893 c,HD 206893,TIC 155782207,1.32,0.07,-0.05,6.68804,0.023,-0.023,5.593,0.021,-0.021,3.53,0.08,-0.06,0.41,0.03,-0.03
KMT-2021-BLG-1077L c,KMT-2021-BLG-1077L,,0.14,0.19,-0.07,,,,,,,0.93,1.05,-0.8,,,
TOI-4184 b,TOI-4184,TIC 394357918,0.2109,0.029,-0.026,17.12,0.2,-0.2,11.867,0.025,-0.025,0.0336,0.0015,-0.0015,,,
TOI-4010 c,TOI-4010,TIC 352682207,0.88,0.03,-0.03,12.291,0.069,-0.069,10.157,0.021,-0.021,0.058,0.001,-0.001,0.03,0.03,-0.02
GJ 367 c,GJ 367,TIC 34068865,0.455,0.011,-0.011,10.153,0.044,-0.044,5.78,0.02,-0.02,,,,0.09,0.07,-0.07
GJ 367 d,GJ 367,TIC 34068865,0.455,0.011,-0.011,10.153,0.044,-0.044,5.78,0.02,-0.02,,,,0.14,0.09,-0.09
Kepler-323 c,Kepler-323,TIC 137150039,1.015,0.072,-0.07,12.78,0.092,-0.092,11.354,0.02,-0.02,0.0458,0.0011,-0.0011,0.095,,
Kepler-20 d,Kepler-20,TIC 158554588,0.929,0.053,-0.053,12.61,0.069,-0.069,10.871,0.013,-0.013,0.3474,0.0067,-0.0067,0.082,,
TOI-5340 b,TOI-5340,TIC 14156936,1.35,0.07,-0.15,12.399,0.08,-0.08,10.607,0.027,-0.027,0.0628,0.0011,-0.0024,0.13,,
TOI-4010 b,TOI-4010,TIC 352682207,0.88,0.03,-0.03,12.291,0.069,-0.069,10.157,0.021,-0.021,0.0229,0.0002,-0.0002,0.03,0.03,-0.02
HN Lib b,HN Lib,TIC 294401924,0.291,0.013,-0.013,11.311,0.026,-0.026,5.939,0.034,-0.034,0.1417,0.0023,-0.0023,0.079,0.09,-0.055
TOI-1630.01,TOI-1630,TIC 317597583,0.95,0.13,-0.13,9.624,0.004,-0.004,7.915,0.027,-0.027,0.101151,0.004254,-0.004637,,,
TOI-2194 b,TOI-2194,TIC 271478281,0.74,0.0854,-0.0854,8.42,0.03,-0.03,5.869,0.024,-0.024,,,,,,
TOI-2459 b,TOI-2459,TIC 192790476,0.66,0.0763,-0.0763,10.772,0.015,-0.015,7.574,0.026,-0.026,,,,,,
GJ 649 b,GJ 649,TIC 236743275,0.51,0.05,-0.05,9.7,0.1,-0.1,5.624,0.016,-0.016,1.112,0.035,-0.037,0.083,0.068,-0.055
TOI-4010 e,TOI-4010,TIC 352682207,0.88,0.03,-0.03,12.291,0.069,-0.069,10.157,0.021,-0.021,1.57,0.12,-0.13,0.26,0.04,-0.04
GJ 849 b,GJ 849,TIC 248027247,0.45,0.07,-0.07,10.41,0.1,-0.1,5.594,0.017,-0.017,2.32,0.11,-0.13,0.029,0.019,-0.019
TOI-1052 c,TOI-1052,TIC 317060587,1.204,0.025,-0.025,9.511,0.003,-0.003,8.246,0.025,-0.025,0.2263,0.0024,-0.0023,0.237,0.09,-0.082
Kepler-107 b,Kepler-107,TIC 27988327,1.238,0.029,-0.029,12.543,0.057,-0.057,11.06,0.016,-0.016,0.04544,0.00036,-0.00036,0.1,,
Kepler-37 d,Kepler-37,TIC 164652245,0.79,0.033,-0.03,9.770001,0.004,-0.004,7.942,0.013,-0.013,0.2109,0.003,-0.003,0.1,,
TOI-4308 b,TOI-4308,TIC 144193715,0.9,0.1133,-0.1133,11.251,0.014,-0.014,9.139,0.021,-0.021,,,,,,
GJ 328 b,GJ 328,TIC 265373654,0.65,0.08,-0.08,9.99,0.1,-0.1,6.352,0.026,-0.026,4.11,0.16,-0.18,0.227,0.015,-0.015
GJ 849 c,GJ 849,TIC 248027247,0.45,0.07,-0.07,10.41,0.1,-0.1,5.594,0.017,-0.017,4.95,0.25,-0.28,0.092,0.038,-0.036
Kepler-276 c,Kepler-276,TIC 138213510,1.1,0.22,-0.14,15.481,0.172,-0.172,13.838,0.053,-0.053,0.18619,0.00232,-0.00232,0.0,,
Kepler-20 f,Kepler-20,TIC 158554588,0.929,0.053,-0.053,12.61,0.069,-0.069,10.871,0.013,-0.013,0.1387,0.0027,-0.0027,0.094,,
TOI-5803 b,TOI-5803,TIC 466382581,0.87,0.1032,-0.1032,10.655,0.011,-0.011,8.684,0.021,-0.021,,,,,,
KMT-2019-BLG-0298L b,KMT-2019-BLG-0298L,,0.7,0.37,-0.37,,,,,,,5.67,2.7,-2.7,,,
BD-210397 b,BD-210397,TIC 268804174,0.679,0.017,-0.017,9.84,0.03,-0.03,6.504,0.018,-0.018,2.63,0.06,-0.05,0.1,0.1,-0.1
GJ 328 c,GJ 328,TIC 265373654,0.65,0.08,-0.08,9.99,0.1,-0.1,6.352,0.026,-0.026,0.657,0.026,-0.028,,,
TOI-1470 b,TOI-1470,TIC 284441182,0.471,0.011,-0.011,13.459,0.036,-0.036,9.283,0.02,-0.02,0.0285,0.0004,-0.0004,0.3,,
TOI-1470 c,TOI-1470,TIC 284441182,0.471,0.011,-0.011,13.459,0.036,-0.036,9.283,0.02,-0.02,0.106,0.001,-0.001,0.5,,
KOI-13 b,KOI-13,TIC 158324245,1.72,0.1,-0.1,9.791,0.023,-0.023,9.425,0.014,-0.014,0.03641,0.00087,-0.00087,0.00064,0.00012,-0.00016
KMT-2019-BLG-2783L b,KMT-2019-BLG-2783L,,0.34,0.23,-0.23,,,,,,,1.85,0.93,-0.93,,,
HD 74698 c,HD 74698,TIC 308087983,1.039,0.025,-0.025,7.78,0.03,-0.03,6.23,0.027,-0.027,4.5,0.2,-0.2,0.2,0.2,-0.1
HD 94771 b,HD 94771,TIC 48974071,1.2,0.024,-0.024,7.37,0.03,-0.03,5.632,0.018,-0.018,3.48,0.03,-0.03,0.39,0.05,-0.04
HD 36384 b,HD 36384,TIC 418343111,1.14,0.15,-0.15,6.18839,0.023,-0.023,2.288,0.248,-0.248,1.3,0.1,-0.1,0.2,0.1,-0.1
MWC 758 c,MWC 758,TIC 73816033,1.5,,,8.270001,0.03,-0.03,5.804,0.023,-0.023,100.0,,,,,
Kepler-37 b,Kepler-37,TIC 164652245,0.79,0.033,-0.03,9.770001,0.004,-0.004,7.942,0.013,-0.013,0.1019,0.0014,-0.0014,0.098,,
Kepler-68 c,Kepler-68,TIC 417676622,1.057,0.022,-0.02,10.077,0.004,-0.004,8.588,0.022,-0.022,0.09008,0.00063,-0.00063,0.099,,
HD 207496 b,HD 207496,TIC 290348383,0.8,0.04,-0.04,8.23,0.03,-0.03,5.967,0.026,-0.026,0.0629,0.0011,-0.0011,0.231,0.042,-0.049
WASP-84 b,WASP-84,TIC 350293646,0.853,0.038,-0.038,10.825,0.011,-0.011,8.855,0.023,-0.023,0.0778,0.0021,-0.0021,0.0,,
GJ 9404 b,GJ 9404,TIC 328860504,0.62,0.07,-0.07,10.62,0.1,-0.1,6.796,0.02,-0.02,0.0943,0.0036,-0.0036,0.49,0.11,-0.13
HD 196050 b,HD 196050,TIC 351534793,1.27,0.06,-0.06,7.5,0.03,-0.03,6.034,0.027,-0.027,2.65,0.03,-0.03,0.2,0.01,-0.01
Kepler-1655 b,Kepler-1655,TIC 120973167,1.03,0.04,-0.04,11.045,0.01,-0.01,9.785,0.017,-0.017,0.1029,0.0014,-0.0014,0.19,,
Kepler-1876 b,Kepler-1876,TIC 171883078,1.187,0.075,-0.088,10.793,0.007,-0.007,9.472,0.018,-0.018,0.0758,0.0019,-0.0019,0.098,,
TOI-5678 b,TOI-5678,TIC 209464063,0.905,0.039,-0.041,11.438,0.012,-0.012,9.563,0.019,-0.019,0.249,0.005,-0.005,0.14,0.07,-0.07
AF Lep b,AF Lep,TIC 94945758,1.2,0.06,-0.06,6.332,0.035,-0.035,4.926,0.021,-0.021,8.4,1.1,-1.3,0.24,0.27,-0.15
rho CrB b,rho CrB,TIC 458494003,0.95,0.01,-0.01,5.40816,0.023,-0.023,3.857,0.036,-0.036,0.2245,0.0023,-0.0024,0.038,0.0025,-0.0025
HD 6860 b,HD 6860,TIC 174500619,2.49,,,2.06763,0.023,-0.023,-1.846,0.16,-0.16,2.03,0.01,-0.01,0.28,0.1,-0.09
KMT-2021-BLG-2010L b,KMT-2021-BLG-2010L,,0.37,0.4,-0.23,,,,,,,1.79,0.3,-0.38,,,
KMT-2022-BLG-0371L b,KMT-2022-BLG-0371L,,0.63,0.32,-0.28,,,,,,,3.02,0.45,-0.56,,,
Kepler-323 b,Kepler-323,TIC 137150039,1.015,0.072,-0.07,12.78,0.092,-0.092,11.354,0.02,-0.02,0.02778,0.00068,-0.00068,0.095,,
HD 165131 b,HD 165131,TIC 105138916,1.06,0.05,-0.05,8.42,0.03,-0.03,6.927,0.018,-0.018,3.54,0.054,-0.054,0.6708,0.0019,-0.0019
HD 89839 b,HD 89839,TIC 294028147,1.21,0.03,-0.03,7.64,0.03,-0.03,6.362,0.023,-0.023,4.761,0.042,-0.042,0.187,0.013,-0.013
rho CrB d,rho CrB,TIC 458494003,0.95,0.01,-0.01,5.40816,0.023,-0.023,3.857,0.036,-0.036,0.827,0.011,-0.011,0.0,,
rho CrB e,rho CrB,TIC 458494003,0.95,0.01,-0.01,5.40816,0.023,-0.023,3.857,0.036,-0.036,0.1061,0.0011,-0.0011,0.126,0.054,-0.078
Kepler-454 b,Kepler-454,TIC 121276638,1.03,0.04,-0.03,11.567,0.021,-0.021,9.968,0.018,-0.018,0.09528,0.0013,-0.00091,0.32,,
KMT-2022-BLG-0440L b,KMT-2022-BLG-0440L,,0.53,0.31,-0.26,,,,,,,1.9,0.6,-0.7,,,
TOI-1416 b,TOI-1416,TIC 158025009,0.798,0.035,-0.044,9.91,0.03,-0.03,7.708,0.024,-0.024,0.019,0.0003,-0.0003,0.0,,
Kepler-277 b,Kepler-277,TIC 120961424,1.12,0.19,-0.11,13.544,0.103,-0.103,11.966,0.023,-0.023,0.14168,0.00201,-0.00201,0.0,,
TOI-2095 b,TOI-2095,TIC 235678745,0.44,0.02,-0.02,13.19,0.2,-0.2,8.988,0.015,-0.015,0.101,0.005,-0.005,0.0,,
K2-417 b,K2-417,TIC 49592509,0.569,0.012,-0.012,13.909,0.077,-0.077,10.06,0.019,-0.019,0.063,0.006,-0.014,,,
GJ 508.2 b,GJ 508.2,TIC 43133318,0.54,0.12,-0.12,10.61,0.007,-0.007,6.555,9.995,-9.995,4.85,,,0.27,,
TOI-411 b,HD 22946,TIC 100990000,1.098,0.04,-0.039,8.270001,0.03,-0.03,6.981,0.029,-0.029,0.05727,0.00085,-0.00082,0.126,0.19,-0.009
TOI-1221 b,TOI-1221,TIC 349095149,0.93,0.22,-0.22,10.494,0.006,-0.006,9.036,0.021,-0.021,0.387,0.026,-0.023,0.21,,
TOI-4377 b,TOI-4377,TIC 394918211,1.36,0.08,-0.07,11.707,0.052,-0.052,9.148,0.024,-0.024,0.0579,0.001,-0.0011,0.045,0.053,-0.032
TOI-5293 A b,TOI-5293 A,TIC 250111245,0.54,0.02,-0.02,16.19,1.133,-1.133,11.639,0.035,-0.035,0.034,0.004,-0.003,0.38,,
K2-141 b,K2-141,TIC 301235044,0.708,0.028,-0.028,11.454,0.023,-0.023,8.401,0.023,-0.023,0.00747,0.0001,-0.0001,0.0,,
LP 791-18 b,LP 791-18,TIC 181804752,0.139,0.005,-0.005,16.91,0.2,-0.2,10.644,0.023,-0.023,0.00978,0.00012,-0.00012,0.0,,
LP 791-18 c,LP 791-18,TIC 181804752,0.139,0.005,-0.005,16.91,0.2,-0.2,10.644,0.023,-0.023,0.02961,0.00035,-0.00036,8e-05,4e-05,-4e-05
LHS 1815 b,LHS 1815,TIC 260004324,0.502,0.015,-0.015,12.167,0.047,-0.047,7.993,0.02,-0.02,0.0404,0.0094,-0.0094,0.0,,
Kepler-68 b,Kepler-68,TIC 417676622,1.057,0.022,-0.02,10.077,0.004,-0.004,8.588,0.022,-0.022,0.06135,0.00043,-0.00043,0.09,,
WISE J033605.05-014350.4 b,WISE J033605.05-014350.4,,0.0131,0.00597,-0.00597,,,,,,,0.97,0.05,-0.05,,,
LP 791-18 d,LP 791-18,TIC 181804752,0.139,0.005,-0.005,16.91,0.2,-0.2,10.644,0.023,-0.023,0.01992,0.00024,-0.00024,0.0015,0.00014,-0.00014
TOI-1235 b,TOI-1235,TIC 103633434,0.63,0.024,-0.024,11.495,0.056,-0.056,7.893,0.023,-0.023,0.03845,0.00037,-0.0004,0.049,0.072,-0.035
TOI-1634 b,TOI-1634,TIC 201186294,0.451,0.015,-0.015,13.217,0.043,-0.043,8.6,0.014,-0.014,0.01545,0.00014,-0.00014,0.0,,
TOI-2641 b,TOI-2641,TIC 162802770,1.16,0.07,-0.07,11.693,0.017,-0.017,10.325,0.021,-0.021,0.0607,0.0042,-0.0043,0.18,,
WASP-193 b,WASP-193,TIC 49043968,1.059,0.067,-0.068,11.972,0.023,-0.023,10.745,0.035,-0.035,0.0676,0.0015,-0.0015,0.056,0.068,-0.04
Kepler-20 e,Kepler-20,TIC 158554588,0.929,0.053,-0.053,12.61,0.069,-0.069,10.871,0.013,-0.013,0.0637,0.0012,-0.0012,0.092,,
OGLE-2018-BLG-1367L b,OGLE-2018-BLG-1367L,,0.28,0.22,-0.13,,,,,,,1.21,0.34,-0.32,,,
MOA-2022-BLG-249L b,MOA-2022-BLG-249L,,0.18,0.05,-0.05,,,,,,,1.63,0.35,-0.35,,,
DMPP-4 b,DMPP-4,TIC 26884478,1.25,0.02,-0.02,5.72936,0.023,-0.023,4.494,0.018,-0.018,0.04853,0.00036,-0.00197,0.063,,
TOI-778 b,TOI-778,TIC 335630746,1.4,0.05,-0.05,9.109,0.003,-0.003,8.055,0.033,-0.033,0.06,0.003,-0.003,0.21,0.04,-0.04
K2-2016-BLG-0005L b,K2-2016-BLG-0005L,,0.584,0.038,-0.038,,,,,,,4.16,0.32,-0.32,,,
TOI-2373 b,TOI-2373,TIC 332558858,1.041,0.032,-0.028,13.251,0.08,-0.08,11.586,0.025,-0.025,0.112,0.001,-0.001,0.112,0.007,-0.009
TOI-4438 b,TOI-4438,TIC 22233480,0.368,0.021,-0.021,13.69,0.045,-0.045,8.869,0.018,-0.018,0.0534,0.0037,-0.0037,0.14,0.09,-0.09
HD 47366 c,HD 47366,TIC 443578538,1.81,0.13,-0.13,6.11151,0.023,-0.023,4.055,0.29,-0.29,1.84,0.002,-0.002,0.161,0.045,-0.041
TOI-199 c,TOI-199,TIC 309792357,0.936,0.003,-0.005,10.701,0.008,-0.008,8.814,0.021,-0.021,0.807,0.003,-0.003,0.096,0.008,-0.009
KMT-2021-BLG-1770L b,KMT-2021-BLG-1770L,,0.13,0.18,-0.07,,,,,,,0.9,0.13,-0.13,,,
HD 63433 d,HD 63433,TIC 130181866,0.99,0.03,-0.03,6.92035,0.023,-0.023,5.258,0.016,-0.016,0.0503,0.0025,-0.0027,0.16,0.36,-0.12
HD 104067 b,HD 104067,TIC 428673146,0.82,0.03,-0.03,7.92,0.03,-0.03,5.614,0.024,-0.024,0.2674,0.0032,-0.0033,0.123,0.048,-0.051
HD 190007 b,HD 190007,TIC 345217789,0.77,0.02,-0.02,7.46,0.03,-0.03,4.796,0.017,-0.017,0.092,0.0008,-0.0008,0.136,0.085,-0.08
TOI-4201 b,TOI-4201,TIC 95057860,0.61,0.02,-0.02,15.163,0.08,-0.08,11.368,0.025,-0.025,0.04,0.001,-0.001,0.041,0.015,-0.015
TOI-5398 b,TOI-5398,TIC 8260536,1.146,0.013,-0.013,10.059,0.005,-0.005,8.713,0.018,-0.018,0.098,0.005,-0.005,0.13,,
TOI-1853 b,TOI-1853,TIC 73540072,0.837,0.039,-0.039,12.178,0.028,-0.028,10.055,0.019,-0.019,0.0213,0.0005,-0.0005,0.03,,
HIP 113103 b,HIP 113103,TIC 121490076,0.761,0.038,-0.038,9.95,0.03,-0.03,7.557,0.031,-0.031,0.06899,0.00029,-0.00023,0.17,0.17,-0.13
TOI-5344 b,TOI-5344,TIC 16005254,0.612,0.034,-0.034,15.402,0.149,-0.149,10.86,0.018,-0.018,0.04041,0.00075,-0.00075,0.054,,
TOI-5398 c,TOI-5398,TIC 8260536,1.146,0.013,-0.013,10.059,0.005,-0.005,8.713,0.018,-0.018,0.057,0.003,-0.003,0.14,,
HD 134606 b,HD 134606,TIC 262457542,1.046,0.07,-0.059,6.86,0.03,-0.03,5.177,0.026,-0.026,0.1046,0.0023,-0.0024,0.092,0.054,-0.053
gam Cep b,gam Cep,TIC 367912480,1.27,0.05,-0.07,3.23006,0.023,-0.023,1.038,0.206,-0.206,2.13,0.05,-0.05,0.15,0.07,-0.05
HIP 113103 c,HIP 113103,TIC 121490076,0.761,0.038,-0.038,9.95,0.03,-0.03,7.557,0.031,-0.031,0.10479,0.00045,-0.00035,0.17,0.17,-0.13
Kepler-1513 b,Kepler-1513,TIC 394177315,0.943,0.037,-0.037,13.071,0.069,-0.069,11.309,0.02,-0.02,0.56971,0.00477,-0.00477,0.306,0.093,-0.097
TOI-5126 b,TOI-5126,TIC 27064468,1.24,0.05,-0.046,10.141,0.006,-0.006,8.777,0.018,-0.018,0.06519,0.00087,-0.00082,0.0,,
Kepler-1513 c,Kepler-1513,TIC 394177315,0.943,0.037,-0.037,13.071,0.069,-0.069,11.309,0.02,-0.02,,,,0.125,0.018,-0.019
HD 134606 e,HD 134606,TIC 262457542,1.046,0.07,-0.059,6.86,0.03,-0.03,5.177,0.026,-0.026,0.0527,0.0011,-0.0012,0.2,0.14,-0.13
Kepler-849 b,Kepler-849,TIC 417659078,1.259,0.12,-0.098,12.878,0.092,-0.092,11.527,0.023,-0.023,1.137,0.034,-0.03,0.078,0.069,-0.053
Kepler-553 c,Kepler-553,TIC 264508613,0.889,0.046,-0.036,15.034,0.229,-0.229,13.064,0.037,-0.037,0.898,0.015,-0.012,0.346,0.02,-0.024
6 Lyn b,6 Lyn,TIC 444865362,1.32,0.2,-0.21,5.87307,0.023,-0.023,3.701,0.3,-0.3,2.028,0.003,-0.005,0.042,0.024,-0.032
81 Cet b,81 Cet,TIC 35725282,1.23,0.3,-0.25,5.64307,0.023,-0.023,3.266,0.258,-0.258,2.104,0.003,-0.003,0.037,0.015,-0.025
TOI-1801 b,TOI-1801,TIC 119584412,0.556,0.042,-0.035,11.58,0.1,-0.1,7.805,0.024,-0.024,0.075,0.001,-0.001,0.0,,
TOI-5126 c,TOI-5126,TIC 27064468,1.24,0.05,-0.046,10.141,0.006,-0.006,8.777,0.018,-0.018,0.1439,0.0019,-0.0018,0.0,,
K2-27 b,K2-27,TIC 363548415,0.88,0.03,-0.03,12.689,0.16,-0.16,10.704,0.024,-0.024,0.06702,0.00071,-0.00071,0.251,0.088,-0.088
Kepler-880 b,Kepler-880,TIC 351803495,1.46,0.233,-0.131,11.845,0.022,-0.022,11.039,0.021,-0.021,0.0915,,,0.0,,
HD 104985 b,HD 104985,TIC 160224839,1.22,0.29,-0.23,5.79389,0.023,-0.023,3.274,0.304,-0.304,0.715,0.0,0.0,0.047,0.015,-0.028
eps Tau b,eps Tau,TIC 17554529,2.57,0.17,-0.25,3.523,0.023,-0.023,1.422,0.254,-0.254,1.878,0.001,-0.001,0.076,0.009,-0.008
GJ 724 b,GJ 724,TIC 424934357,0.5271,0.0263,-0.0263,10.638,0.025,-0.025,6.546,0.021,-0.021,0.04685,0.00077,-0.00079,0.577,0.055,-0.052
HAT-P-65 b,HAT-P-65,TIC 283419843,1.297,0.056,-0.053,13.121,0.092,-0.092,11.528,0.025,-0.025,0.04042,0.00057,-0.00055,0.304,,
KMT-2018-BLG-0885L b,KMT-2018-BLG-0885L,,0.29,0.38,-0.18,,,,,,,1.07,0.17,-0.19,,,
TOI-1136 e,TOI-1136,TIC 142276270,1.022,0.027,-0.027,9.534,0.003,-0.003,8.034,0.021,-0.021,0.14,0.002,-0.002,0.0425,0.004,-0.004
HD 167042 b,HD 167042,TIC 353988778,1.39,0.17,-0.19,5.98796,0.023,-0.023,3.55,0.238,-0.238,1.22,0.001,-0.001,0.01,0.033,-0.004
HD 173416 b,HD 173416,TIC 157951225,2.0,0.3,-0.3,6.04188,0.023,-0.023,3.814,0.354,-0.354,1.158,0.003,-0.004,0.208,0.089,-0.094
HD 110067 b,HD 110067,TIC 347332255,0.798,0.042,-0.042,8.419,0.002,-0.002,6.492,0.018,-0.018,0.0793,0.00096,-0.00096,,,
TOI-4641 b,TOI-4641,TIC 436873727,1.41,0.068,-0.059,7.51,0.03,-0.03,6.579,0.029,-0.029,0.173,0.015,-0.015,0.074,,
HD 110067 c,HD 110067,TIC 347332255,0.798,0.042,-0.042,8.419,0.002,-0.002,6.492,0.018,-0.018,0.1039,0.0013,-0.0013,,,
KMT-2019-BLG-0335L b,KMT-2019-BLG-0335L,,0.32,0.35,-0.19,,,,,,,1.64,0.21,-0.26,,,
Wolf 327 b,Wolf 327,TIC 4918918,0.405,0.019,-0.019,13.018,0.062,-0.062,8.435,0.017,-0.017,0.01,0.0004,-0.0004,0.0,,
OGLE-2017-BLG-1237L b,OGLE-2017-BLG-1237L,,0.46,0.3,-0.24,,,,,,,2.53,0.5,-0.64,,,
TOI-1136 d,TOI-1136,TIC 142276270,1.022,0.027,-0.027,9.534,0.003,-0.003,8.034,0.021,-0.021,0.1062,0.0008,-0.0008,0.042,0.004,-0.004
HD 32518 b,HD 32518,TIC 310836777,1.13,0.18,-0.18,6.43005,0.023,-0.023,3.911,0.036,-0.036,0.594,0.0,0.0,0.028,0.034,-0.019
HD 210702 b,HD 210702,TIC 456826468,1.33,0.19,-0.2,5.93022,0.023,-0.023,3.984,0.294,-0.294,1.079,0.001,-0.001,0.071,0.019,-0.051
HD 81688 b,HD 81688,TIC 105438311,1.07,0.27,-0.16,5.39755,0.023,-0.023,3.056,0.352,-0.352,0.648,0.0,0.0,0.04,0.022,-0.031
CI Tau c,CI Tau,TIC 61230756,0.9,0.02,-0.02,13.642,0.172,-0.172,7.793,0.02,-0.02,0.17,0.08,-0.08,0.58,0.05,-0.06
TOI-1994 b,TOI-1994,TIC 445903569,1.86,0.18,-0.17,10.514,0.006,-0.006,9.775,0.021,-0.021,0.0613,0.0019,-0.0019,0.341,0.054,-0.059
TOI-4515 b,TOI-4515,TIC 456862677,0.949,0.02,-0.02,11.938,0.034,-0.034,10.134,0.018,-0.018,0.118,0.001,-0.001,0.461,0.007,-0.007
TOI-1136 f,TOI-1136,TIC 142276270,1.022,0.027,-0.027,9.534,0.003,-0.003,8.034,0.021,-0.021,0.174,0.002,-0.002,0.001,0.001,-0.001
kap CrB b,kap CrB,TIC 334753043,1.33,0.24,-0.25,4.79734,0.023,-0.023,2.423,0.242,-0.242,2.5,0.004,-0.009,0.04,0.013,-0.032
xi Aql b,xi Aql,TIC 375464367,1.74,0.21,-0.28,4.70964,0.023,-0.023,2.171,0.22,-0.22,0.625,0.0,-0.001,0.059,0.087,-0.037
HD 88986 b,HD 88986,TIC 1042868,1.25,0.05,-0.05,6.46974,0.023,-0.023,4.884,0.02,-0.02,0.58,0.04,-0.04,0.24,0.05,-0.05
HD 110067 g,HD 110067,TIC 347332255,0.798,0.042,-0.042,8.419,0.002,-0.002,6.492,0.018,-0.018,0.2621,0.0032,-0.0032,,,
LHS 1678 b,LHS 1678,TIC 77156829,0.345,0.014,-0.014,12.6,0.2,-0.2,8.264,0.029,-0.029,0.01239,0.00056,-0.00057,0.033,0.035,-0.023
M62H b,M62H,,1.4,,,,,,,,,,,,,,
OGLE-2017-BLG-1275L b,OGLE-2017-BLG-1275L,,0.63,0.23,-0.23,,,,,,,2.09,0.63,-0.63,,,
11 Com b,11 Com,TIC 72437047,2.09,0.64,-0.63,4.72307,0.023,-0.023,2.282,0.346,-0.346,1.178,0.0,0.0,0.238,0.007,-0.007
KMT-2021-BLG-1547L b,KMT-2021-BLG-1547L,,0.72,0.32,-0.38,,,,,,,4.5,0.9,-1.3,,,
WISPIT 1 c,WISPIT 1,TIC 268764100,0.72,0.081548,-0.084788,13.182,0.103,-0.103,10.121,0.019,-0.019,840.0,,,,,
HD 44219 b,HD 44219,TIC 443055162,1.2,0.06,-0.06,7.69,0.03,-0.03,6.115,0.017,-0.017,1.26,0.02,-0.07,0.41,0.12,-0.14
HD 5608 b,HD 5608,TIC 53873088,1.29,0.23,-0.23,6.00272,0.023,-0.023,3.826,0.372,-0.372,1.79,0.007,-0.003,0.11,0.029,-0.08
nu Oph c,nu Oph,TIC 9815387,2.61,0.32,-0.57,3.31216,0.023,-0.023,1.225,0.306,-0.306,5.829,0.006,-0.006,0.179,0.007,-0.005
75 Cet b,75 Cet,TIC 251095345,1.92,0.07,-0.08,5.3532,0.023,-0.023,3.207,0.272,-0.272,1.912,0.002,-0.003,0.093,0.026,-0.042
K2-111 b,K2-111,TIC 14227229,0.84,0.02,-0.02,11.13,0.034,-0.034,9.377,0.021,-0.021,0.0565,0.00045,-0.00045,0.1,,
NGC 2682 Sand 1429 b,NGC 2682 Sand 1429,TIC 437039505,1.26,0.04,-0.04,12.704,0.057,-0.057,11.306,0.018,-0.018,0.384,0.004,-0.004,0.0,,
HD 111998 b,HD 111998,TIC 53304943,1.4,0.07,-0.07,6.11006,0.023,-0.023,4.993,0.023,-0.023,1.91,0.02,-0.03,0.13,0.05,-0.04
HIP 70849 b,HIP 70849,TIC 127382459,0.65,0.01,-0.01,10.421,0.067,-0.067,6.79,0.027,-0.027,3.99,0.06,-0.07,0.65,0.02,-0.01
HD 114783 c,HD 114783,TIC 292113181,0.9,0.04,-0.04,7.56,0.03,-0.03,5.475,0.017,-0.017,5.0,0.1,-0.1,0.05,0.04,-0.03
omi UMa b,omi UMa,TIC 73416947,2.72,0.14,-0.16,3.35214,0.023,-0.023,1.339,0.202,-0.202,3.691,0.02,-0.021,0.149,0.044,-0.079
LTT 3780 c,LTT 3780,TIC 36724087,0.381,0.024,-0.034,13.14,0.035,-0.035,8.204001,0.021,-0.021,0.0757,0.0018,-0.0018,0.024,0.032,-0.017
TOI-1798.01,TOI-1798,TIC 198153540,0.87,0.11,-0.11,11.361,0.023,-0.023,9.237001,0.014,-0.014,0.074984,0.002966,-0.00322,0.0,,
HD 140901 c,HD 140901,TIC 179348425,1.06,0.05,-0.05,6.01,0.03,-0.03,4.323,0.016,-0.016,11.8,4.1,-2.5,0.77,0.06,-0.07
HD 4732 c,HD 4732,TIC 63905972,1.39,0.15,-0.17,5.9,0.03,-0.03,3.691,0.036,-0.036,4.725,0.057,-0.057,0.187,0.034,-0.066
HD 4732 b,HD 4732,TIC 63905972,1.39,0.15,-0.17,5.9,0.03,-0.03,3.691,0.036,-0.036,1.129,0.001,-0.004,0.266,0.081,-0.068
ome Ser b,ome Ser,TIC 272677041,1.01,0.07,-0.08,5.21644,0.023,-0.023,2.929,0.224,-0.224,0.838,0.002,-0.001,0.18,0.066,-0.127
LHS 3154 b,LHS 3154,TIC 24108819,0.1118,0.0027,-0.0027,17.65,0.2,-0.2,10.072,0.019,-0.019,0.02262,0.00018,-0.00018,0.076,0.057,-0.047
Teegarden's Star b,Teegarden's Star,TIC 257870150,0.097,0.01,-0.01,15.13,0.2,-0.2,7.585,0.046,-0.046,0.0259,0.0008,-0.0009,0.03,0.04,-0.02
Teegarden's Star c,Teegarden's Star,TIC 257870150,0.097,0.01,-0.01,15.13,0.2,-0.2,7.585,0.046,-0.046,0.0455,0.0015,-0.0016,0.04,0.07,-0.03
HIP 54597 b,HIP 54597,TIC 20375215,0.8,0.04,-0.04,9.83,0.03,-0.03,7.276,0.018,-0.018,4.0,0.1,-0.1,0.03,0.03,-0.02
HD 2952 b,HD 2952,TIC 452910671,1.91,0.42,-0.22,5.9258,0.023,-0.023,3.629,0.246,-0.246,1.117,0.003,-0.004,0.269,0.165,-0.15
TOI-544 c,TOI-544,TIC 50618703,0.631,0.018,-0.018,10.777,0.017,-0.017,7.8,0.02,-0.02,,,,0.32,0.08,-0.09
TOI-2134 b,TOI-2134,TIC 75878355,0.744,0.027,-0.027,8.933,0.003,-0.003,6.091,0.017,-0.017,0.078,0.0009,-0.0009,0.06,0.03,-0.04
TOI-544 b,TOI-544,TIC 50618703,0.631,0.018,-0.018,10.777,0.017,-0.017,7.8,0.02,-0.02,0.0225,0.0002,-0.0002,0.0,,
Teegarden's Star d,Teegarden's Star,TIC 257870150,0.097,0.01,-0.01,15.13,0.2,-0.2,7.585,0.046,-0.046,0.0791,0.0025,-0.0027,0.07,0.1,-0.05
TOI-1199 b,TOI-1199,TIC 99869022,1.23,0.07,-0.07,11.093,0.007,-0.007,9.466,0.015,-0.015,0.04988,0.00091,-0.00091,0.03,0.029,-0.029
HD 75302 b,HD 75302,TIC 262587669,1.06,0.05,-0.05,7.45,0.03,-0.03,5.84,0.02,-0.02,5.3,0.2,-0.1,0.39,0.1,-0.11
HD 108202 b,HD 108202,TIC 94924490,0.74,0.04,-0.04,10.26,0.03,-0.03,7.31,0.029,-0.029,3.7,0.1,-0.1,0.52,0.04,-0.03
HD 208897 b,HD 208897,TIC 423862056,1.25,0.11,-0.11,6.50821,0.023,-0.023,4.198,0.036,-0.036,1.063,0.002,-0.003,0.02,0.049,-0.01
TOI-2134 c,TOI-2134,TIC 75878355,0.744,0.027,-0.027,8.933,0.003,-0.003,6.091,0.017,-0.017,0.371,0.004,-0.004,0.67,0.05,-0.06
TOI-2010 b,TOI-2010,TIC 26547036,1.112,0.048,-0.055,9.849,0.004,-0.004,8.281,0.016,-0.016,0.5516,0.0078,-0.0093,0.212,0.022,-0.021
24 Boo b,24 Boo,TIC 441712711,1.05,0.27,-0.18,5.59,0.001,-0.001,3.159,0.28,-0.28,0.194,0.0,0.0,0.032,0.039,-0.023
HD 47366 b,HD 47366,TIC 443578538,1.81,0.13,-0.13,6.11151,0.023,-0.023,4.055,0.29,-0.29,1.207,0.001,-0.002,0.071,0.03,-0.046
TOI-3919 b,TOI-3919,TIC 23769326,1.208,0.067,-0.07,12.858,0.069,-0.069,11.502,0.02,-0.02,0.0795,0.0014,-0.0016,0.259,0.033,-0.036
TOI-4153 b,TOI-4153,TIC 470171739,1.572,0.064,-0.071,11.601,0.016,-0.016,10.296,0.021,-0.021,0.06311,0.00084,-0.00096,0.039,0.047,-0.028
TOI-1249 b,TOI-1249,TIC 232976128,1.0062,0.0318,-0.0318,11.089,0.009,-0.009,9.126,0.022,-0.022,0.109,0.002,-0.002,0.0,,
TOI-4633 c,TOI-4633,TIC 307958020,1.1,0.06,-0.06,9.017,0.002,-0.002,7.349,0.024,-0.024,0.847,0.061,-0.061,0.117,0.186,-0.085
Kepler-305 d,Kepler-305,TIC 171879024,0.827,0.046,-0.046,15.851,0.263,-0.263,13.702,0.042,-0.042,0.12091,0.00108,-0.00108,0.0,,
TOI-5232 b,TOI-5232,TIC 69356857,1.389,0.068,-0.075,12.246,0.069,-0.069,10.857,0.018,-0.018,0.05593,0.0009,-0.001,0.035,0.034,-0.024
TOI-1269 b,TOI-1269,TIC 198241702,0.9027,0.0249,-0.0262,11.618,0.034,-0.034,9.89,0.019,-0.019,0.0496,0.0009,-0.001,0.0,,
TIC 46432937 b,TIC 46432937,TIC 46432937,0.563,0.029,-0.029,14.268,0.137,-0.137,10.195,0.02,-0.02,0.02065,0.00035,-0.00035,0.009,,
TOI-762 A b,TOI-762 A,TIC 178709444,0.442,0.025,-0.025,16.0,0.2,-0.2,11.084,0.027,-0.027,0.03418,0.00065,-0.00065,0.083,,
TOI-1294 b,TOI-1294,TIC 219015370,1.1578,0.0638,-0.0508,11.314,0.03,-0.03,9.964,0.02,-0.02,0.051,0.001,-0.001,0.0,,
TOI-1288 b,TOI-1288,TIC 365733349,0.9552,0.0319,-0.0304,10.445,0.007,-0.007,8.779,0.021,-0.021,0.0374,0.0007,-0.0008,0.0,,
Gliese 12 b,Gliese 12,TIC 52005579,0.2414,0.006,-0.006,12.6,0.042,-0.042,7.807,0.02,-0.02,0.0668,0.0024,-0.0024,0.5,,
TOI-907.01,TOI-907,TIC 305424003,1.069357,,,10.394,0.006,-0.006,9.034,0.037,-0.037,0.055225481,,,,,
TOI-1410.01,TOI-1410,TIC 199444169,0.7941,0.0209,-0.0225,11.111,0.015,-0.015,8.577,0.02,-0.02,0.0207,0.0004,-0.0004,0.0,,
TOI-1386 b,TOI-1386,TIC 343019899,1.0363,0.0349,-0.0352,10.61,0.008,-0.008,9.086,0.019,-0.019,0.173,0.003,-0.003,0.0,,
TOI-2447 b,TOI-2447,TIC 1167538,1.034,0.032,-0.032,10.507,0.006,-0.006,9.12,0.026,-0.026,0.347,0.029,-0.026,0.17,0.02,-0.1
TOI-3353.01,TOI-3353,TIC 391903064,1.332089,,,9.327,0.003,-0.003,7.779,0.024,-0.024,0.060118218,,,,,
HD 63433 c,HD 63433,TIC 130181866,0.9883,0.0212,-0.0273,6.92035,0.023,-0.023,5.258,0.016,-0.016,0.146,0.003,-0.003,0.0,,
Kepler-25 c,Kepler-25,TIC 120960812,1.165,0.027,-0.029,10.769,0.008,-0.008,9.493,0.017,-0.017,0.1117,0.00111,-0.00111,0.0061,0.0049,-0.0041
TOI-776 c,TOI-776,TIC 306996324,0.542,0.04,-0.039,11.536,0.041,-0.041,7.615,0.02,-0.02,0.1001,0.0022,-0.0024,0.089,0.048,-0.054
TOI-776 b,TOI-776,TIC 306996324,0.542,0.04,-0.039,11.536,0.041,-0.041,7.615,0.02,-0.02,0.0653,0.0014,-0.0016,0.052,0.037,-0.035
TOI-5082.01,TOI-5082,TIC 437011608,0.99665,,,8.25,0.03,-0.03,6.613,0.02,-0.02,0.051204842,,,,,
TOI-1807 b,TOI-1807,TIC 180695581,0.8048,0.0231,-0.0258,10.0,0.03,-0.03,7.568,9.995,-9.995,0.0122,0.0002,-0.0002,0.0,,
Kepler-100 d,Kepler-100,TIC 159654016,1.08,0.06,-0.06,11.055,0.011,-0.011,9.768,0.014,-0.014,0.21747,0.00339,-0.00339,0.38,0.12,-0.16
TOI-1451 b,TOI-1451,TIC 417931607,1.0022,0.0364,-0.034,9.584,0.003,-0.003,8.073,0.021,-0.021,0.127,0.003,-0.003,0.0,,
OGLE-2023-BLG-0836L b,OGLE-2023-BLG-0836L,,0.71,0.38,-0.36,,,,,,,3.7,0.98,-1.16,,,
TOI-2076 d,TOI-2076,TIC 27491137,0.8557,0.0201,-0.0212,9.139,0.002,-0.002,7.115,0.017,-0.017,0.199,0.004,-0.004,0.0,,
TOI-3486 b,TOI-3486,TIC 221861843,0.837,0.037,-0.034,12.329,0.057,-0.057,10.004,0.021,-0.021,0.03138,0.00046,-0.00043,0.078,,
G 196-3 b,G 196-3,TIC 88723334,0.519782,0.020162,-0.020162,11.672,0.077,-0.077,7.199,0.016,-0.016,350.0,1.0,-1.0,,,
BD-14 3065 b,BD-14 3065 A,TIC 293607057,1.41,0.05,-0.05,11.1,0.013,-0.013,9.932,0.026,-0.026,0.0656,0.0026,-0.0026,0.066,0.0098,-0.011
HD 63935 b,HD 63935,TIC 453211454,0.9406,0.0342,-0.0318,8.58,0.03,-0.03,6.881,0.021,-0.021,0.083,0.002,-0.002,0.0,,
TOI-1694 b,TOI-1694,TIC 396740648,0.853,0.0227,-0.0249,11.446,0.015,-0.015,9.425,0.02,-0.02,0.045,0.0008,-0.0008,0.0,,
TOI-4336 A b,TOI-4336 A,TIC 166184428,0.331,0.015,-0.015,13.6,0.092,-0.092,8.632,0.024,-0.024,0.0872,0.0013,-0.0014,,,
SPECULOOS-3 b,SPECULOOS-3,TIC 230741378,0.1009,0.0024,-0.0024,17.8,0.2,-0.2,10.541,0.016,-0.016,0.00733,5.5e-05,-5.5e-05,,,
TIC 139270665 b,TIC 139270665,TIC 139270665,1.035,0.052,-0.062,10.385,0.005,-0.005,8.946,0.019,-0.019,0.163,0.0027,-0.0033,0.105,0.053,-0.05
HD 101581 b,HIP 56998,TIC 397362481,0.653,0.028,-0.028,7.77,0.03,-0.03,5.101,0.016,-0.016,0.046,0.0007,-0.0007,,,
TOI-2005 b,TOI-2005,TIC 147660886,1.59,0.016,-0.017,9.867,0.003,-0.003,8.905,0.019,-0.019,0.16,0.02,-0.02,0.597,0.097,-0.065
TOI-2031 A b,TOI-2031 A,TIC 470127886,1.174,0.06,-0.062,11.254,0.01,-0.01,9.971,0.023,-0.023,0.066,0.0011,-0.0012,0.076,,
Kepler-102 b,Kepler-102,TIC 123357864,0.803,0.021,-0.021,12.072,0.027,-0.027,9.351,0.011,-0.011,0.05521,0.00049,-0.00049,0.1,,
HIP 9618 c,HIP 9618,TIC 306263608,0.942,0.0335,-0.0325,9.2,0.03,-0.03,7.559,0.021,-0.021,0.269,0.005,-0.005,0.0,,
TIC 139270665 c,TIC 139270665,TIC 139270665,1.035,0.052,-0.062,10.385,0.005,-0.005,8.946,0.019,-0.019,2.0,0.93,-0.31,0.566,0.12,-0.069
TOI-815 b,TOI-815,TIC 102840239,0.776,0.036,-0.036,10.217,0.005,-0.005,7.999,0.029,-0.029,0.0903,0.0018,-0.0019,0.2,,
TOI-1246 d,TOI-1246,TIC 230127302,0.8889,0.0303,-0.0302,11.632,0.024,-0.024,9.907,0.036,-0.036,0.132,0.003,-0.003,0.0,,
HD 6061 b,HD 6061,TIC 352413427,1.0269,0.0317,-0.035,8.844,0.002,-0.002,7.392,0.018,-0.018,0.06,0.001,-0.001,0.0,,
TOI-5720 b,TOI-5720,TIC 230055368,0.383,0.019,-0.019,13.847,0.043,-0.043,9.288,0.015,-0.015,0.018288,0.000279,-0.000279,,,
TOI-1224 b,TOI-1224,TIC 299798795,0.4,0.01,-0.01,13.95,0.022,-0.022,9.134,0.019,-0.019,0.0355,0.0017,-0.0034,,,
TOI-1224 c,TOI-1224,TIC 299798795,0.4,0.01,-0.01,13.95,0.022,-0.022,9.134,0.019,-0.019,,,,0.0,,
TOI-1246 e,TOI-1246,TIC 230127302,0.8889,0.0303,-0.0302,11.632,0.024,-0.024,9.907,0.036,-0.036,0.212,0.004,-0.004,0.0,,
TOI-238 b,TOI-238,TIC 9006668,0.788,0.047,-0.048,10.748,0.013,-0.013,8.598,0.021,-0.021,0.0212,0.0004,-0.0004,0.18,,
KOI-2513.01,KOI-2513,TIC 270618386,0.91,0.1,-0.06,14.913,0.069,-0.069,13.367,0.036,-0.036,0.5,0.2,-0.4,0.36,0.03,-0.03
TOI-871 b,TOI-871,TIC 219344917,0.758,0.046,-0.044,10.569,0.01,-0.01,8.38,0.036,-0.036,0.1054,0.0021,-0.0021,,,
TOI-6086 b,TOI-6086,TIC 18318288,0.254,0.013,-0.013,14.981,0.063,-0.063,9.989,0.019,-0.019,0.01541,0.00024,-0.00024,,,
UCAC3 113-933 b,UCAC3 113-933,TIC 63726082,0.61,,,12.501,0.08,-0.08,8.866,0.021,-0.021,6100.0,,,,,
HD 48948 c,HD 48948,TIC 88228576,0.686,0.02,-0.013,8.58,0.001,-0.001,5.612,0.018,-0.018,0.1951,0.0016,-0.0016,0.55,0.044,-0.044
HD 48948 b,HD 48948,TIC 88228576,0.686,0.02,-0.013,8.58,0.001,-0.001,5.612,0.018,-0.018,0.0652,0.0005,-0.0005,0.055,0.043,-0.043
TOI-1710 b,TOI-1710,TIC 445805961,1.0258,0.0236,-0.0297,9.545,0.003,-0.003,7.959,0.026,-0.026,0.166,0.003,-0.0013,0.0,,
Kepler-1009 b,Kepler-1009,TIC 164411478,0.59,0.023,-0.029,15.758,0.103,-0.103,12.347,0.023,-0.023,0.0796,,,0.0,,
WASP-76 b,WASP-76,TIC 293435336,1.458,0.021,-0.021,9.518,0.004,-0.004,8.243,0.031,-0.031,0.033,0.0002,-0.0002,0.0,,
HIP 8152 b,HIP 8152,TIC 164767175,0.9373,0.035,-0.0322,10.07,0.03,-0.03,8.449,0.021,-0.021,0.093,0.002,-0.002,0.0,,
Kepler-342 b,Kepler-342,TIC 63293562,1.213,0.031,-0.018,13.2,0.08,-0.08,11.957,0.021,-0.021,0.128,,,0.0,,
KMT-2023-BLG-0416L b,KMT-2023-BLG-0416L,,0.63,0.32,-0.32,,,,,,,2.96,0.54,-0.75,,,
KMT-2023-BLG-1454L b,KMT-2023-BLG-1454L,,0.17,0.19,-0.09,,,,,,,1.18,0.17,-0.18,,,
HD 73344 b,HD 73344,TIC 175193677,1.2,0.02,-0.02,6.89351,0.023,-0.023,5.567,0.018,-0.018,0.131,0.0003,-0.0002,0.03,0.019,-0.013
TOI-3261 b,TOI-3261,TIC 358070912,0.861,0.02,-0.03,13.261,0.114,-0.114,11.184,0.025,-0.025,0.01714,0.00013,-0.0002,0.0,,
HIP 8152 c,HIP 8152,TIC 164767175,0.9373,0.035,-0.0322,10.07,0.03,-0.03,8.449,0.021,-0.021,0.139,0.003,-0.002,0.2,0.1,-0.1
TOI-329 b,TOI-329,TIC 169765334,1.0678,0.0312,-0.0304,11.262,0.019,-0.019,9.677,0.02,-0.02,0.0638,0.0012,-0.0013,0.39,0.033,-0.033
HIP 39017 b,HIP 39017,TIC 26045729,1.52,0.28,-0.26,6.96076,0.023,-0.023,6.227,0.026,-0.026,22.1,8.0,-8.0,0.55,0.35,-0.39
KMT-2023-BLG-1642L b,KMT-2023-BLG-1642L,,0.17,0.24,-0.09,,,,,,,1.41,0.22,-0.27,,,
Kepler-984 b,Kepler-984,TIC 272837755,0.96,0.039,-0.041,13.599,0.08,-0.08,11.83,0.018,-0.018,0.23688,0.00281,-0.00281,0.0,,
TOI-2107 b,TOI-2107,TIC 446549906,0.961,0.049,-0.054,12.0363,0.0459,-0.0459,10.328,0.021,-0.021,0.03515,0.00059,-0.00067,0.033,0.038,-0.023
TOI-3877 b,TOI-3877,TIC 144310492,1.16,0.066,-0.089,12.215,0.04,-0.04,10.916,0.018,-0.018,0.0529,0.001,-0.0014,0.22,,
TOI-480 b,TOI-480,TIC 317548889,1.2793,0.0282,-0.0288,7.28,0.03,-0.03,6.01,0.033,-0.033,0.077,0.001,-0.001,0.0,,
TOI-3321 b,TOI-3321,TIC 306648160,1.041,0.084,-0.068,11.076,0.012,-0.012,9.67,0.021,-0.021,0.047,0.0012,-0.001,0.054,0.057,-0.038
TOI-3894 b,TOI-3894,TIC 165464482,1.138,0.089,-0.075,11.992,0.023,-0.023,10.479,0.019,-0.019,0.05354,0.00061,-0.00085,0.05,0.052,-0.035
TOI-669 b,TOI-669,TIC 124573851,0.9245,0.0327,-0.0303,10.606,0.009,-0.009,9.134,0.019,-0.019,0.048,0.001,-0.001,0.0,,
Kepler-48 f,Kepler-48,TIC 171882123,0.916,0.0215,-0.0215,13.174,0.103,-0.103,11.221,0.023,-0.023,5.719187877,,,0.015283,0.13506,-0.13506
TOI-5713 b,TOI-5713,TIC 219041246,0.2653,0.0061,-0.0061,15.355,0.018,-0.018,10.217,0.016,-0.016,0.06008,0.00046,-0.00046,0.24,0.4,-0.17
TOI-1184 b,TOI-1184,TIC 233087860,0.71,0.08,-0.08,10.988,0.015,-0.015,8.317,0.019,-0.019,0.056027,0.00215,-0.002333,0.0,,
TOI-1244 b,TOI-1244,TIC 219850915,0.73,0.09,-0.09,11.929,0.08,-0.08,9.422,0.02,-0.02,0.060694,0.002247,-0.00243,0.0,,
TOI-757 b,TOI-757,TIC 130924120,0.8,0.05,-0.05,9.743,0.004,-0.004,7.874,0.021,-0.021,0.122,0.002,-0.002,0.39,0.08,-0.07
Kepler-1979 b,Kepler-1979,TIC 122142813,1.028,0.127,-0.14,15.484,0.15,-0.15,13.611,,,0.1383,,,0.0,,
TOI-1437 b,TOI-1437,TIC 198356533,1.1,0.1,-0.1,9.173,0.003,-0.003,7.817,0.021,-0.021,0.14,0.018,-0.017,0.17,0.11,-0.09
KMT-2023-BLG-1866L b,KMT-2023-BLG-1866L,,0.51,0.08,-0.13,,,,,,,2.63,0.37,-0.34,,,
HD 183579 b,HD 183579,TIC 320004517,0.996,0.049,-0.049,8.67,0.03,-0.03,7.15,0.027,-0.027,0.1322,0.0021,-0.0022,0.061,0.061,-0.042
K2-203 b,K2-203,TIC 333605244,0.793,0.033,-0.029,12.391,0.069,-0.069,10.206,0.023,-0.023,0.0824,0.0011,-0.001,0.23,0.42,-0.18
TOI-6651 b,TOI-6651,TIC 174328045,1.323,0.05,-0.045,10.242,0.005,-0.005,8.684,0.016,-0.016,0.0633,0.00078,-0.00072,0.091,0.096,-0.062
HD 135694 b,HD 135694,TIC 232540264,1.02,0.12,-0.12,9.08,0.03,-0.03,7.502,0.023,-0.023,0.124695,0.00482,-0.005226,0.0,,
TOI-1301.01,TOI-1301,TIC 356867115,0.77,0.09,-0.09,11.337,0.015,-0.015,9.044,0.023,-0.023,0.059866,0.002199,-0.002372,,,
TOI-421 b,TOI-421,TIC 94986319,0.833,0.048,-0.054,9.931,0.006,-0.006,8.071,0.018,-0.018,0.0554,0.001,-0.001,0.13,0.05,-0.05
KOI-1783.01,KOI-1783,TIC 159051209,1.076,0.036,-0.032,13.978,0.08,-0.08,12.621,0.02,-0.02,0.52661,0.00554,-0.00554,0.0,,
HIP 67522 b,HIP 67522,TIC 166527623,1.22,0.05,-0.05,9.79,0.03,-0.03,8.164,0.026,-0.026,0.0748,0.0016,-0.0018,0.064,0.187,-0.049
K2-211 b,K2-211,TIC 399731211,0.851,0.039,-0.035,13.1547,0.0459,-0.0459,11.104,0.024,-0.024,0.01419,0.00021,-0.0002,0.19,0.3,-0.14
Kepler-315 b,Kepler-315,TIC 273694712,0.831,0.02,-0.014,15.546,0.115,-0.115,13.581,0.041,-0.041,0.402,,,0.0,,
TOI-2420 b,TOI-2420,TIC 268532343,1.158,0.098,-0.098,11.574,0.092,-0.092,9.8,0.025,-0.025,0.0684,0.0067,-0.0059,0.055,0.036,-0.031
HIP 116454 b,HIP 116454,TIC 422618449,0.8,0.033,-0.03,10.19,0.03,-0.03,8.029,0.021,-0.021,0.0792,0.0011,-0.001,0.215,0.056,-0.094
K2-226 b,K2-226,TIC 176938958,0.856,0.042,-0.03,12.337,0.092,-0.092,10.223,0.023,-0.023,0.04095,0.00066,-0.00049,0.22,0.37,-0.16
TOI-1659.01,TOI-1659,TIC 288631580,1.1,0.14,-0.14,10.078,0.004,-0.004,8.702,0.02,-0.02,0.065757,0.002686,-0.00292,,,
TOI-1338 c,TOI-1338 A,TIC 260128333,1.0936,0.0072,-0.0072,11.722,0.022,-0.022,10.635,0.021,-0.021,0.794,0.016,-0.016,0.037,0.032,-0.026
TOI-2485 b,TOI-2485,TIC 328934463,1.163,0.053,-0.053,11.935,0.026,-0.026,10.051,0.021,-0.021,0.1093,0.0055,-0.0057,0.0341,0.0109,-0.0087
K2-280 b,K2-280,TIC 119605900,1.03,0.03,-0.03,12.524,0.08,-0.08,10.765,0.019,-0.019,0.1461,0.0099,-0.0097,0.35,0.05,-0.04
K2-147 b,K2-147,TIC 398275886,0.563,0.028,-0.028,14.044,0.038,-0.038,9.997,0.021,-0.021,0.01575,0.00026,-0.00027,0.38,0.26,-0.22
TOI-1130 c,TOI-1130,TIC 254113311,0.745,0.007,-0.009,11.595,0.026,-0.026,8.351,0.033,-0.033,0.0731,0.0002,-0.0003,0.0398,0.0009,-0.0002
eps Ind A b,eps Ind A,TIC 231698181,0.76,0.04,-0.04,4.69,0.03,-0.03,2.237,0.24,-0.24,28.4,10.0,-7.2,0.4,0.15,-0.18
K2-237 b,K2-237,TIC 16288184,1.256,0.055,-0.062,11.602,0.034,-0.034,10.217,0.023,-0.023,0.03552,0.00051,-0.0006,0.03,0.033,-0.021
K2-250 b,K2-250,TIC 98591691,0.809,0.044,-0.036,14.314,0.126,-0.126,12.016,0.024,-0.024,0.04606,0.00082,-0.00068,0.21,0.39,-0.16
TOI-4379 b,TOI-4379,TIC 97766057,1.372,0.037,-0.105,12.661,0.092,-0.092,10.732,0.019,-0.019,,,,0.018,0.029,-0.018
HD 132406 b,HD 132406,TIC 309808219,0.973,0.04,-0.04,8.45,0.03,-0.03,6.87,0.017,-0.017,1.98,0.06,-0.06,0.25,0.063,-0.075
K2-260 b,K2-260,TIC 293612446,1.637,0.065,-0.069,12.624,0.103,-0.103,11.093,0.021,-0.021,0.04392,0.00057,-0.00063,0.053,0.051,-0.036
TOI-2211.01,TOI-2211,TIC 212253390,0.9,0.11,-0.11,10.0,0.03,-0.03,8.088,0.015,-0.015,0.04011,0.001559,-0.001687,,,
TOI-1799 b,TOI-1799,TIC 8967242,1.01,0.13,-0.13,8.98,0.03,-0.03,7.381,0.018,-0.018,0.072502,0.002987,-0.003255,0.0,,
TOI-4638.01,TOI-4638,TIC 58824746,1.02,0.13,-0.13,11.657,0.028,-0.028,9.696,0.018,-0.018,0.093013,0.003839,-0.004185,,,
TOI-6029 b,TOI-6029,TIC 419523962,1.548,0.027,-0.085,12.858,0.038,-0.038,10.369,0.023,-0.023,,,,0.091,0.017,-0.015
OGLE-2017-BLG-0448L b,OGLE-2017-BLG-0448L,,0.5,0.38,-0.29,,,,,,,5.75,2.39,-2.0,,,
KELT-24 b,KELT-24,TIC 349827430,1.268,0.063,-0.063,8.34,0.03,-0.03,7.154,0.021,-0.021,0.0665,0.0011,-0.0011,0.0319,0.0079,-0.0074
K2-321 b,K2-321,TIC 277833995,0.578,0.03,-0.03,13.677,0.047,-0.047,9.567,0.021,-0.021,0.02839,0.00048,-0.0005,0.44,0.26,-0.23
K2-167 b,K2-167,TIC 69747919,1.084,0.1,-0.097,8.24,0.03,-0.03,6.887,0.034,-0.034,0.0932,0.0028,-0.0029,0.48,0.26,-0.26
TOI-1782.02,TOI-1782,TIC 160045097,0.68,0.08,-0.08,12.329,0.057,-0.057,9.552,0.02,-0.02,0.025739,0.000937,-0.001011,,,
TOI-2529 b,TOI-2529,TIC 269333648,1.11,0.01,-0.02,11.529,0.018,-0.018,9.489,0.024,-0.024,0.327,0.02,-0.02,0.021,0.024,-0.015
TOI-3568 b,TOI-3568,TIC 160390955,0.78,0.02,-0.02,12.879,0.057,-0.057,10.581,0.011,-0.011,0.0485,0.0004,-0.0004,0.035,0.021,-0.021
K2-57 b,K2-57,TIC 146799150,0.699,0.034,-0.031,14.414,0.103,-0.103,11.645,0.023,-0.023,0.0752,0.0012,-0.0011,0.25,0.38,-0.17
Kepler-48 c,Kepler-48,TIC 171882123,0.88,0.06,-0.06,13.174,0.103,-0.103,11.221,0.023,-0.023,0.08633,0.00051,-0.00051,0.0,,
TOI-5634 A b,TOI-5634 A,TIC 119585136,0.556,0.022,-0.022,16.854,0.343,-0.343,12.913,0.033,-0.033,0.0272,0.0003,-0.0003,0.0,,
TOI-5616 b,TOI-5616,TIC 154220877,0.666,0.025,-0.025,16.74,0.2,-0.2,12.735,0.025,-0.025,0.0272,0.0003,-0.0003,0.0,,
TOI-6034 b,TOI-6034,TIC 388076422,0.514,0.025,-0.022,15.189,0.057,-0.057,11.016,0.023,-0.023,0.02949,0.00043,-0.00044,0.04,0.042,-0.028
L 168-9 b,L 168-9,TIC 234994474,0.614,0.055,-0.055,11.005,0.018,-0.018,7.082,0.031,-0.031,0.0208,0.0006,-0.0006,0.0,,
K2-77 b,K2-77,TIC 435339847,0.847,0.039,-0.038,12.224,0.057,-0.057,9.799,0.018,-0.018,0.0753,0.0011,-0.0011,0.29,0.37,-0.19
TOI-1772.01,TOI-1772,TIC 85293053,0.99,0.13,-0.13,9.955,0.004,-0.004,8.354,0.018,-0.018,0.078375,0.003198,-0.003471,,,
HD 11506 b,HD 11506,TIC 266680498,1.22,0.02,-0.02,7.51,0.03,-0.03,6.168,0.017,-0.017,2.885,0.016,-0.016,0.379,0.009,-0.009
TOI-1453 b,TOI-1453,TIC 198390247,0.715,0.035,-0.035,11.113,0.014,-0.014,8.686,0.019,-0.019,,,,0.0,,
K2-97 b,K2-97,TIC 366568760,1.17,0.19,-0.13,12.486,0.092,-0.092,10.035,0.021,-0.021,0.0854,0.0044,-0.0033,0.207,0.039,-0.038
TOI-2169 A b,TOI-2169 A,TIC 8516795,1.42,0.069,-0.07,11.16,0.008,-0.008,9.669,0.016,-0.016,0.0896,0.0014,-0.0015,0.045,,
HD 75898 c,HD 75898,TIC 302580456,1.295,0.015,-0.015,8.03,0.03,-0.03,6.662,0.026,-0.026,7.39,0.04,-0.05,0.08,0.01,-0.01
TOI-2986 b,TOI-2986,TIC 148497855,1.122,0.074,-0.064,12.633,0.08,-0.08,11.187,0.019,-0.019,0.04489,0.00096,-0.00088,0.14,,
GJ 486 b,GJ 486,TIC 390651552,0.312,0.007,-0.0069,11.39,0.1,-0.1,6.362,0.018,-0.018,0.01714,0.00013,-0.00013,0.00086,0.0016,-0.00043
K2-182 b,K2-182,TIC 366631954,0.823,0.036,-0.033,11.833,0.069,-0.069,9.913,0.023,-0.023,0.05174,0.00075,-0.0007,0.071,0.11,-0.051
TOI-1824 b,TOI-1824,TIC 142387023,0.8801,0.0193,-0.0222,9.721,0.003,-0.003,7.757,0.018,-0.018,0.151,0.003,-0.003,0.0,,
Kepler-879 c,Kepler-879,TIC 27639443,0.974,0.127,-0.104,14.429,0.069,-0.069,12.681,0.024,-0.024,,,,,,
TOI-3884 b,TOI-3884,TIC 86263325,0.298,0.018,-0.018,15.744,0.008,-0.008,10.24,0.017,-0.017,0.0361,0.0008,-0.0008,0.06,0.06,-0.04
K2-114 b,K2-114,TIC 366576758,0.863,0.037,-0.031,14.55,0.217,-0.217,12.304,0.029,-0.029,0.0944,0.0013,-0.0011,0.079,0.03,-0.03
TOI-2019 b,TOI-2019,TIC 159781361,1.1832,0.1057,-0.0237,10.263,0.005,-0.005,8.598,0.014,-0.014,0.128,0.003,-0.003,0.0,,
KOI-4978 b,KOI-4978,TIC 120962288,0.859,0.126,-0.065,15.633,0.15,-0.15,13.507,,,,,,,,
TOI-2379 b,TOI-2379,TIC 201177276,0.645,0.033,-0.033,15.548,0.069,-0.069,11.477,0.023,-0.023,0.05263,0.00091,-0.00091,0.342,0.0039,-0.0039
COCONUTS-2 b,COCONUTS-2 A,TIC 272232401,0.37,0.02,-0.02,11.298,0.027,-0.027,6.579,0.018,-0.018,7506.0,5205.0,-2060.0,,,
K2-115 b,K2-115,TIC 7020254,0.918,0.039,-0.046,13.444,0.114,-0.114,11.724,0.018,-0.018,0.1415,0.002,-0.0024,0.063,0.061,-0.042
K2-3 d,K2-3,TIC 173103335,0.549,0.029,-0.027,12.168,0.009,-0.009,8.561,0.023,-0.023,0.2014,0.0034,-0.0033,0.091,0.12,-0.064
TOI-2145 b,TOI-2145,TIC 88992642,1.7169,0.034,-0.0398,9.07,0.03,-0.03,7.761,0.031,-0.031,0.111,0.002,-0.002,0.21,0.018,-0.018
HD 222237 b,HD 222237,TIC 277913391,0.76,0.09,-0.09,7.09,0.03,-0.03,4.581,0.029,-0.029,10.8,1.1,-1.0,0.56,0.03,-0.03
TOI-2714 b,TOI-2714,TIC 332534326,1.07,0.06,-0.06,13.468,0.16,-0.16,11.807,0.025,-0.025,0.036,0.002,-0.002,0.164,,
TOI-2274 b,TOI-2274,TIC 289164482,0.612,0.0202,-0.0202,11.995,0.063,-0.063,8.342,0.017,-0.017,0.05,0.0061,-0.0066,,,
KMT-2021-BLG-2609L b,KMT-2021-BLG-2609L,,0.2,0.27,-0.11,,,,,,,2.3,0.32,-0.36,,,
HD 86728 b,HD 86728,TIC 172954294,0.967,0.01,-0.01,5.37988,0.023,-0.023,3.821,0.036,-0.036,0.1916,0.00066,-0.00065,0.067,0.065,-0.046
Kepler-85 b,Kepler-85,TIC 159580705,0.928,0.044,-0.044,14.89,0.057,-0.057,13.083,0.023,-0.023,0.07885,0.00045,-0.00045,0.02,0.028,-0.016
TOI-2981 b,TOI-2981,TIC 287145649,1.03,0.06,-0.06,13.361,0.103,-0.103,11.78,0.024,-0.024,0.048,0.002,-0.002,0.035,,
TOI-5319 b,TOI-5319,TIC 246965431,0.5,0.096,-0.096,13.947,0.018,-0.018,9.553001,0.029,-0.029,0.0506,0.0025,-0.006,,,
TOI-1180 b,TOI-1180,TIC 158002130,0.75,0.09,-0.09,11.017,0.016,-0.016,8.594,0.015,-0.015,0.080799,0.003211,-0.003482,0.0,,
TOI-1386 c,TOI-1386,TIC 343019899,1.0363,0.0349,-0.0352,10.61,0.008,-0.008,9.086,0.019,-0.019,0.75,0.03,-0.02,0.38,0.17,-0.17
KMT-2016-BLG-2321L b,KMT-2016-BLG-2321L,,0.73,0.28,-0.28,,,,,,,3.58,0.81,-0.81,,,
LP 261-75 b,LP 261-75 A,TIC 67646988,0.22,0.03,-0.03,15.436,0.038,-0.038,9.69,0.019,-0.019,450.0,120.0,-120.0,,,
HD 35843 c,HD 35843,TIC 7422496,0.94,0.06,-0.06,9.36,0.03,-0.03,7.782,0.017,-0.017,0.25,0.01,-0.01,0.153,0.07,-0.064
KMT-2022-BLG-2286L b,KMT-2022-BLG-2286L,,0.2,0.29,-0.11,,,,,,,2.02,0.27,-0.31,,,
TOI-4504 c,TOI-4504,TIC 349972412,0.89,0.06,-0.04,13.364,0.103,-0.103,11.236,0.021,-0.021,0.3569,0.0066,-0.0069,0.032,0.0016,-0.0014
Kepler-391 c,Kepler-391,TIC 290032428,1.27,0.081,-0.081,13.177,0.08,-0.08,10.97,0.025,-0.025,0.164,0.026,-0.022,0.27,,
ZTF J1230-2655 b,ZTF J1230-2655,TIC 951438622,0.646,0.017,-0.017,18.9116,0.046,-0.046,,,,,,,,,
Kepler-1152 b,Kepler-1152,TIC 159382189,0.55,0.035,-0.028,15.31,0.053,-0.053,11.683,0.013,-0.013,0.0223,,,0.0,,
TOI-4504 b,TOI-4504,TIC 349972412,0.89,0.06,-0.04,13.364,0.103,-0.103,11.236,0.021,-0.021,0.03392,0.00068,-0.00068,0.0,,
TOI-4504 d,TOI-4504,TIC 349972412,0.89,0.06,-0.04,13.364,0.103,-0.103,11.236,0.021,-0.021,0.2219,0.0041,-0.0043,0.0445,0.001,-0.0009
K2-99 b,K2-99,TIC 176966903,1.44,0.03,-0.03,11.149,0.013,-0.013,9.72,0.021,-0.021,0.153,0.001,-0.001,0.22,0.01,-0.01
KMT-2021-BLG-0736L b,KMT-2021-BLG-0736L,,0.6,0.37,-0.29,,,,,,,4.0,0.9,-0.8,,,
OGLE-2017-BLG-0364L b,OGLE-2017-BLG-0364L,,0.49,0.35,-0.28,,,,,,,3.79,0.76,-0.89,,,
TOI-1803 c,TOI-1803,TIC 144401492,0.756,0.05,-0.042,11.871,0.033,-0.033,9.658,0.019,-0.019,0.097,0.002,-0.002,0.0,,
TOI-6016 b,TOI-6016,TIC 327369524,1.31,0.08,-0.08,11.886,0.029,-0.029,10.224,0.016,-0.016,0.055,0.002,-0.002,0.0,,
TOI-561 d,TOI-561,TIC 377064495,0.806,0.036,-0.036,10.252,0.006,-0.006,8.394,0.019,-0.019,0.1587,0.0024,-0.0024,0.111,0.05,-0.039
TOI-1478 b,TOI-1478,TIC 409794137,0.947,0.059,-0.041,10.723,0.009,-0.009,9.201,0.021,-0.021,0.0818,0.013,-0.0085,0.055,0.032,-0.032
TOI-1803 b,TOI-1803,TIC 144401492,0.756,0.05,-0.042,11.871,0.033,-0.033,9.658,0.019,-0.019,0.06,0.001,-0.001,0.0,,
TOI-6130 b,TOI-6130,TIC 210083929,1.31,0.08,-0.08,11.21,0.011,-0.011,9.655,0.018,-0.018,0.036,0.002,-0.002,0.036,0.018,-0.018
TOI-5108 b,TOI-5108,TIC 350348197,1.1,0.03,-0.03,9.75,0.03,-0.03,8.3,0.031,-0.031,0.073,0.004,-0.004,,,
HAT-P-11 b,HAT-P-11,TIC 28230919,0.811,0.03,-0.03,9.46,0.03,-0.03,7.009,0.02,-0.02,0.05258,0.0006,-0.0006,0.251,0.045,-0.047
GJ 1289 b,GJ 1289,TIC 352593978,0.21,0.02,-0.02,12.48,0.2,-0.2,7.226,0.02,-0.02,0.27,0.01,-0.01,0.0,,
Barnard d,Barnard's star,TIC 325554331,0.162,0.007,-0.007,9.54,0.1,-0.1,4.524,0.02,-0.02,0.0188,0.0003,-0.0003,0.04,0.05,-0.03
WASP-77 A b,WASP-77 A,TIC 1129033,0.903,0.066,-0.059,10.294,0.007,-0.007,8.405,0.031,-0.031,0.023233633,3.7e-08,-3.7e-08,0.01353,0.0006,-0.0006
HIP 67851 b,HIP 67851,TIC 111947706,1.28,0.08,-0.08,6.17,0.03,-0.03,3.751,0.236,-0.236,0.42,0.0002,-0.0002,0.13,0.04,-0.04
TOI-2886 b,TOI-2886,TIC 318796593,1.229,0.057,-0.065,12.265,0.057,-0.057,10.918,0.025,-0.025,0.02871,0.00044,-0.00051,0.11,,
TOI-5786 b,TOI-5786,TIC 40292751,1.23,0.04,-0.03,10.186,0.005,-0.005,8.963,0.017,-0.017,0.114,0.007,-0.007,,,
HR 858 b,HR 858,TIC 178155732,1.204,0.052,-0.052,6.38,0.03,-0.03,5.149,0.02,-0.02,0.04888,0.00066,-0.00066,0.0,,
WASP-195 b,WASP-195,TIC 232567319,1.3,0.08,-0.08,11.947,0.02,-0.02,10.679,0.016,-0.016,0.063,0.003,-0.003,0.0,,
WASP-116 b,WASP-116,TIC 332911893,1.25,0.08,-0.08,12.517,0.08,-0.08,11.021,0.021,-0.021,0.065,0.003,-0.003,0.0,,
HD 87816 c,HD 87816,TIC 138998040,2.41,0.1,-0.1,6.5,0.03,-0.03,4.283,0.046,-0.046,10.14,0.99,-0.48,0.19,0.07,-0.07
HD 94890 b,HD 94890,TIC 158543228,1.74,0.196,-0.196,4.6,0.03,-0.03,2.228,0.244,-0.244,2.07,0.01,-0.01,0.22,0.08,-0.09
HD 73344 c,HD 73344,TIC 175193677,1.19,0.05,-0.05,6.89351,0.023,-0.023,5.567,0.018,-0.018,0.3388,0.0042,-0.0043,0.124,0.052,-0.053
TOI-2328 b,TOI-2328,TIC 394287035,0.95,0.06,-0.06,12.331,0.031,-0.031,10.395,0.021,-0.021,0.127,0.006,-0.007,0.057,0.046,-0.029
HD 73344 d,HD 73344,TIC 175193677,1.19,0.05,-0.05,6.89351,0.023,-0.023,5.567,0.018,-0.018,6.7,0.25,-0.26,0.18,0.14,-0.12
TOI-5027 b,TOI-5027,TIC 361711730,1.02,0.05,-0.05,11.566,0.011,-0.011,9.979,0.023,-0.023,0.093,0.005,-0.004,0.385,0.025,-0.026
WASP-155 b,WASP-155,TIC 100909102,1.09,0.07,-0.07,12.365,0.033,-0.033,10.86,0.026,-0.026,0.043,0.002,-0.002,0.0,,
WASP-102 b,WASP-102,TIC 51637609,1.08,0.07,-0.07,12.667,0.103,-0.103,11.106,0.017,-0.017,0.041,0.001,-0.001,0.0,,
TIC 434398831 b,TIC 434398831,TIC 434398831,0.992,0.014,-0.018,11.682,0.027,-0.027,10.138,0.017,-0.017,0.04641,0.00017,-0.00017,0.04,0.088,-0.034
K2-360 c,EPIC 201595106,TIC 397052808,0.958,0.048,-0.048,11.746,0.069,-0.069,10.218,0.021,-0.021,0.0883,0.0016,-0.0016,0.11,0.1,-0.08
GJ 581 b,GJ 581,TIC 36853511,0.295,0.01,-0.01,10.57,0.1,-0.1,5.837,0.023,-0.023,0.0399,0.0005,-0.0005,0.0342,0.009,-0.01
TOI-6628 b,TOI-6628,TIC 75650448,0.97,0.06,-0.06,12.9,0.092,-0.092,10.836,0.023,-0.023,0.134,0.007,-0.008,0.67,0.015,-0.016
GJ 581 c,GJ 581,TIC 36853511,0.295,0.01,-0.01,10.57,0.1,-0.1,5.837,0.023,-0.023,0.0718,0.0008,-0.0009,0.032,0.027,-0.021
TOI-2202 b,TOI-2202,TIC 358107516,0.841,0.034,-0.032,13.004,0.103,-0.103,10.8,0.023,-0.023,0.09564,0.00156,-0.00161,0.022,0.022,-0.015
HD 94890 c,HD 94890,TIC 158543228,1.74,0.196,-0.196,4.6,0.03,-0.03,2.228,0.244,-0.244,4.33,0.02,-0.02,0.05,0.03,-0.03
HD 20794 b,HD 20794,TIC 301051051,0.79,0.01,-0.01,4.26,0.03,-0.03,2.636,0.278,-0.278,0.1257,0.00052,-0.00053,0.064,0.065,-0.046
WASP-132 d,WASP-132,TIC 127530399,0.789,0.039,-0.039,11.938,0.046,-0.046,9.674,0.024,-0.024,2.71,0.12,-0.12,0.12,0.078,-0.078
GJ 581 e,GJ 581,TIC 36853511,0.295,0.01,-0.01,10.57,0.1,-0.1,5.837,0.023,-0.023,0.02799,0.0003,-0.0003,0.012,0.015,-0.008
WASP-131 b,WASP-131,TIC 271168962,1.06,0.068,-0.068,10.068,0.005,-0.005,8.573,0.019,-0.019,0.0608,0.0013,-0.0013,0.0,,
WASP-106 b,WASP-106,TIC 53189332,1.175,0.082,-0.074,11.21,0.018,-0.018,10.161,0.027,-0.027,0.0901,0.0026,-0.0027,0.023,0.027,-0.016
Kepler-58 c,Kepler-58,TIC 184471242,0.95,,,15.086,0.092,-0.092,13.283,0.032,-0.032,0.12307,0.00102,-0.00102,0.0,,
TOI-6695 b,TOI-6695,TIC 118339710,1.338,0.023,-0.022,10.768,0.008,-0.008,9.512,0.021,-0.021,0.402,0.002,-0.002,0.04,0.006,-0.007
Gl 725 A b,Gl 725 A,TIC 359676790,0.33,0.008,-0.008,8.94,0.1,-0.1,4.432,0.02,-0.02,0.068,0.001,-0.001,0.0,,
TOI-3160 A b,TOI-3160 A,TIC 440872576,1.088,0.082,-0.078,12.649,0.08,-0.08,10.894,0.019,-0.019,0.0505,0.0012,-0.0012,0.18,,
TOI-6420 b,TOI-6420,TIC 143526233,1.165,0.069,-0.078,12.994,0.069,-0.069,11.615,0.024,-0.024,0.0753,0.0014,-0.0017,0.078,0.014,-0.013
TOI-3523 A b,TOI-3523 A,TIC 417047499,1.131,0.074,-0.078,12.56,0.057,-0.057,11.146,0.023,-0.023,0.03559,0.00076,-0.00084,0.047,,
G 268-110 b,G 268-110,TIC 471016687,0.137,0.009,-0.009,14.7,0.2,-0.2,8.453,0.024,-0.024,0.01283,0.00028,-0.00029,0.0,,
K2-73 b,K2-73,TIC 38354061,1.02,0.04,-0.04,11.345,0.034,-0.034,10.322,0.021,-0.021,0.07619,0.00072,-0.00072,,,
HD 15337 b,HD 15337,TIC 120896927,0.829,0.038,-0.038,9.1,0.03,-0.03,7.044,0.018,-0.018,0.05245,0.00085,-0.00072,0.058,0.022,-0.016
TOI-2443 b,TOI-2443,TIC 318753380,0.642,0.026,-0.026,9.51,0.03,-0.03,6.5,0.018,-0.018,0.105,0.0025,-0.0025,0.301,0.046,-0.034
G 192-15 c,G 192-15,TIC 467119250,0.132,0.009,-0.009,14.64,0.2,-0.2,8.435,0.02,-0.02,1.137,0.026,-0.027,0.676,0.063,-0.073
G 192-15 b,G 192-15,TIC 467119250,0.132,0.009,-0.009,14.64,0.2,-0.2,8.435,0.02,-0.02,0.01723,0.00038,-0.00039,0.0,,
G 261-6 b,G 261-6,TIC 420130591,0.118,0.011,-0.011,15.75,0.2,-0.2,8.963,0.021,-0.021,0.02971,0.00087,-0.00093,0.0,,
TOI-2458 b,TOI-2458,TIC 449197831,1.05,0.03,-0.03,9.202,0.003,-0.003,7.891,0.023,-0.023,0.0482,0.0025,-0.0027,0.087,0.062,-0.056
K2-62 c,K2-62,TIC 434094657,0.67,0.03,-0.03,12.391,0.08,-0.08,9.688,0.023,-0.023,0.1148,0.0025,-0.0025,,,
HD 15337 c,HD 15337,TIC 120896927,0.829,0.038,-0.038,9.1,0.03,-0.03,7.044,0.018,-0.018,0.1235,0.002,-0.0017,0.096,0.059,-0.045
TOI-3493 b,TOI-3493,TIC 203377303,1.023,0.041,-0.041,9.317,0.004,-0.004,7.776,0.026,-0.026,,,,,,
Kepler-105 b,Kepler-105,TIC 158625964,0.991,0.032,-0.033,12.981,0.092,-0.092,11.503,0.013,-0.013,0.06016,0.00067,-0.00067,0.02,0.02,-0.02
TOI-3856 b,TOI-3856,TIC 125552076,1.096,0.045,-0.049,12.292,0.069,-0.069,10.611,0.017,-0.017,0.0325,0.00044,-0.00049,0.083,,
TOI-2015 b,TOI-2015,TIC 368287008,0.3041,0.0353,-0.0312,16.11,0.2,-0.2,10.263,0.019,-0.019,0.029322,3e-06,-3e-06,0.0789,0.0018,-0.0016
TOI-1266 d,TOI-1266,TIC 467179528,0.437,0.021,-0.021,12.941,0.049,-0.049,8.84,0.02,-0.02,0.1513,0.0024,-0.0024,0.087,,
OGLE-2016-BLG-0007L b,OGLE-2016-BLG-0007L,,0.59,0.41,-0.3,,,,,,,10.1,3.8,-3.4,,,
TOI-4994 b,TOI-4994,TIC 277128619,1.005,0.064,-0.061,12.652,0.046,-0.046,10.797,0.022,-0.022,0.1515,0.0032,-0.0031,0.319,0.048,-0.047
TOI-406.01,TOI-406,TIC 153065527,0.408,0.046,-0.042,13.773,0.038,-0.038,8.848,0.021,-0.021,0.0809,0.0031,-0.0031,0.056,0.035,-0.034
TOI-2537 b,TOI-2537,TIC 399967279,0.771,0.049,-0.049,13.236,0.08,-0.08,10.387,0.021,-0.021,0.3715,0.0077,-0.008,0.364,0.039,-0.039
TOI-5076 b,TOI-5076,TIC 303432813,0.789,0.046,-0.047,10.9,0.03,-0.03,8.582,0.02,-0.02,0.1481,0.0028,-0.003,0.0,,
GJ 3998 c,GJ 3998,TIC 459558974,0.52,0.05,-0.05,10.844,0.008,-0.008,6.816,0.016,-0.016,0.09,0.003,-0.003,0.0,,
GJ 3998 d,GJ 3998,TIC 459558974,0.52,0.05,-0.05,10.844,0.008,-0.008,6.816,0.016,-0.016,0.189,0.006,-0.006,0.0,,
TOI-771 b,TOI-771,TIC 277634430,0.22,0.03,-0.035,14.888,0.08,-0.08,9.664,0.021,-0.021,0.0208,0.0009,-0.001,0.055,0.047,-0.036
TOI-406 c,TOI-406,TIC 153065527,0.408,0.046,-0.042,13.773,0.038,-0.038,8.848,0.021,-0.021,0.0322,0.0013,-0.0013,0.032,0.037,-0.023
TOI-2295 c,TOI-2295,TIC 48018596,1.168,0.07,-0.071,9.595,0.004,-0.004,8.111,0.013,-0.013,2.018,0.04,-0.042,0.194,0.012,-0.012
TOI-677 b,TOI-677,TIC 280206394,1.181,0.058,-0.058,9.822,0.004,-0.004,8.429,0.023,-0.023,0.1041,0.0035,-0.0034,0.46,0.019,-0.018
K2-157 c,K2-157,TIC 349445372,0.89,0.029,-0.029,12.942,0.069,-0.069,10.98,0.023,-0.023,0.165,0.0018,-0.0018,0.2,,
K2-178 b,K2-178,TIC 26078330,0.95109,0.023041,-0.027891,12.382,0.046,-0.046,10.292,0.017,-0.017,,,,,,
TOI-5688 A b,TOI-5688 A,TIC 193634953,0.6,0.02,-0.02,15.78,0.2,-0.2,11.959,0.019,-0.019,0.03379,0.00046,-0.00045,0.128,0.078,-0.077
TOI-6383 A b,TOI-6383 A,TIC 328513434,0.458,0.011,-0.011,16.63,0.2,-0.2,12.087,0.021,-0.021,0.02292,0.00037,-0.00037,0.05,0.042,-0.033
K2-79 b,K2-79,TIC 435339558,1.066,0.057,-0.07,12.152,0.034,-0.034,9.907,0.018,-0.018,0.0988,0.0017,-0.0023,0.23,,
EPIC 211945201 b,EPIC 211945201,TIC 243244680,1.17,0.04,-0.04,10.154,0.008,-0.008,8.837,0.02,-0.02,0.1493,0.0015,-0.0015,0.0,,
K2-105 b,K2-105,TIC 6892385,0.94,0.04,-0.04,11.752,0.032,-0.032,10.091,0.019,-0.019,0.0796,0.0007,-0.0007,0.0,,
TOI-2537 c,TOI-2537,TIC 399967279,0.771,0.049,-0.049,13.236,0.08,-0.08,10.387,0.021,-0.021,2.78,0.22,-0.15,0.287,0.06,-0.052
K2-270 b,K2-270,TIC 293375721,0.85,0.02,-0.02,13.847,0.092,-0.092,11.368,0.021,-0.021,0.0247,0.0002,-0.0002,,,
Kepler-184 d,Kepler-184,TIC 63119782,0.872,0.024,-0.028,14.42,0.069,-0.069,12.69,0.029,-0.029,0.179,,,0.0,,
K2-187 c,K2-187,TIC 332024125,0.966999,0.025227,-0.024169,13.102,0.069,-0.069,11.196,0.021,-0.021,0.0392,0.0005,-0.0005,,,
K2-111 c,K2-111,TIC 14227229,0.84,0.02,-0.02,11.13,0.034,-0.034,9.377,0.021,-0.021,0.11569,0.00094,-0.00094,0.071,,
Kepler-21 b,Kepler-21,TIC 121214185,1.408,0.021,-0.03,8.25,0.03,-0.03,6.945,0.018,-0.018,0.0434,0.00021,-0.00032,0.0,,
Kepler-197 b,Kepler-197,TIC 27397848,0.857,0.023,-0.019,11.775,0.024,-0.024,10.535,0.021,-0.021,0.06,,,0.02,0.23,-0.02
HD 114729 b,HD 114729,TIC 124401411,0.936,0.013,-0.013,6.68,0.03,-0.03,5.136,0.023,-0.023,2.067,0.01,-0.01,0.079,0.029,-0.032
K2-157 b,K2-157,TIC 349445372,0.89,0.029,-0.029,12.942,0.069,-0.069,10.98,0.023,-0.023,0.00962,0.0001,-0.0001,,,
K2-156 b,K2-156,TIC 176868262,0.66,0.02,-0.01,13.4,0.114,-0.114,10.391,0.023,-0.023,0.0149,0.0001,-0.0001,,,
HD 117618 b,HD 117618,TIC 243194645,1.077,,,7.17,0.03,-0.03,5.737,0.021,-0.021,0.18,0.005,-0.005,0.15,0.07,-0.07
K2-244 b,K2-244,TIC 56814628,0.86,0.02,-0.02,11.78,0.024,-0.024,10.163,0.023,-0.023,0.1418,0.001,-0.0011,,,
HD 11964 c,HD 11964,TIC 24978373,0.91,0.123927,-0.105744,6.41525,0.023,-0.023,4.491,0.02,-0.02,0.229,0.013,-0.013,0.3,0.17,-0.17
K2-160 b,K2-160,TIC 349456525,0.982829,0.023325,-0.025493,12.838,0.16,-0.16,11.037,0.026,-0.026,,,,,,
HD 121504 b,HD 121504,TIC 208844024,1.62,0.21,-0.21,7.54,0.03,-0.03,6.124,0.017,-0.017,0.33,0.01,-0.01,0.03,0.01,-0.01
K2-162 b,K2-162,TIC 94892940,0.75,0.02,-0.02,12.278,0.092,-0.092,9.898,0.024,-0.024,0.0795,0.0006,-0.0006,,,
Kepler-20 c,Kepler-20,TIC 158554588,0.929,0.053,-0.053,12.61,0.069,-0.069,10.871,0.013,-0.013,0.0936,0.0018,-0.0018,0.076,,
EPIC 201595106 b,EPIC 201595106,TIC 397052808,0.958,0.048,-0.048,11.746,0.069,-0.069,10.218,0.021,-0.021,0.0177,0.0003,-0.0003,0.0,,
HD 10180 f,HD 10180,TIC 231836962,1.06,0.05,-0.05,7.33,0.03,-0.03,5.868,0.018,-0.018,0.4929,0.0078,-0.0078,0.119,0.054,-0.054
HD 12661 c,HD 12661,TIC 118268680,1.02,0.02,-0.02,7.43,0.03,-0.03,5.861,0.024,-0.024,2.8145,0.0238,-0.0238,0.031,0.022,-0.022
K2-175 b,K2-175,TIC 435279748,1.094693,0.057394,-0.039346,10.836,0.01,-0.01,9.195,0.022,-0.022,,,,,,
HD 134987 b,HD 134987,TIC 61397572,1.1,0.07,-0.07,6.47,0.03,-0.03,4.882,0.016,-0.016,0.81,0.02,-0.02,0.23,0.0,0.0
Kepler-9 d,Kepler-9,TIC 120571842,1.07,0.05,-0.05,13.922,0.08,-0.08,12.337,0.021,-0.021,0.0273,0.00042,-0.00043,0.0,,
K2-185 b,K2-185,TIC 337607207,0.96,0.05,-0.07,12.235,0.08,-0.08,10.68,0.019,-0.019,,,,,,
HD 102195 b,HD 102195,TIC 397024052,0.76,0.04,-0.04,8.07,0.03,-0.03,6.151,0.018,-0.018,0.05,0.0,0.0,0.0,,
HD 134060 c,HD 134060,TIC 454901855,1.095,,,6.29,0.03,-0.03,4.836,0.026,-0.026,2.3928,0.0929,-0.0951,0.11,0.13,-0.07
HD 102329 b,HD 102329,TIC 325254372,3.21,1.28,-1.28,7.88,0.03,-0.03,5.402,0.018,-0.018,1.81,0.07,-0.07,0.21,0.04,-0.04
HD 102365 b,HD 102365,TIC 454082369,0.85,,,4.89,0.03,-0.03,3.489,0.278,-0.278,0.46,0.04,-0.04,0.34,0.14,-0.14
K2-341 b,K2-341,TIC 175290685,0.98,0.07,-0.07,12.725,0.069,-0.069,11.17,0.019,-0.019,,,,,,
K2-201 c,K2-201,TIC 125060509,0.956055,0.019958,-0.021357,12.168,0.057,-0.057,10.198,0.024,-0.024,,,,,,
K2-36 b,K2-36,TIC 363445121,0.79,0.01,-0.01,11.726,0.037,-0.037,9.454001,0.025,-0.025,0.02288,0.0001,-0.0001,0.093,,
K2-334 b,K2-334,TIC 330687113,1.36,0.05,-0.05,11.842,0.028,-0.028,10.234,0.023,-0.023,,,,,,
HD 108863 b,HD 108863,TIC 371621400,1.59,,,7.71,0.03,-0.03,5.392,0.023,-0.023,1.32,0.1,-0.1,0.032,0.027,-0.027
K2-352 c,K2-352,TIC 86130229,0.98,0.04,-0.04,11.125,0.016,-0.016,9.691,0.02,-0.02,,,,,,
G 9-40 b,G 9-40,TIC 203214081,0.2952,0.0136,-0.0136,13.821,0.044,-0.044,9.19,0.018,-0.018,0.0418,0.00064,-0.00064,0.0,,
K2-342 b,K2-342,TIC 197215129,1.01,0.05,-0.05,11.338,0.016,-0.016,9.71,0.02,-0.02,,,,,,
HD 109246 b,HD 109246,TIC 154549250,1.2,0.53,-0.53,8.751,0.01,-0.01,7.216,0.023,-0.023,0.33,0.01,-0.01,0.12,0.04,-0.04
HD 108874 b,HD 108874,TIC 371621238,1.1,0.09,-0.09,8.76,0.03,-0.03,7.06,0.024,-0.024,1.04,0.02,-0.02,0.13,0.02,-0.02
Kepler-132 d,Kepler-132,TIC 237158274,0.929,0.035,-0.033,11.922,0.026,-0.026,10.424,0.019,-0.019,0.136,,,0.0,,
K2-281 b,K2-281,TIC 380884458,0.82,0.03,-0.03,15.048,0.092,-0.092,12.523,0.029,-0.029,0.0773,0.0008,-0.0008,,,
HAT-P-3 b,HAT-P-3,TIC 311035838,1.06,0.28,-0.28,11.856,0.021,-0.021,9.448,0.025,-0.025,0.03866,0.00041,-0.00041,0.0,,
HAT-P-37 b,HAT-P-37,TIC 267572272,0.929,0.043,-0.043,13.427,0.126,-0.126,11.667,0.02,-0.02,0.0379,0.0006,-0.0006,0.058,0.038,-0.038
HD 158038 b,HD 158038,TIC 313709116,1.3,0.56,-0.56,7.47,0.03,-0.03,5.156,0.027,-0.027,1.5,0.04,-0.04,0.29,0.09,-0.09
HAT-P-8 b,HAT-P-8,TIC 188876052,1.27,0.41,-0.41,10.358,0.005,-0.005,8.953,0.013,-0.013,0.04496,0.00046,-0.00045,0.0,,
HD 100777 b,HD 100777,TIC 49427341,1.08,0.05,-0.05,8.42,0.03,-0.03,6.735,0.026,-0.026,1.06,0.02,-0.01,0.38,0.02,-0.02
HD 160691 b,HD 160691,TIC 362661163,1.13,0.02,-0.02,5.12,0.03,-0.03,3.683,0.246,-0.246,1.5,0.02,-0.02,0.128,0.017,-0.017
HD 10180 d,HD 10180,TIC 231836962,1.06,0.05,-0.05,7.33,0.03,-0.03,5.868,0.018,-0.018,0.12859,0.00202,-0.00202,0.131,0.052,-0.052
HD 10180 e,HD 10180,TIC 231836962,1.06,0.05,-0.05,7.33,0.03,-0.03,5.868,0.018,-0.018,0.2699,0.0043,-0.0043,0.051,0.033,-0.033
HD 160691 e,HD 160691,TIC 362661163,1.13,0.02,-0.02,5.12,0.03,-0.03,3.683,0.246,-0.246,0.934,,,0.0666,0.0122,-0.0122
HD 136352 c,HD 136352,TIC 136916387,0.87,0.04,-0.04,5.65,0.03,-0.03,4.159,0.036,-0.036,0.1721,0.005,-0.005,0.0,,
HD 136418 b,HD 136418,TIC 1101862696,1.48,0.12,-0.12,7.849,0.0459,-0.0459,,,,1.29,0.03,-0.03,0.25,0.04,-0.04
HD 13808 b,HD 13808,TIC 220022156,0.771,0.022,-0.022,8.36,0.03,-0.03,6.25,0.024,-0.024,0.10519,0.00093,-0.0011,0.071,0.027,-0.047
HD 163607 b,HD 163607,TIC 232620788,1.12,,,8.0,0.03,-0.03,6.271,0.02,-0.02,0.362,0.016,-0.016,0.7441,0.0071,-0.0071
HD 13931 b,HD 13931,TIC 292851928,1.3,0.13,-0.13,7.61,0.03,-0.03,6.139,0.029,-0.029,5.15,0.33,-0.33,0.02,0.04,-0.04
HD 16417 b,HD 16417,TIC 122555698,1.2,,,5.78,0.03,-0.03,4.246,0.018,-0.018,0.14,0.01,-0.01,0.2,0.09,-0.09
HD 139357 b,HD 139357,TIC 224312054,2.69,0.258,-0.258,5.97272,0.023,-0.023,3.406,0.324,-0.324,2.949,0.094,-0.099,0.099,0.023,-0.023
HD 142245 b,HD 142245,TIC 172607132,3.5,0.47,-0.47,7.46,0.03,-0.03,5.11,0.031,-0.031,2.78,0.09,-0.09,0.0,,
HD 164922 b,HD 164922,TIC 159019691,0.926,0.029,-0.035,7.01227,0.023,-0.023,5.113,0.02,-0.02,2.16,0.03,-0.03,0.08,0.06,-0.05
HD 142 b,HD 142,TIC 389757979,1.21,0.17,-0.17,5.7,0.03,-0.03,4.474,0.024,-0.024,1.039,0.046,-0.051,0.158,0.033,-0.03
HD 1690 b,HD 1690,TIC 37763102,1.86,1.06,-1.06,9.19,0.03,-0.03,6.018,0.026,-0.026,1.36,0.09,-0.09,0.64,0.04,-0.04
HD 143361 b,HD 143361,TIC 255480497,0.968,0.027,-0.027,9.2,0.03,-0.03,7.488,0.018,-0.018,1.988,0.018,-0.018,0.197,0.006,-0.006
HD 169830 c,HD 169830,TIC 53134037,1.17,0.158,-0.158,5.9,0.03,-0.03,4.688,0.024,-0.024,3.075,0.132,-0.146,0.246,0.022,-0.018
HD 1461 b,HD 1461,TIC 37748347,1.02,,,6.47933,0.023,-0.023,4.897,0.023,-0.023,0.0634,0.0022,-0.0022,0.172,,
HD 147018 b,HD 147018,TIC 350083732,0.927,0.031,-0.031,8.3,0.03,-0.03,6.571,0.021,-0.021,0.2388,0.0039,-0.0039,0.4686,0.0081,-0.0081
HD 148427 b,HD 148427,TIC 413853880,1.64,0.27,-0.27,6.90498,0.023,-0.023,4.682,0.021,-0.021,1.04,0.02,-0.02,0.16,0.08,-0.08
Kepler-222 d,Kepler-222,TIC 158625100,0.933,0.019,-0.011,15.407,0.046,-0.046,13.235,0.03,-0.03,0.18,,,0.0,,
HD 155358 c,HD 155358,TIC 21897561,0.92,,,7.28,0.03,-0.03,5.808,0.018,-0.018,1.02,0.02,-0.02,0.16,0.1,-0.1
HD 155358 b,HD 155358,TIC 21897561,1.15,0.08,-0.08,7.28,0.03,-0.03,5.808,0.018,-0.018,0.63,0.02,-0.02,0.17,0.03,-0.03
HAT-P-36 b,HAT-P-36,TIC 373693175,1.03,0.03,-0.03,12.146,0.025,-0.025,10.603,0.021,-0.021,0.0241,0.00047,-0.00047,0.063,0.021,-0.023
HD 156668 b,HD 156668,TIC 257715493,0.772,0.02,-0.02,8.43,0.03,-0.03,6.004,0.02,-0.02,0.05,0.0007,-0.0007,0.0,,
Kepler-6 b,Kepler-6,TIC 27916356,1.209,0.044,-0.038,13.286,0.08,-0.08,11.634,0.019,-0.019,0.04852,0.00074,-0.00133,0.0,,
Kepler-491 b,Kepler-491,TIC 158388163,1.04,0.026,-0.028,14.178,0.194,-0.194,12.354,0.019,-0.019,0.05191,0.00051,-0.00051,0.0,,
Kepler-257 b,Kepler-257,TIC 273132699,0.916,0.017,-0.017,15.652,0.15,-0.15,13.372,,,0.034,,,0.0,,
GJ 676 A b,GJ 676 A,TIC 369021303,0.626,0.063,-0.063,9.58,0.1,-0.1,5.825,0.029,-0.029,1.735,0.056,-0.06,0.319,0.003,-0.003
GJ 832 b,GJ 832,TIC 139754153,0.45,0.01,-0.01,8.66,0.1,-0.1,4.501,0.018,-0.018,3.7,0.1,-0.1,0.05,0.03,-0.03
GJ 179 b,GJ 179,TIC 450102450,0.357,0.03,-0.03,11.963,0.041,-0.041,6.942,0.018,-0.018,2.41,0.04,-0.04,0.21,0.08,-0.08
GJ 667 C b,GJ 667 C,TIC 154385809,0.33,0.02,-0.02,10.602,0.023,-0.023,6.036,0.02,-0.02,0.050431,4e-06,-4e-06,0.2,0.1,-0.1
KOI-134 b,KOI-134,TIC 271772050,1.407,0.043,-0.043,13.773,0.137,-0.137,12.322,0.018,-0.018,0.363,0.011,-0.013,0.16,0.02,-0.03
TOI-5882 b,TOI-5882,TIC 232941965,1.334,0.055,-0.065,11.315,0.012,-0.012,9.615,0.02,-0.02,0.0804,0.0011,-0.0013,0.0339,0.0041,-0.0041
HD 17156 b,HD 17156,TIC 302773669,1.41,0.12,-0.12,8.17,0.03,-0.03,6.763,0.024,-0.024,0.16278,0.00076,-0.00076,0.68,0.0,0.0
HD 175541 b,HD 175541,TIC 227196910,1.39,,,8.020001,0.03,-0.03,5.829,0.021,-0.021,0.975,0.087,-0.087,0.11,0.049,-0.049
HD 202206 c,HD 202206,TIC 24294415,1.07,0.08,-0.08,8.08,0.03,-0.03,6.485,0.023,-0.023,2.41,,,0.22,0.03,-0.03
CoRoT-10 b,CoRoT-10,TIC 405010127,0.89,0.05,-0.05,15.293,0.137,-0.137,11.782,0.021,-0.021,0.1055,0.0021,-0.0021,0.53,0.04,-0.04
HD 204941 b,HD 204941,TIC 99837626,0.58,0.08,-0.08,8.45,0.03,-0.03,6.357,0.018,-0.018,2.55,0.08,-0.08,0.37,0.08,-0.08
CoRoT-11 b,CoRoT-11,TIC 110178537,1.27,0.05,-0.05,12.897,0.114,-0.114,11.248,0.022,-0.022,0.0436,0.005,-0.005,0.0,,
CoRoT-18 b,CoRoT-18,TIC 37168957,0.95,0.15,-0.15,14.868,0.172,-0.172,13.014,0.03,-0.03,0.0295,0.0016,-0.0016,0.08,,
HD 180902 b,HD 180902,TIC 11782681,1.41,,,7.78,0.03,-0.03,5.543,0.02,-0.02,1.4,0.11,-0.11,0.107,0.022,-0.022
HD 206610 b,HD 206610,TIC 333314269,1.55,,,8.34,0.03,-0.03,5.952,0.026,-0.026,1.74,0.33,-0.33,0.1,0.042,-0.042
CoRoT-19 b,CoRoT-19,TIC 42821097,1.21,0.05,-0.05,14.135,0.149,-0.149,11.837,0.024,-0.024,0.0518,0.0008,-0.0008,0.047,0.045,-0.045
HD 118203 c,HD 118203,TIC 286923464,1.27,0.028,-0.032,8.05,0.03,-0.03,6.543,0.023,-0.023,6.28,0.1,-0.11,0.26,0.03,-0.02
HD 181342 b,HD 181342,TIC 12192000,1.69,,,7.55,0.03,-0.03,5.251,0.02,-0.02,1.592,0.091,-0.091,0.022,0.051,-0.051
HD 20781 b,HD 20781,TIC 144503312,0.7,,,8.48,0.03,-0.03,6.553,0.023,-0.023,0.0529,0.0024,-0.0027,0.1,0.11,-0.07
CoRoT-8 b,CoRoT-8,TIC 391880567,0.88,0.04,-0.04,14.792,0.034,-0.034,11.463,0.021,-0.021,0.063,0.001,-0.001,0.0,,
CT Cha b,CT Cha,TIC 454259409,,,,12.335,0.069,-0.069,8.661,0.021,-0.021,440.0,,,,,
CoRoT-7 b,CoRoT-7,TIC 280304863,0.82,0.17,-0.17,11.728,0.027,-0.027,9.806,0.021,-0.021,0.017016,0.00017,-3.6e-05,0.0,,
HD 181433 c,HD 181433,TIC 410399074,0.78,,,8.4,0.03,-0.03,6.094,0.023,-0.023,1.76,,,0.28,0.02,-0.02
GJ 3021 b,GJ 3021,TIC 290543478,0.9,,,6.59,0.03,-0.03,4.859,0.023,-0.023,0.49,,,0.511,0.017,-0.017
GJ 86 b,GJ 86,TIC 220017951,0.93,0.06,-0.06,6.12,0.03,-0.03,4.125,0.036,-0.036,0.11,0.0,0.0,0.04,0.01,-0.01
HD 181720 b,HD 181720,TIC 112243062,1.03,0.2,-0.2,7.84,0.03,-0.03,6.294,0.034,-0.034,1.85,0.04,-0.04,0.26,0.06,-0.06
HD 213240 b,HD 213240,TIC 144068704,1.57,0.12,-0.12,6.81,0.03,-0.03,5.354,0.02,-0.02,1.89,0.03,-0.03,0.42,0.01,-0.01
HD 216435 b,HD 216435,TIC 161314759,1.3,,,6.03,0.03,-0.03,4.612,0.02,-0.02,2.56,0.17,-0.17,0.07,0.078,-0.078
GJ 876 b,GJ 876,TIC 188580272,0.32,0.03,-0.03,10.16,0.1,-0.1,5.01,0.021,-0.021,0.208317,2e-05,-2e-05,0.0324,0.0013,-0.0013
HAT-P-12 b,HAT-P-12,TIC 198108326,0.733,0.018,-0.018,12.665,0.057,-0.057,10.108,0.016,-0.016,0.0384,0.0003,-0.0003,0.0,,
HD 187123 b,HD 187123,TIC 58559140,1.04,0.112096,-0.159473,7.83,0.03,-0.03,6.337,0.016,-0.016,0.0426,0.0025,-0.0025,0.0103,0.0059,-0.0059
HAT-P-14 b,HAT-P-14,TIC 101721385,2.65,0.73,-0.73,9.988,0.004,-0.004,8.851,0.019,-0.019,0.0596,0.0005,-0.0005,0.11,0.01,-0.01
HD 18742 b,HD 18742,TIC 71345433,1.36,,,7.81,0.03,-0.03,5.554,0.024,-0.024,1.82,0.14,-0.14,0.04,0.035,-0.035
SWEEPS-4 b,SWEEPS-4,,1.24,,,18.8,,,,,,0.055,,,,,
HAT-P-19 b,HAT-P-19,TIC 267650535,0.807,0.034,-0.03,12.826,0.057,-0.057,10.546,0.019,-0.019,0.04599,0.00063,-0.00058,0.07,0.04,-0.04
HD 190360 c,HD 190360,TIC 105999792,0.98,0.151184,-0.088239,5.738,0.022,-0.022,4.076,0.027,-0.027,0.1304,0.0075,-0.0075,0.237,0.082,-0.082
HAT-P-21 b,HAT-P-21,TIC 17993892,1.24,0.6,-0.6,11.459,0.025,-0.025,10.111,0.018,-0.018,0.0494,0.0007,-0.0007,0.23,0.02,-0.02
HD 192310 c,HD 192310,TIC 326096771,0.8,,,5.73,0.03,-0.03,3.501,0.232,-0.232,1.18,0.025,-0.025,0.32,0.11,-0.11
2MASS J04414489+2301513 b,2MASS J04414489+2301513,TIC 118893899,0.019,,,,,,13.161,0.025,-0.025,15.0,,,,,
30 Ari B b,30 Ari B,TIC 22874788,1.93,0.27,-0.27,7.09209,0.023,-0.023,5.822,0.021,-0.021,0.99,0.02,-0.02,0.29,0.09,-0.09
HD 23079 b,HD 23079,TIC 206402844,1.12,0.06,-0.06,7.12,0.03,-0.03,5.705,0.02,-0.02,1.6,0.03,-0.03,0.1,0.03,-0.03
47 UMa d,47 UMa,TIC 21535479,1.06,0.128402,-0.137608,5.03352,0.023,-0.023,3.75,0.34,-0.34,11.6,2.1,-2.9,0.16,0.09,-0.16
4 UMa b,4 UMa,TIC 356478817,1.234,0.15,-0.15,4.5801,0.023,-0.023,1.734,0.218,-0.218,0.877,0.001,0.0,0.453,0.021,-0.036
Kepler-770 b,Kepler-770,TIC 120891972,0.94,0.053,-0.057,14.852,0.08,-0.08,12.923,0.025,-0.025,0.1694,,,0.0,,
Kepler-1738 b,Kepler-1738,TIC 272080244,1.079,0.145,-0.145,15.649,0.217,-0.217,13.851,0.048,-0.048,0.0781,,,0.0,,
55 Cnc d,55 Cnc,TIC 332064670,0.905,0.015,-0.015,5.95084,0.023,-0.023,4.015,0.036,-0.036,5.957,0.074,-0.071,0.13,0.02,-0.02
HD 27442 b,HD 27442,TIC 198079199,1.23,,,4.44,0.03,-0.03,1.745,0.218,-0.218,1.271,0.073,-0.073,0.06,0.043,-0.043
55 Cnc e,55 Cnc,TIC 332064670,0.905,0.015,-0.015,5.95084,0.023,-0.023,4.015,0.036,-0.036,0.01544,5e-05,-5e-05,0.05,0.03,-0.03
61 Vir c,61 Vir,TIC 422478973,0.942,0.034,-0.029,4.6955,0.0462,-0.0462,2.956,0.236,-0.236,0.2175,0.0001,-0.0001,0.14,0.06,-0.06
61 Vir b,61 Vir,TIC 422478973,0.942,0.034,-0.029,4.6955,0.0462,-0.0462,2.956,0.236,-0.236,0.050201,5e-06,-5e-06,0.12,0.11,-0.11
HD 285968 b,HD 285968,TIC 397354290,0.5,,,9.95,0.1,-0.1,5.607,0.034,-0.034,0.066,,,0.0,,
61 Vir d,61 Vir,TIC 422478973,0.942,0.034,-0.029,4.6955,0.0462,-0.0462,2.956,0.236,-0.236,0.476,0.001,-0.001,0.35,0.09,-0.09
HD 30562 b,HD 30562,TIC 176379354,1.12,0.07,-0.07,5.77466,0.023,-0.023,4.31,0.049,-0.049,2.34,0.06,-0.06,0.76,0.05,-0.05
BD+20 2457 b,BD+20 2457,TIC 95359428,2.8,1.5,-1.5,9.743,0.008,-0.008,6.42,0.021,-0.021,1.45,,,0.15,0.03,-0.03
Kepler-138 b,Kepler-138,TIC 159376971,0.535,0.012,-0.012,13.04,0.092,-0.092,9.506,0.011,-0.011,0.0753,0.0006,-0.0006,0.02,0.009,-0.009
BD+48 738 b,BD+48 738,TIC 302069358,0.74,0.39,-0.39,9.139,0.004,-0.004,5.904,0.018,-0.018,1.0,,,0.2,0.1,-0.1
HD 31527 b,HD 31527,TIC 146322354,0.96,,,7.49,0.03,-0.03,6.049,0.018,-0.018,0.1254,0.0041,-0.0045,0.1,0.05,-0.05
HD 330075 b,HD 330075,TIC 275786473,0.47,0.04,-0.04,9.36,0.03,-0.03,7.171,0.02,-0.02,0.04,0.0,0.0,0.0,,
HD 31527 d,HD 31527,TIC 146322354,0.96,,,7.49,0.03,-0.03,6.049,0.018,-0.018,0.8098,0.0273,-0.0293,0.24,0.13,-0.13
HD 21693 b,HD 21693,TIC 197792776,0.8,,,7.95,0.03,-0.03,6.193,0.017,-0.017,0.1455,0.0058,-0.0063,0.12,0.09,-0.08
HD 217107 b,HD 217107,TIC 38271828,1.0,0.05,-0.05,6.155,0.005,-0.005,4.536,0.021,-0.021,0.08,0.0,0.0,0.13,0.01,-0.01
HD 33283 b,HD 33283,TIC 13147218,1.38,0.24,-0.24,8.05,0.03,-0.03,6.646,0.033,-0.033,0.1508,0.0087,-0.0087,0.399,0.056,-0.056
HD 217107 c,HD 217107,TIC 38271828,0.98,0.146363,-0.097498,6.155,0.005,-0.005,4.536,0.021,-0.021,5.32,0.38,-0.38,0.517,0.033,-0.033
HD 3651 b,HD 3651,TIC 434210589,0.799,,,5.88437,0.023,-0.023,3.999,0.036,-0.036,0.295,0.029,-0.029,0.645,0.02,-0.02
HD 217786 b,HD 217786,TIC 248048656,1.14,0.159,-0.159,7.78,0.03,-0.03,6.352,0.02,-0.02,2.446,0.109,-0.119,0.311,0.002,-0.003
HD 37124 d,HD 37124,TIC 19631691,0.85,,,7.68,0.03,-0.03,5.952,0.016,-0.016,2.807,0.038,-0.038,0.16,0.14,-0.14
HD 219828 b,HD 219828,TIC 243085377,1.04,0.124,-0.124,8.04,0.03,-0.03,6.53,0.018,-0.018,0.049,0.002,-0.002,0.091,0.021,-0.025
HD 22781 b,HD 22781,TIC 101166776,0.75,0.03,-0.03,8.78,0.03,-0.03,6.607,0.021,-0.021,1.167,0.039,-0.039,0.8191,0.0023,-0.0023
HD 224693 b,HD 224693,TIC 114807081,1.31,0.29,-0.29,8.23,0.03,-0.03,6.808,0.02,-0.02,0.191,0.014,-0.014,0.104,0.017,-0.017
K2-384 d,K2-384,TIC 399702475,0.33,0.009,-0.009,16.12,0.2,-0.2,11.294,0.021,-0.021,,,,,,
K2-384 e,K2-384,TIC 399702475,0.33,0.009,-0.009,16.12,0.2,-0.2,11.294,0.021,-0.021,,,,,,
Kepler-268 b,Kepler-268,TIC 137348987,1.109,0.03,-0.029,13.844,0.114,-0.114,12.382,0.026,-0.026,0.18,,,0.0,,
Kepler-772 b,Kepler-772,TIC 137150277,0.98,0.041,-0.042,14.145,0.149,-0.149,12.299,0.026,-0.026,0.11153,0.00077,-0.00077,0.0,,
K2-268 f,K2-268,TIC 444037742,0.84,0.02,-0.02,13.848,0.114,-0.114,11.639,0.023,-0.023,,,,,,
K2-385 b,K2-385,TIC 257429687,0.927,0.412,-0.286,14.645,0.114,-0.114,12.237,0.027,-0.027,,,,,,
18 Del b,18 Del,TIC 354489950,2.1,0.13,-0.09,5.51048,0.023,-0.023,3.366,0.204,-0.204,2.476,0.002,-0.002,0.024,0.007,-0.018
14 And b,14 And,TIC 333225860,1.78,0.43,-0.29,5.23133,0.023,-0.023,2.331,0.24,-0.24,0.775,0.0,0.0,0.0,,
7 CMa b,7 CMa,TIC 48237215,1.34,0.11,-0.12,3.95,0.03,-0.03,1.564,0.252,-0.252,1.758,0.024,-0.001,0.06,0.03,-0.03
TOI-444 b,TOI-444,TIC 179034327,0.96,0.13,-0.13,9.86,0.03,-0.03,7.832,0.023,-0.023,0.133,0.006,-0.006,,,
TOI-512 b,TOI-512,TIC 119292328,0.74,0.03,-0.03,9.735,0.004,-0.004,7.797,0.021,-0.021,,,,0.02,0.06,-0.03
Kepler-806 b,Kepler-806,TIC 272172942,0.99,0.066,-0.055,11.813,0.024,-0.024,10.128,0.012,-0.012,0.07684,0.00053,-0.00053,0.0,,
HD 42813 b,HD 42813,TIC 33692729,0.901,0.043,-0.043,9.49,0.03,-0.03,7.587,0.024,-0.024,0.111,0.002,-0.002,0.0,,
K2-368 c,K2-368,TIC 38136597,0.746,0.334,-0.232,13.581,0.126,-0.126,11.042,0.021,-0.021,,,,,,
K2-343 b,K2-343,TIC 197246627,0.49,0.01,-0.01,16.01,0.183,-0.183,11.855,0.023,-0.023,,,,,,
Kepler-260 b,Kepler-260,TIC 137348863,1.013,0.021,-0.018,14.253,0.069,-0.069,12.494,0.026,-0.026,0.075,,,0.0,,
Kepler-771 b,Kepler-771,TIC 121276933,1.03,0.081,-0.073,14.958,0.046,-0.046,13.202,0.028,-0.028,0.0843,,,0.0,,
Kepler-803 b,Kepler-803,TIC 268608781,1.05,0.049,-0.048,13.856,0.092,-0.092,11.993,0.023,-0.023,0.26721,0.00276,-0.00276,0.0,,
HD 154088 b,HD 154088,TIC 20856917,0.91,0.02,-0.02,6.59,0.03,-0.03,4.758,0.021,-0.021,0.134,0.002,-0.002,0.344,,
TOI-2109 b,TOI-2109,TIC 392476080,1.453,0.074,-0.074,10.217,0.004,-0.004,9.07,0.021,-0.021,0.01791,0.00065,-0.00065,,,
TOI-1842 b,TOI-1842,TIC 404505029,1.4643,0.0292,-0.0362,9.815,0.004,-0.004,8.446,0.021,-0.021,0.1,0.002,-0.002,0.276,0.064,-0.064
b Cen AB b,b Cen A,TIC 159589603,5.5,0.5,-0.5,4.01,0.03,-0.03,4.487,0.026,-0.026,556.0,17.0,-17.0,0.4,,
NGTS-20 b,NGTS-20,TIC 257527578,1.47,0.09,-0.09,11.233,0.011,-0.011,9.83,0.019,-0.019,0.313,0.013,-0.013,0.432,0.023,-0.023
Kepler-421 b,Kepler-421,TIC 164522394,0.794,0.03,-0.03,13.611,0.08,-0.08,11.535,0.017,-0.017,1.219,0.089,-0.089,0.041,0.095,-0.034
Kepler-50 c,Kepler-50,TIC 298896336,1.24,0.05,-0.05,10.544,0.007,-0.007,9.197,0.019,-0.019,0.087,0.014,-0.023,0.0,,
TOI-2337 b,TOI-2337,TIC 230001847,1.325,0.118,-0.118,12.524,0.034,-0.034,9.678001,0.019,-0.019,,,,0.019,0.017,-0.017
TOI-833 b,TOI-833,TIC 362249359,0.61,0.03,-0.03,11.724,0.014,-0.014,8.146,0.017,-0.017,0.0171,0.0003,-0.0003,,,
TOI-1411 b,TOI-1411,TIC 116483514,0.6045,0.0148,-0.0129,10.51,0.03,-0.03,7.25,0.021,-0.021,0.02122,0.0004,-0.0004,0.0,,
TOI-2260 b,TOI-2260,TIC 232568235,0.99,0.04,-0.04,10.474,0.006,-0.006,8.684,0.016,-0.016,0.0097,0.0001,-0.0001,,,
K2-384 b,K2-384,TIC 399702475,0.33,0.009,-0.009,16.12,0.2,-0.2,11.294,0.021,-0.021,,,,,,
TOI-712 d,TOI-712,TIC 150151262,0.732,0.027,-0.025,10.838,0.021,-0.021,8.313,0.023,-0.023,0.3405,0.0041,-0.0039,0.073,0.064,-0.049
Kepler-404 b,Kepler-404,TIC 158268972,0.86,0.012,-0.019,15.479,0.126,-0.126,13.477,0.041,-0.041,0.102,,,0.0,,
Kepler-122 f,Kepler-122,TIC 122714267,1.03,,,14.403,0.126,-0.126,12.826,0.028,-0.028,0.28575,0.00277,-0.00277,0.0,,
AB Aur b,AB Aur,TIC 96680681,2.4,0.2,-0.2,7.076,0.042,-0.042,4.23,0.016,-0.016,93.9,49.3,-49.3,0.4,0.2,-0.21
TOI-5350 b,TOI-5350,TIC 68808155,1.167,0.063,-0.066,11.953,0.069,-0.069,9.985,0.019,-0.019,0.0796,0.0014,-0.0015,0.0165,0.012,-0.0081
TOI-5261 b,TOI-5261,TIC 402828941,1.037,0.053,-0.057,12.68,0.114,-0.114,11.156,0.02,-0.02,0.05134,0.00086,-0.00096,0.1585,0.01,-0.0078
CoRoT-7 d,CoRoT-7,TIC 280304863,0.915,0.017,-0.017,11.728,0.027,-0.027,9.806,0.021,-0.021,,,,,,
WASP-107 c,WASP-107,TIC 429302040,0.683,0.017,-0.016,11.592,0.208,-0.208,8.637,0.023,-0.023,,,,0.28,0.07,-0.07
KOI-351 g,KOI-351,TIC 267667295,1.242,0.096,-0.097,13.883,0.069,-0.069,12.482,0.024,-0.024,0.71704,0.00729,-0.00729,0.0292,0.0038,-0.0038
TOI-1696 b,TOI-1696,TIC 470381900,0.255,0.0066,-0.0066,16.82,1.133,-1.133,11.331,0.023,-0.023,0.0229,0.0002,-0.0002,0.0,,
Kepler-1990 b,Kepler-1990,TIC 269119490,1.028,0.074,-0.067,11.946,0.052,-0.052,11.055,0.039,-0.039,0.0286,,,0.0,,
TOI-500 e,TOI-500,TIC 134200185,0.74,0.017,-0.017,10.54,0.03,-0.03,7.715,0.026,-0.026,,,,0.073,0.068,-0.051
K2-395 b,K2-395,TIC 245946724,0.952,0.421,-0.293,15.131,0.069,-0.069,11.365,0.018,-0.018,,,,,,
TOI-1181 b,TOI-1181,TIC 229510866,1.467,0.024,-0.024,10.582,0.006,-0.006,9.22,0.015,-0.015,0.0364,0.0006,-0.007,0.011,0.007,-0.008
Kepler-51 c,Kepler-51,TIC 27846348,1.04,0.12,-0.12,14.885,0.126,-0.126,13.197,0.037,-0.037,0.384,0.015,-0.015,0.014,0.013,-0.009
LTT 1445 A c,LTT 1445 A,TIC 98796344,0.257,0.014,-0.014,10.59,0.046,-0.046,6.496,0.021,-0.021,0.02661,0.00047,-0.00049,0.223,,
Kepler-115 c,Kepler-115,TIC 273383120,1.042,0.03,-0.034,13.545,0.069,-0.069,11.97,0.019,-0.019,0.087,,,0.0,,
TOI-1107 b,TOI-1107,TIC 394561119,1.35,0.08,-0.08,10.553,0.006,-0.006,9.205,0.019,-0.019,0.0561,0.0024,-0.0025,0.025,0.023,-0.016
TOI-286 b,TOI-286,TIC 150030205,0.832,0.049,-0.049,9.866,0.005,-0.005,7.851,0.033,-0.033,0.0503,0.001,-0.001,0.0,,
Kepler-69 b,Kepler-69,TIC 275573429,0.81,0.09,-0.081,13.866,0.092,-0.092,12.234,0.026,-0.026,0.094,0.023,-0.016,0.16,0.17,-0.001
K2-402 b,K2-402,TIC 393548451,0.944,0.419,-0.29,13.032,0.057,-0.057,11.377,0.023,-0.023,,,,,,
HD 28109 c,HD 28109,TIC 29781292,1.26,0.08,-0.08,9.42,0.03,-0.03,8.175,0.023,-0.023,0.308,0.011,-0.011,0.1203,,
HD 28109 b,HD 28109,TIC 29781292,1.26,0.08,-0.08,9.42,0.03,-0.03,8.175,0.023,-0.023,0.1357,0.0034,-0.0034,0.3307,,
K2-404 b,K2-404,TIC 61312205,0.552,0.015,-0.015,14.622,0.137,-0.137,10.75,0.02,-0.02,,,,,,
Kepler-804 b,Kepler-804,TIC 275573295,1.01,0.044,-0.041,13.864,0.08,-0.08,12.246,0.031,-0.031,0.11287,0.00124,-0.00124,0.0,,
Kepler-264 b,Kepler-264,TIC 137347078,1.426,0.023,-0.029,13.15,0.114,-0.114,11.591,0.02,-0.02,0.249,,,0.0,,
Kepler-263 b,Kepler-263,TIC 137637249,0.793,0.015,-0.024,15.435,0.137,-0.137,13.548,0.048,-0.048,0.12,,,0.0,,
HD 150010 b,HD 150010,TIC 233008631,1.3,0.1,-0.1,6.2893,0.023,-0.023,3.177,0.384,-0.384,1.4,0.1,-0.1,0.2,0.1,-0.1
LTT 1445 A b,LTT 1445 A,TIC 98796344,0.257,0.014,-0.014,10.59,0.046,-0.046,6.496,0.021,-0.021,0.0381,0.00067,-0.0007,0.18,0.07,-0.06
Kepler-821 b,Kepler-821,TIC 120573482,0.84,0.042,-0.05,15.153,0.126,-0.126,12.869,0.026,-0.026,0.029,,,0.0,,
TOI-1789 b,TOI-1789,TIC 172518755,1.507,0.059,-0.14,9.721,0.004,-0.004,8.345,0.018,-0.018,0.04882,0.00063,-0.0016,,,
TOI-1296 b,TOI-1296,TIC 219854185,1.1576,0.0277,-0.0227,11.37,0.019,-0.019,9.742,0.016,-0.016,0.051,0.001,-0.001,0.0,,
17 Sco b,17 Sco,TIC 135596590,1.22,0.13,-0.14,5.22606,0.023,-0.023,2.094,0.244,-0.244,1.45,0.02,-0.02,0.06,0.03,-0.02
EPIC 220492298 b,EPIC 220492298,TIC 257802602,0.95,,,13.991,0.092,-0.092,12.168,0.026,-0.026,,,,,,
Kepler-820 b,Kepler-820,TIC 122685803,1.23,0.187,-0.095,14.135,0.126,-0.126,12.53,0.022,-0.022,0.56004,0.00364,-0.00364,0.0,,
GJ 367 b,GJ 367,TIC 34068865,0.455,0.011,-0.011,10.153,0.044,-0.044,5.78,0.02,-0.02,0.00709,0.00027,-0.00027,0.06,0.07,-0.04
Kepler-396 c,Kepler-396,TIC 27769688,0.85,0.13,-0.06,12.259,0.028,-0.028,10.285,0.017,-0.017,0.38946,0.00163,-0.00163,0.0,,
Kepler-794 b,Kepler-794,TIC 121467823,1.19,0.107,-0.065,13.599,0.103,-0.103,12.011,0.021,-0.021,0.10036,0.00091,-0.00091,0.0,,
BD+63 1405 b,BD+63 1405,TIC 233075841,0.816,0.083,-0.083,8.96,0.03,-0.03,6.78,0.017,-0.017,2.06,0.14,-0.14,0.88,0.02,-0.02
HD 152843 b,HD 152843,TIC 349488688,1.15,0.04,-0.04,8.855,0.002,-0.002,7.629,0.02,-0.02,0.1053,0.003,-0.0031,0.14,0.25,-0.1
HD 136925 b,HD 136925,TIC 400015692,0.875104,0.021614,-0.021614,7.91433,0.023,-0.023,6.359,0.026,-0.026,5.13,0.12,-0.11,0.103,0.094,-0.07
HIP 114933 b,HIP 114933,TIC 9007224,1.39,0.09,-0.09,7.25,0.03,-0.03,4.907,0.016,-0.016,2.84,0.09,-0.09,0.21,0.08,-0.08
Kepler-504 b,Kepler-504,TIC 164832454,0.33,0.02,-0.02,15.143,0.114,-0.114,11.155,0.027,-0.027,0.0646,,,0.0,,
HD 26161 b,HD 26161,TIC 467753728,1.12,0.146,-0.146,6.89333,0.023,-0.023,5.524,0.015,-0.015,10.087,5.615,-1.085,0.922,0.037,-0.099
HD 3765 b,HD 3765,TIC 424009747,0.851785,0.033389,-0.033389,7.36,0.03,-0.03,5.164,0.016,-0.016,2.108,0.032,-0.033,0.298,0.078,-0.071
Kepler-835 b,Kepler-835,TIC 164527012,1.08,0.065,-0.05,16.062,0.424,-0.424,14.561,0.116,-0.116,0.107,,,0.0,,
HD 156668 c,HD 156668,TIC 257715493,0.785167,0.023876,-0.023876,8.43,0.03,-0.03,6.004,0.02,-0.02,1.57,0.017,-0.017,0.089,0.084,-0.061
TOI-1347 c,TOI-1347,TIC 229747848,0.913,0.033,-0.033,11.168,0.013,-0.013,9.616,0.015,-0.015,0.0546,0.0009,-0.001,0.0,,
GJ 720 A b,GJ 720 A,TIC 122958010,0.57,0.06,-0.06,9.84,0.1,-0.1,6.082,0.016,-0.016,0.119,0.002,-0.001,0.12,0.05,-0.06
TOI-969 b,TOI-969,TIC 280437559,0.734,0.014,-0.014,11.646,0.031,-0.031,8.879,0.023,-0.023,0.02636,0.00017,-0.00017,,,
TOI-1052 b,TOI-1052,TIC 317060587,1.204,0.025,-0.025,9.511,0.003,-0.003,8.246,0.025,-0.025,0.09103,0.00062,-0.00063,0.18,0.09,-0.071
HD 27969 b,HD 27969,TIC 27828749,1.16,0.07,-0.07,7.66,0.03,-0.03,6.202,0.02,-0.02,1.552,0.032,-0.033,0.182,0.019,-0.019
NGTS-10 b,NGTS-10,TIC 37348844,0.696,0.04,-0.04,14.506,0.114,-0.114,11.728,0.025,-0.025,0.0143,0.001,-0.001,0.0,,
HD 158259 f,HD 158259,TIC 188768068,1.08,0.1,-0.1,6.47915,0.023,-0.023,4.965,0.023,-0.023,,,,,,
TOI-1450 A b,TOI-1450 A,TIC 377293776,0.48,0.024,-0.024,12.28,0.2,-0.2,7.565,0.017,-0.017,,,,,,
TOI-1728 b,TOI-1728,TIC 285048486,0.646,0.023,-0.022,12.39,0.055,-0.055,8.803001,0.02,-0.02,0.0391,0.0009,-0.0009,0.057,0.054,-0.039
TOI-700 c,TOI-700,TIC 150428135,0.415,0.021,-0.02,13.151,0.069,-0.069,8.634,0.023,-0.023,0.0929,0.0015,-0.0015,0.068,0.07,-0.049
Kepler-132 c,Kepler-132,TIC 237158274,0.929,0.035,-0.033,11.922,0.026,-0.026,10.424,0.019,-0.019,0.068,,,0.0,,
TOI-2406 b,TOI-2406,TIC 212957629,0.166,0.004,-0.004,,,,11.894,0.025,-0.025,0.02267,0.00071,-0.00071,0.17,0.11,-0.05
TOI-1173 b,TOI-1173,TIC 232967440,0.911,0.028,-0.03,11.038,0.009,-0.009,9.134,0.015,-0.015,0.0696,0.0014,-0.0014,0.023,0.025,-0.016
BD-11 4672 c,BD-11 4672,TIC 217831699,0.651,0.031,-0.029,10.03,0.03,-0.03,6.867,0.024,-0.024,0.3,0.01,-0.01,0.4,0.13,-0.15
TOI-1518 b,TOI-1518,TIC 427761355,1.79,0.26,-0.26,8.952,0.003,-0.003,8.325,0.021,-0.021,0.0389,0.0011,-0.0011,0.01,,
K2-331 b,K2-331,TIC 46296576,1.1,0.03,-0.04,11.305,0.029,-0.029,9.804,0.016,-0.016,,,,,,
Kepler-789 b,Kepler-789,TIC 184300256,1.01,0.09,-0.068,14.723,0.114,-0.114,13.005,0.03,-0.03,0.0951,,,0.0,,
GJ 2056 b,GJ 2056,TIC 65406275,0.62,0.08,-0.08,10.37,0.03,-0.03,6.89,0.017,-0.017,0.283,0.013,-0.013,0.72,0.1,-0.1
K2-316 b,K2-316,TIC 73943566,0.408,0.005,-0.005,17.14,0.2,-0.2,11.911,0.023,-0.023,0.0147,0.001,-0.0031,,,
HD 86226 c,HD 86226,TIC 22221375,1.019,0.061,-0.066,7.93,0.03,-0.03,6.463,0.023,-0.023,0.049,0.001,-0.001,0.075,0.065,-0.048
K2-204 b,K2-204,TIC 248351386,1.076,0.092,-0.086,12.985,0.069,-0.069,11.478,0.021,-0.021,0.0738,0.002,-0.002,0.28,0.37,-0.19
K2-207 b,K2-207,TIC 257571543,0.941851,0.028266,-0.027981,13.175,0.092,-0.092,11.383,0.02,-0.02,,,,,,
K2-383 b,K2-383,TIC 31244979,1.061,0.459,-0.327,12.689,0.057,-0.057,10.456,0.023,-0.023,,,,,,
WD 1856+534 b,WD 1856+534,TIC 267574918,0.518,0.055,-0.055,17.244,0.046,-0.046,15.548,0.186,-0.186,0.0204,0.0012,-0.0012,0.0,,
TOI-421 c,TOI-421,TIC 94986319,0.833,0.048,-0.054,9.931,0.006,-0.006,8.071,0.018,-0.018,0.117,0.0018,-0.0018,0.19,0.04,-0.04
K2-324 b,K2-324,TIC 392817207,0.517,0.041,-0.041,15.223,0.206,-0.206,11.237,0.026,-0.026,0.0331,0.0037,-0.0066,,,
HD 56414 b,HD 56414,TIC 300038935,1.89,0.11,-0.11,9.217,0.003,-0.003,8.823,0.019,-0.019,0.229,0.004,-0.004,0.68,,
K2-208 b,K2-208,TIC 399722652,0.881,0.045,-0.042,12.577,0.092,-0.092,10.746,0.019,-0.019,0.04878,0.00082,-0.00079,0.37,0.31,-0.21
K2-210 b,K2-210,TIC 388801714,0.911717,0.02297,-0.028299,11.535,0.043,-0.043,9.915,0.019,-0.019,,,,,,
K2-219 c,K2-219,TIC 266014079,1.021545,0.033902,-0.029772,12.09,0.034,-0.034,10.424,0.021,-0.021,,,,,,
K2-223 b,K2-223,TIC 98594138,1.06,0.02,-0.02,11.443,0.057,-0.057,9.835,0.024,-0.024,0.0127,0.0001,-0.0001,,,
GJ 3473 c,GJ 3473,TIC 452866790,0.36,0.016,-0.016,13.74,0.027,-0.027,8.829001,0.024,-0.024,0.0876,0.0035,-0.0034,0.0,,
TOI-837 b,TOI-837,TIC 460205581,1.142,0.008,-0.011,10.635,0.007,-0.007,8.933,0.026,-0.026,0.0888,0.0026,-0.0029,0.0,,
EPIC 201757695.02,EPIC 201757695,TIC 380546118,0.727,0.044,-0.053,14.974,0.137,-0.137,12.149,0.026,-0.026,0.0296,0.0005,-0.0005,0.0,,
NGTS-12 b,NGTS-12,TIC 157230659,1.021,0.056,-0.049,12.382,0.046,-0.046,10.588,0.021,-0.021,0.0757,0.0014,-0.0014,0.0,,
TOI-1248 b,TOI-1248,TIC 232612416,0.9042,0.0273,-0.0275,11.806,0.046,-0.046,9.87,0.016,-0.016,0.051,0.001,-0.001,0.0,,
K2-225 b,K2-225,TIC 98677125,1.482,0.11,-0.096,11.836,0.022,-0.022,9.954001,0.023,-0.023,0.1409,0.0033,-0.0031,0.23,0.39,-0.16
K2-227 b,K2-227,TIC 156599123,0.950811,0.027833,-0.030228,12.015,0.034,-0.034,10.005,0.021,-0.021,,,,,,
K2-223 c,K2-223,TIC 98594138,1.06,0.02,-0.02,11.443,0.057,-0.057,9.835,0.024,-0.024,0.0549,0.0003,-0.0003,,,
TOI-122 b,TOI-122,TIC 231702397,0.312,0.007,-0.007,15.526,0.026,-0.026,10.771,0.021,-0.021,0.0392,0.0007,-0.0007,0.0,,
LP 714-47 b,LP 714-47,TIC 70899085,0.59,0.02,-0.02,12.492,0.038,-0.038,8.626,0.025,-0.025,0.0417,0.0005,-0.0005,0.04,0.02,-0.02
TOI-481 b,TOI-481,TIC 339672028,1.14,0.02,-0.01,9.972,0.005,-0.005,8.443,0.023,-0.023,0.097,0.001,-0.001,0.153,0.006,-0.007
TOI-561 e,TOI-561,TIC 377064495,0.806,0.036,-0.036,10.252,0.006,-0.006,8.394,0.019,-0.019,0.33,0.005,-0.005,0.074,0.044,-0.039
HD 108236 c,HD 108236,TIC 260647166,0.869,0.05,-0.048,9.25,0.03,-0.03,7.637,0.031,-0.031,0.062,0.0012,-0.0012,0.034,0.042,-0.025
HD 108236 d,HD 108236,TIC 260647166,0.869,0.05,-0.048,9.25,0.03,-0.03,7.637,0.031,-0.031,0.1074,0.0023,-0.0023,0.055,0.038,-0.035
TOI-561 c,TOI-561,TIC 377064495,0.806,0.036,-0.036,10.252,0.006,-0.006,8.394,0.019,-0.019,0.0889,0.0013,-0.0013,0.023,0.034,-0.017
K2-55 b,K2-55,TIC 437704321,0.688,0.069,-0.069,13.519,0.092,-0.092,10.471,0.025,-0.025,0.03486,0.00078,-0.00078,0.07,0.13,-0.06
Kepler-505 b,Kepler-505,TIC 158631520,0.55,0.023,-0.023,15.607,0.023,-0.023,12.08,0.018,-0.018,0.1445,,,0.0,,
Kepler-745 b,Kepler-745,TIC 137307173,1.04,0.069,-0.065,15.427,0.08,-0.08,13.621,0.048,-0.048,0.0915,,,0.0,,
K2-230 b,K2-230,TIC 288527728,1.11,0.02,-0.02,12.789,0.114,-0.114,11.257,0.025,-0.025,0.0409,0.0003,-0.0002,,,
TOI-628 b,TOI-628,TIC 281408474,1.311,0.066,-0.075,10.112,0.006,-0.006,8.811,0.019,-0.019,0.0486,0.0008,-0.00094,0.072,0.021,-0.023
TOI-640 b,TOI-640,TIC 147977348,1.536,0.069,-0.076,10.51,0.006,-0.006,9.243,0.023,-0.023,0.06608,0.00098,-0.0011,0.013,,
NGTS-13 b,NGTS-13,TIC 454069765,1.3,0.11,-0.18,12.744,0.057,-0.057,11.141,0.021,-0.021,0.0549,0.0015,-0.0025,0.086,0.034,-0.034
TOI-1295 b,TOI-1295,TIC 219852584,1.38,0.08,-0.08,11.303,0.011,-0.011,10.08,0.016,-0.016,0.047,0.002,-0.002,0.024,0.02,-0.02
Kepler-262 c,Kepler-262,TIC 122673489,0.816,0.03,-0.029,14.478,0.126,-0.126,12.732,0.025,-0.025,0.152,,,0.0,,
NGTS-18 b,NGTS-18,TIC 142211778,1.003,0.03,-0.025,14.588,0.126,-0.126,12.87,0.032,-0.032,0.0448,0.0068,-0.0068,0.0,,
TOI-257 b,TOI-257,TIC 200723869,1.407,0.045,-0.046,7.57,0.03,-0.03,6.256,0.021,-0.021,0.1528,0.0016,-0.0017,0.0,,
HD 5278 c,HD 5278,TIC 263003176,1.126,0.036,-0.035,7.94,0.03,-0.03,6.605,0.027,-0.027,0.2416,0.0027,-0.0027,0.07,0.08,-0.04
GJ 414 A b,GJ 414 A,TIC 9001920,0.65,0.08,-0.08,8.31,0.03,-0.03,4.979,0.018,-0.018,0.2324,0.0092,-0.0099,0.45,0.19,-0.22
K2-102 b,K2-102,TIC 175262071,0.77,0.06,-0.06,13.083,0.103,-0.103,10.64,0.02,-0.02,,,,0.1,0.16,-0.07
TAP 26 b,TAP 26,TIC 435907158,1.04,0.1,-0.1,12.5,0.08,-0.08,9.270001,0.018,-0.018,0.0968,0.0032,-0.0032,,,
HD 164922 d,HD 164922,TIC 159019691,0.926,0.029,-0.035,7.01227,0.023,-0.023,5.113,0.02,-0.02,0.103,0.001,-0.001,0.12,0.13,-0.08
KELT-16 b,KELT-16,TIC 236445129,1.211,0.043,-0.046,11.717,0.017,-0.017,10.642,0.016,-0.016,0.02044,0.00024,-0.00026,0.0,,
Kepler-949 c,Kepler-949,TIC 268060310,0.817,0.104,-0.064,14.718,0.172,-0.172,12.519,0.024,-0.024,0.1394,,,0.0,,
Kepler-307 c,Kepler-307,TIC 169930145,0.907,0.034,-0.034,14.149,0.103,-0.103,12.321,0.02,-0.02,0.10896,0.00073,-0.00073,0.0,,
TOI-1338 b,TOI-1338 A,TIC 260128333,1.0936,0.0072,-0.0072,11.722,0.022,-0.022,10.635,0.021,-0.021,0.4607,0.0084,-0.0088,0.0331,0.0022,-0.0021
WASP-176 b,WASP-176,TIC 375942197,1.345,0.08,-0.13,12.006,0.023,-0.023,10.648,0.02,-0.02,0.0535,0.001,-0.0019,0.0,,
K2-127 b,K2-127,TIC 187309502,0.72,0.01,-0.01,15.041,0.057,-0.057,12.793,0.033,-0.033,0.0411,0.0002,-0.0002,0.12,0.142231,-0.096252
K2-148 d,K2-148,TIC 423358488,0.65,0.061,-0.061,13.627,0.103,-0.103,10.292,0.025,-0.025,0.0774,0.0024,-0.0024,,,
K2-152 b,K2-152,TIC 56754291,0.63,0.01,-0.01,13.728,0.019,-0.019,10.096,0.021,-0.021,0.1716,0.0012,-0.0012,,,
KELT-21 b,KELT-21,TIC 203189770,1.458,0.029,-0.028,10.484,0.006,-0.006,10.09,0.014,-0.014,0.05224,0.00035,-0.00034,0.0,,
gam Lib b,gam Lib,TIC 386935627,1.78,0.24,-0.24,3.90672,0.023,-0.023,1.524,0.23,-0.23,1.319,0.003,-0.003,0.16,0.071,-0.107
gam Lib c,gam Lib,TIC 386935627,1.78,0.24,-0.24,3.90672,0.023,-0.023,1.524,0.23,-0.23,2.318,0.004,-0.003,0.065,0.033,-0.022
K2-155 b,K2-155,TIC 17307715,0.65,0.06,-0.03,12.773,0.114,-0.114,9.496,0.017,-0.017,0.0562,0.0013,-0.0014,,,
K2-241 b,K2-241,TIC 152805642,0.71,0.01,-0.01,11.97,0.032,-0.032,9.933,0.023,-0.023,0.1567,0.0007,-0.0008,,,
K2-246 b,K2-246,TIC 56721373,0.87,0.02,-0.02,14.792,0.149,-0.149,12.788,0.03,-0.03,0.0602,0.0004,-0.0004,,,
IC 4651 9122 b,IC 4651 9122,TIC 214416505,2.1,,,10.909,0.016,-0.016,8.054,0.018,-0.018,2.038,0.039,-0.039,0.18,0.09,-0.09
K2-261 b,K2-261,TIC 281731203,1.107,0.042,-0.047,10.612,0.009,-0.009,8.89,0.022,-0.022,0.1086,0.0012,-0.0012,0.274,0.065,-0.061
K2-264 c,K2-264,TIC 184914317,0.496,0.013,-0.013,16.701,0.0462,-0.0462,12.183,0.02,-0.02,0.11283,0.00095,-0.00097,0.45,,
HD 55696 b,HD 55696,TIC 22598327,1.29,0.2,-0.2,7.95,0.03,-0.03,6.591,0.02,-0.02,3.18,0.18,-0.18,0.705,0.022,-0.022
KMT-2023-BLG-0119L b,KMT-2023-BLG-0119L,,0.71,0.45,-0.39,,,,,,,3.14,1.32,-1.33,,,
WASP-159 b,WASP-159,TIC 77156657,1.41,0.12,-0.12,12.836,0.05,-0.05,11.017,0.019,-0.019,0.0538,0.0015,-0.0015,0.0,,
WASP-160 B b,WASP-160 B,TIC 32949762,0.87,0.071,-0.068,13.04,0.08,-0.08,11.055,0.021,-0.021,0.0452,0.0012,-0.0012,0.0,,
K2-268 b,K2-268,TIC 444037742,0.84,0.02,-0.02,13.848,0.114,-0.114,11.639,0.023,-0.023,0.0308,0.0002,-0.0002,,,
Qatar-10 b,Qatar-10,TIC 229791084,1.156,0.068,-0.068,12.868,0.057,-0.057,11.382,0.017,-0.017,0.0286,0.0006,-0.0006,0.0,,
HD 211970 b,HD 211970,TIC 231704229,0.61,0.04,-0.04,10.24,0.06,-0.06,5.663,0.021,-0.021,0.143,0.003,-0.003,0.15,0.1,-0.1
Qatar-9 b,Qatar-9,TIC 149918151,0.719,0.024,-0.024,14.023,0.092,-0.092,11.104,0.023,-0.023,0.0234,0.0003,-0.0003,0.0,,
TOI-1467 b,TOI-1467,TIC 240968774,0.489,0.02,-0.02,12.293,0.017,-0.017,8.568,0.019,-0.019,0.050748,0.000683,-0.000701,0.0,,
TOI-150.01,TOI-150,TIC 271893367,1.351,0.038,-0.026,11.39,0.015,-0.015,9.94,0.019,-0.019,0.07037,0.00087,-0.00088,0.262,0.045,-0.037
WASP-129 b,WASP-129,TIC 61538902,1.0,0.03,-0.03,12.179,0.025,-0.025,10.412,0.023,-0.023,0.0628,0.0007,-0.0007,0.096,,
HAT-P-26 b,HAT-P-26,TIC 420779000,1.12,0.36,-0.36,11.757,0.025,-0.025,9.581,0.023,-0.023,0.0479,0.0006,-0.0006,0.12,0.06,-0.06
WASP-25 b,WASP-25,TIC 229047362,0.962,0.027,-0.021,11.875,0.027,-0.027,10.174,0.021,-0.021,0.0473,0.0004,-0.0004,0.0,,
WASP-6 b,WASP-6,TIC 204376737,0.854,0.027,-0.023,11.907,0.034,-0.034,10.325,0.025,-0.025,0.04217,0.00079,-0.0012,0.054,0.018,-0.015
HD 106515 A b,HD 106515 A,TIC 176940023,0.89,0.03,-0.03,7.971,0.002,-0.002,6.151,0.026,-0.026,4.48,0.05,-0.05,0.571,0.012,-0.012
HD 196067 b,HD 196067,TIC 327303574,1.26,0.07,-0.07,6.51,0.03,-0.03,5.08,0.016,-0.016,5.1,0.22,-0.17,0.7,0.14,-0.12
WASP-55 b,WASP-55,TIC 294301883,1.071,0.025,-0.025,11.753,0.031,-0.031,10.396,0.024,-0.024,0.0558,0.0006,-0.0006,0.0,,
WASP-96 b,WASP-96,TIC 160148385,1.06,0.09,-0.09,12.569,0.069,-0.069,10.914,0.024,-0.024,0.0453,0.0013,-0.0013,0.0,,
WASP-124 b,WASP-124,TIC 97409519,1.07,0.05,-0.05,12.724,0.092,-0.092,11.31,0.023,-0.023,0.0449,0.0007,-0.0007,0.017,,
HATS-29 b,HATS-29,TIC 201604954,1.032,0.049,-0.049,12.62,0.057,-0.057,10.877,0.019,-0.019,0.05475,0.00088,-0.00088,0.158,,
HD 221420 b,HD 221420,TIC 277890728,1.351,0.013,-0.013,5.82,0.03,-0.03,4.306,0.036,-0.036,10.15,0.59,-0.38,0.14,0.04,-0.03
TOI-270 b,TOI-270,TIC 259377017,0.386,0.008,-0.008,12.603,0.039,-0.039,8.251,0.029,-0.029,0.03197,0.00022,-0.00022,0.0167,0.0084,-0.0089
TOI-270 c,TOI-270,TIC 259377017,0.386,0.008,-0.008,12.603,0.039,-0.039,8.251,0.029,-0.029,0.04526,0.00031,-0.00031,0.0044,0.0005,-0.0006
TOI-270 d,TOI-270,TIC 259377017,0.386,0.008,-0.008,12.603,0.039,-0.039,8.251,0.029,-0.029,0.0721,0.0005,-0.0005,0.0066,0.002,-0.002
AU Mic b,AU Mic,TIC 441420236,0.51,0.028,-0.027,8.81,0.1,-0.1,4.529,0.02,-0.02,0.0649,0.0012,-0.0012,0.00577,0.00101,-0.00101
WASP-110 b,WASP-110,TIC 425817867,0.814,0.014,-0.022,12.762,0.092,-0.092,10.871,0.023,-0.023,,,,0.0,,
AU Mic c,AU Mic,TIC 441420236,0.51,0.028,-0.027,8.81,0.1,-0.1,4.529,0.02,-0.02,0.1108,0.002,-0.002,0.00338,0.00164,-0.00164
TOI-2449 b,TOI-2449,TIC 170729775,1.079,0.045,-0.048,10.416,0.005,-0.005,9.073,0.025,-0.025,0.45,0.01,-0.01,0.098,0.028,-0.03
NGTS-31 b,NGTS-31,TIC 167714124,0.96,0.11,-0.05,13.519,0.103,-0.103,11.775,0.024,-0.024,0.064,0.008,-0.008,0.0,,
TOI-6109 c,TOI-6109,TIC 384984325,1.03,0.05,-0.05,11.05,0.01,-0.01,9.251,0.022,-0.022,0.0786,0.0005,-0.0003,,,
TOI-6109 b,TOI-6109,TIC 384984325,1.03,0.05,-0.05,11.05,0.01,-0.01,9.251,0.022,-0.022,0.0599,0.0007,-0.0004,,,
AU Mic e,AU Mic,TIC 441420236,0.6,0.04,-0.04,8.81,0.1,-0.1,4.529,0.02,-0.02,,,,,,
AU Mic d,AU Mic,TIC 441420236,0.51,0.028,-0.027,8.81,0.1,-0.1,4.529,0.02,-0.02,,,,0.00305,0.00104,-0.00104
NGTS-32 b,NGTS-32,TIC 309694541,1.07,0.06,-0.04,13.588,0.103,-0.103,11.689,0.026,-0.026,0.044,0.001,-0.001,0.0,,
HD 180617 b,HD 180617,TIC 176188045,0.484,0.019,-0.019,9.12,0.1,-0.1,4.673,0.02,-0.02,0.343,0.004,-0.004,0.101,0.053,-0.053
NSVS 14256825 b,NSVS 14256825,TIC 404635917,0.419,0.07,-0.07,13.296,0.115,-0.115,13.945,0.055,-0.055,3.12,0.07,-0.07,0.12,0.02,-0.02
V1298 Tau b,V1298 Tau,TIC 15756231,1.101,0.049,-0.051,10.115,0.009,-0.009,8.094,0.021,-0.021,0.1688,0.0026,-0.0026,0.29,,
V1298 Tau c,V1298 Tau,TIC 15756231,1.101,0.049,-0.051,10.115,0.009,-0.009,8.094,0.021,-0.021,0.0825,0.0013,-0.0013,0.43,,
V1298 Tau d,V1298 Tau,TIC 15756231,1.101,0.049,-0.051,10.115,0.009,-0.009,8.094,0.021,-0.021,0.1083,0.0017,-0.0017,0.21,,
V1298 Tau e,V1298 Tau,TIC 15756231,1.26,0.06,-0.06,10.115,0.009,-0.009,8.094,0.021,-0.021,0.2409,0.0083,-0.0083,0.1,0.091,-0.091
DE CVn b,DE CVn,TIC 446175401,0.51,,,12.956,0.023,-0.023,8.555,0.021,-0.021,5.75,2.02,-2.02,0.0,,
WASP-166 b,WASP-166,TIC 408310006,1.19,0.06,-0.06,9.351,0.002,-0.002,8.032,0.023,-0.023,0.0641,0.0011,-0.0011,0.0,,
DS Tuc A b,DS Tuc A,TIC 410214986,1.01,0.06,-0.06,8.17,0.03,-0.03,6.676,0.034,-0.034,,,,0.0,,
NGC 2682 YBP 401 b,NGC 2682 YBP 401,TIC 437038987,1.14,0.02,-0.02,13.699,0.092,-0.092,12.337,0.024,-0.024,,,,0.15,0.08,-0.08
KIC 7917485 b,KIC 7917485,TIC 268924604,1.63,0.15,-0.12,13.166,0.057,-0.057,12.111,0.018,-0.018,,,,0.15,0.13,-0.1
HD 133131 B b,HD 133131 B,TIC 440955225,0.93,,,8.413,0.002,-0.002,6.896,0.026,-0.026,6.15,0.59,-0.59,0.61,0.04,-0.04
HD 213885 b,HD 213885,TIC 403224672,1.068,0.02,-0.018,7.95,0.03,-0.03,6.419,0.024,-0.024,0.02012,0.00015,-0.00012,0.0,,
DMPP-1 c,DMPP-1,TIC 66560666,1.21,0.03,-0.03,7.98,0.03,-0.03,6.69,0.024,-0.024,0.0733,0.0006,-0.0007,0.057,,
HD 233832 b,HD 233832,TIC 445811628,0.71,0.02,-0.02,10.15,0.03,-0.03,8.013,0.02,-0.02,2.827,0.045,-0.039,0.359,0.046,-0.039
HD 224538 b,HD 224538,TIC 280803137,1.23,0.181,-0.181,8.06,0.03,-0.03,6.76,0.016,-0.016,2.375,0.111,-0.123,0.476,0.014,-0.013
Kepler-761 b,Kepler-761,TIC 159442087,0.95,0.055,-0.064,14.993,0.08,-0.08,13.202,0.035,-0.035,0.0874,,,0.0,,
Kepler-95 b,Kepler-95,TIC 164726946,1.08,0.08,-0.08,12.382,0.046,-0.046,10.801,0.017,-0.017,0.10232,0.00123,-0.00123,0.0,,
HATS-31 b,HATS-31,TIC 9385460,1.275,0.096,-0.096,13.315,0.092,-0.092,11.572,0.023,-0.023,0.0478,0.0012,-0.0012,0.233,,
WASP-181 b,WASP-181,TIC 293457754,1.04,0.04,-0.04,12.924,0.092,-0.092,11.443,0.023,-0.023,0.05427,0.00069,-0.00069,,,
Wolf 1061 d,Wolf 1061,TIC 413948621,0.294,,,10.1,0.1,-0.1,5.075,0.024,-0.024,0.47,0.015,-0.017,0.55,0.08,-0.09
HD 33844 b,HD 33844,TIC 169534187,1.84,0.39,-0.39,7.29,0.03,-0.03,4.945,0.018,-0.018,1.6,0.06,-0.06,0.15,0.07,-0.07
psi1 Dra B b,psi1 Dra B,TIC 441804565,1.19,0.07,-0.07,5.808,0.015,-0.015,4.527,0.023,-0.023,4.43,0.04,-0.04,0.4,0.05,-0.05
Kepler-47 d,Kepler-47,TIC 271548206,0.957,0.013,-0.015,15.31,0.115,-0.115,13.535,0.041,-0.041,0.6992,0.0031,-0.0033,0.024,0.025,-0.017
HIP 109384 b,HIP 109384,TIC 316470945,0.78,0.06,-0.06,9.61,0.03,-0.03,7.652,0.016,-0.016,1.134,0.029,-0.029,0.549,0.003,-0.003
HIP 65407 b,HIP 65407,TIC 165454978,0.93,0.07,-0.07,9.38,0.03,-0.03,7.578,0.017,-0.017,0.177,0.005,-0.005,0.14,0.07,-0.07
KELT-4 A b,KELT-4 A,TIC 165297570,1.201,0.067,-0.061,9.98,0.03,-0.03,8.689,0.02,-0.02,0.04317,0.00079,-0.00074,0.0,,
K2-26 b,K2-26,TIC 83181153,0.56,0.1,-0.1,14.528,0.053,-0.053,10.53,0.018,-0.018,0.0962,0.0054,-0.0061,,,
K2-29 b,K2-29,TIC 56399553,0.94,0.02,-0.02,12.532,0.103,-0.103,10.062,0.034,-0.034,0.04217,0.00024,-0.00024,0.066,0.022,-0.022
HATS-17 b,HATS-17,TIC 73717937,1.131,0.03,-0.03,12.402,0.057,-0.057,10.698,0.021,-0.021,0.1308,0.0012,-0.0012,0.029,0.022,-0.022
KELT-15 b,KELT-15,TIC 268644785,2.06,0.75,-0.75,11.39,0.012,-0.012,9.854,0.025,-0.025,0.04613,0.00065,-0.00065,0.0,,
HATS-66 b,HATS-66,TIC 52689469,1.411,0.022,-0.022,14.283,0.114,-0.114,12.761,0.026,-0.026,0.04714,0.00025,-0.00025,0.064,,
K2-34 b,K2-34,TIC 178217113,1.16,0.04,-0.04,11.447,0.017,-0.017,10.193,0.017,-0.017,0.0442,0.002,-0.002,0.0,,
K2-290 b,K2-290,TIC 70803960,1.194,0.067,-0.077,11.114,0.013,-0.013,9.42,0.019,-0.019,0.0923,0.0066,-0.0066,0.0,,
Kepler-779 b,Kepler-779,TIC 352012126,0.46,0.026,-0.026,16.303,0.195,-0.195,12.608,0.028,-0.028,0.0533,,,0.0,,
HD 33142 c,HD 33142,TIC 169397663,1.52,0.03,-0.03,7.96,0.03,-0.03,5.792,0.018,-0.018,1.955,0.016,-0.012,0.081,0.055,-0.047
HD 103949 b,HD 103949,TIC 428657118,0.77,0.04,-0.04,8.7,0.03,-0.03,6.314,0.021,-0.021,0.439,0.009,-0.009,0.19,0.12,-0.12
HATS-23 b,HATS-23,TIC 7088246,1.121,0.046,-0.046,13.84,0.069,-0.069,12.262,0.03,-0.03,0.03397,0.00047,-0.00047,0.114,,
HD 8326 b,HD 8326,TIC 11613065,0.8,0.05,-0.05,8.76,0.03,-0.03,6.504,0.02,-0.02,0.533,0.011,-0.011,0.2,0.11,-0.11
GJ 3323 c,GJ 3323,TIC 43605290,0.164,,,12.57,0.2,-0.2,6.736,0.024,-0.024,0.1264,0.0021,-0.0022,0.17,0.21,-0.12
HIP 67537 b,HIP 67537,TIC 166526615,2.316,0.133,-0.133,6.43,0.03,-0.03,4.196,0.036,-0.036,4.807,0.313,-0.151,0.586,0.039,-0.03
KELT-12 b,KELT-12,TIC 116242971,1.591,0.07,-0.093,10.585,0.006,-0.006,9.362001,0.017,-0.017,0.06708,0.00097,-0.0013,0.0,,
GJ 3323 b,GJ 3323,TIC 43605290,0.164,,,12.57,0.2,-0.2,6.736,0.024,-0.024,0.03282,0.00054,-0.00056,0.23,0.11,-0.11
HD 156279 c,HD 156279,TIC 232606278,0.94,0.117,-0.117,8.07,0.03,-0.03,6.269,0.023,-0.023,5.486,0.219,-0.24,0.261,0.006,-0.006
HD 45184 c,HD 45184,TIC 49831913,1.03,,,6.383,0.005,-0.005,4.871,0.02,-0.02,0.11,0.0034,-0.0036,0.07,0.07,-0.05
HATS-70 b,HATS-70,TIC 98545929,1.78,0.12,-0.12,12.227,0.035,-0.035,12.04,0.026,-0.026,0.03632,0.00074,-0.00087,0.18,,
HIP 54373 b,HIP 54373,TIC 410407964,0.57,0.03,-0.03,10.38,0.1,-0.1,6.62,0.02,-0.02,0.063,0.001,-0.001,0.2,0.11,-0.11
TOI-858 B b,TOI-858 B,TIC 198008005,1.081,0.076,-0.07,11.183,0.069,-0.069,9.722,0.023,-0.023,0.04435,0.001,-0.00098,0.15,,
HD 27894 c,HD 27894,TIC 396697266,0.8,,,9.36,0.03,-0.03,7.071,0.026,-0.026,0.198,0.001,-0.001,0.015,0.02,-0.002
BD+03 2562 b,BD+03 2562,TIC 366659915,1.14,0.25,-0.25,9.577,0.008,-0.008,6.021,0.021,-0.021,1.3,0.1,-0.1,0.2,0.12,-0.08
K2-113 b,K2-113,TIC 376939759,1.04,0.04,-0.04,13.744,0.092,-0.092,11.949,0.021,-0.021,0.0642,0.0009,-0.0009,0.0,,
HATS-59 b,HATS-59,TIC 437261733,1.038,0.039,-0.039,14.033,0.08,-0.08,12.238,0.03,-0.03,0.06112,0.00076,-0.00076,0.129,0.049,-0.049
HD 23472 b,HD 23472,TIC 425997655,0.67,0.03,-0.03,9.73,0.03,-0.03,7.207,0.023,-0.023,0.1162,0.0018,-0.0018,0.072,0.039,-0.04
HD 21411 b,HD 21411,TIC 142875660,0.89,0.05,-0.05,7.88,0.03,-0.03,6.131,0.016,-0.016,0.362,0.007,-0.007,0.4,0.15,-0.15
Kepler-445 d,Kepler-445,TIC 268060194,0.18,0.04,-0.04,18.19,0.2,-0.2,12.61,0.028,-0.028,0.0439,,,0.0,,
TOI-4773 b,TOI-4773,TIC 415276070,1.452,0.082,-0.075,12.075,0.03,-0.03,10.715,0.021,-0.021,0.03216,0.0006,-0.00056,0.024,0.027,-0.017
K2-118 b,K2-118,TIC 293496724,0.756446,0.075645,-0.075645,14.0,0.08,-0.08,11.654,0.019,-0.019,0.245,0.008,-0.008,0.2,0.183774,-0.159064
K2-128 b,K2-128,TIC 677945,0.711248,0.071125,-0.071125,12.58,0.08,-0.08,9.815,0.021,-0.021,0.056,0.002,-0.002,0.23,0.220222,-0.19371
K2-129 b,K2-129,TIC 2468648,0.360031,0.067677,-0.074196,13.639,0.019,-0.019,8.852,0.021,-0.021,0.057,0.003,-0.004,0.13,0.210105,-0.109504
Gl 378 b,Gl 378,TIC 252470070,0.56,0.01,-0.01,10.03,0.1,-0.1,6.16,0.016,-0.016,0.039435,0.00023,-0.00023,0.109,0.131,-0.077
HATS-13 b,HATS-13,TIC 289793076,0.962,0.029,-0.029,13.911,0.16,-0.16,11.983,0.028,-0.028,0.04057,0.00041,-0.00041,0.181,,
HD 164595 b,HD 164595,TIC 158917706,0.99,0.03,-0.03,7.08597,0.023,-0.023,5.482,0.021,-0.021,0.23,,,0.088,0.12,-0.066
K2-21 b,K2-21,TIC 240766850,0.676023,0.067602,-0.067602,12.851,0.057,-0.057,9.417,0.02,-0.02,0.076,0.002,-0.003,0.1,0.148654,-0.084698
K2-131 b,K2-131,TIC 176868951,0.803,0.034,-0.034,12.129,0.092,-0.092,10.051,0.026,-0.026,0.00936,0.00014,-0.00014,0.0,,
HD 180053 b,HD 180053,TIC 29898060,1.75,,,7.93,0.03,-0.03,5.84,0.017,-0.017,0.843,0.063,-0.063,0.081,0.029,-0.029
WASP-151 b,WASP-151,TIC 262662119,1.081,0.049,-0.049,12.821,0.092,-0.092,11.187,0.021,-0.021,0.055,0.00084,-0.00084,0.0,,
WASP-156 b,WASP-156,TIC 270380593,0.8712,0.025,-0.0267,11.559,0.019,-0.019,9.339,0.023,-0.023,0.0458,0.0008,-0.0009,0.0,,
HD 34445 d,HD 34445,TIC 284907742,1.07,0.02,-0.02,7.31,0.03,-0.03,5.79,0.023,-0.023,0.4817,0.0033,-0.0033,0.027,0.051,-0.027
HD 12648 b,HD 12648,TIC 397288169,0.67,0.07,-0.07,6.98656,0.023,-0.023,4.743,0.031,-0.031,0.54,0.02,-0.02,0.04,0.08,-0.08
HD 11755 b,HD 11755,TIC 137121812,0.72,0.17,-0.17,6.88269,0.023,-0.023,3.76,0.28,-0.28,1.09,0.04,-0.04,0.19,0.1,-0.1
K2-136 d,K2-136,TIC 18310799,0.742,0.039,-0.038,11.101,0.057,-0.057,8.368,0.019,-0.019,0.1538,0.0026,-0.0027,0.071,0.063,-0.049
HD 111591 b,HD 111591,TIC 954124944,1.94,0.07,-0.07,6.417,0.0459,-0.0459,,,,2.5,0.1,-0.1,0.26,0.1,-0.1
K2-139 b,K2-139,TIC 11023038,0.96,0.02,-0.02,11.652,0.02,-0.02,9.66,0.023,-0.023,0.1796,0.0015,-0.0015,0.12,0.12,-0.08
HD 34445 f,HD 34445,TIC 284907742,1.07,0.02,-0.02,7.31,0.03,-0.03,5.79,0.023,-0.023,1.543,0.016,-0.016,0.031,0.057,-0.031
HAT-P-57 b,HAT-P-57,TIC 317520667,2.77,1.74,-1.74,10.639,0.007,-0.007,9.433,0.024,-0.024,0.0406,0.0011,-0.0011,0.0,,
HD 176986 c,HD 176986,TIC 39554091,0.789,0.019,-0.019,8.42,0.03,-0.03,6.22,0.031,-0.031,0.11878,0.00025,-0.00025,0.111,0.08,-0.08
Kepler-269 b,Kepler-269,TIC 122297877,0.92,0.04,-0.048,15.646,0.217,-0.217,13.961,0.053,-0.053,0.061,,,0.0,,
HD 147379 b,HD 147379,TIC 230073581,0.58,0.08,-0.08,8.61,0.1,-0.1,4.953,0.018,-0.018,0.3193,0.0002,-0.0002,0.063,0.047,-0.038
K2-138 b,K2-138,TIC 4610830,0.935,0.019,-0.023,12.246,0.092,-0.092,10.305,0.021,-0.021,0.03385,0.00023,-0.00029,0.048,0.054,-0.033
K2-285 d,K2-285,TIC 262715204,0.83,0.023,-0.023,12.075,0.114,-0.114,9.971,0.022,-0.022,0.1178,0.0029,-0.0029,0.0,,
HD 221416 b,HD 221416,TIC 441462736,1.212,0.074,-0.074,8.15,0.03,-0.03,6.043,0.023,-0.023,0.1228,0.0025,-0.0026,0.115,0.034,-0.03
HD 219134 f,HD 219134,TIC 283722336,0.81,0.03,-0.03,5.56911,0.023,-0.023,3.261,0.304,-0.304,0.1463,0.0018,-0.0018,0.148,0.047,-0.047
HD 219134 h,HD 219134,TIC 283722336,0.794,0.037,-0.022,5.56911,0.023,-0.023,3.261,0.304,-0.304,3.11,0.04,-0.04,0.06,0.04,-0.04
HD 95872 b,HD 95872,TIC 52198580,0.7,0.25,-0.25,9.955,0.007,-0.007,7.956,0.026,-0.026,5.15,0.16,-0.16,0.06,0.04,-0.04
TYC 3318-01333-1 b,TYC 3318-01333-1,TIC 116376087,1.19,0.14,-0.14,9.901,0.008,-0.008,6.869,0.021,-0.021,1.414,0.063,-0.063,0.098,0.082,-0.032
Kepler-776 b,Kepler-776,TIC 121114760,0.83,0.036,-0.041,15.562,0.412,-0.412,13.319,0.034,-0.034,0.0523,,,0.0,,
TOI-913 b,TOI-913,TIC 407126408,0.82,0.0973,-0.0973,10.452,0.006,-0.006,8.273,0.02,-0.02,,,,,,
TOI-2364 b,TOI-2364,TIC 39414571,0.954,0.041,-0.046,12.234,0.057,-0.057,10.363,0.021,-0.021,0.04871,0.00069,-0.00079,0.0,,
TOI-3757 b,TOI-3757,TIC 445751830,0.64,0.02,-0.02,14.812,0.064,-0.064,11.152,0.02,-0.02,0.03845,0.00043,-0.00043,0.14,0.06,-0.06
TOI-4791 b,TOI-4791,TIC 100389539,1.242,0.072,-0.077,11.541,0.014,-0.014,10.019,0.023,-0.023,0.0555,0.0011,-0.0012,0.0,,
TOI-1723 b,TOI-1723,TIC 71431780,1.04,0.13,-0.13,9.664,0.003,-0.003,8.133,0.031,-0.031,0.113496,0.004471,-0.004861,0.0,,
Kepler-138 d,Kepler-138,TIC 159376971,0.535,0.012,-0.012,13.04,0.092,-0.092,9.506,0.011,-0.011,0.1288,0.001,-0.001,0.01,0.005,-0.005
Kepler-79 e,Kepler-79,TIC 239306681,1.165,0.044,-0.045,14.036,0.126,-0.126,12.606,0.031,-0.031,0.386,0.005,-0.005,0.012,0.044,-0.005
TOI-2803 A b,TOI-2803 A,TIC 124379043,1.118,0.056,-0.054,12.537,0.069,-0.069,11.282,0.025,-0.025,0.03185,0.00052,-0.00052,0.0,,
Kepler-110 b,Kepler-110,TIC 26751563,0.989,0.029,-0.028,13.003,0.103,-0.103,11.623,0.019,-0.019,0.107,,,0.0,,
Kepler-164 b,Kepler-164,TIC 158561894,1.036,0.031,-0.034,14.379,0.08,-0.08,12.935,0.024,-0.024,0.058,,,0.0,,
HD 11505 b,HD 11505,TIC 328159699,1.03,0.134,-0.134,7.43,0.03,-0.03,5.885,0.018,-0.018,20.247,4.792,-3.413,0.144,0.011,-0.056
HATS-56 b,HATS-56,TIC 272213425,1.573,0.017,-0.017,11.477,0.011,-0.011,10.251,0.019,-0.019,0.06043,0.00022,-0.00022,0.019,,
HATS-57 b,HATS-57,TIC 178289267,1.026,0.019,-0.026,12.333,0.069,-0.069,10.707,0.027,-0.027,0.03493,0.00021,-0.0003,0.028,,
WASP-180 A b,WASP-180 A,TIC 178367144,1.3,0.1,-0.1,10.655,0.009,-0.009,9.812,0.052,-0.052,0.048,0.001,-0.001,0.0,,
TOI-2384 b,TOI-2384,TIC 382602147,0.635,0.016,-0.016,15.103,0.137,-0.137,11.119,0.023,-0.023,0.02793,0.00023,-0.00023,0.0,,
TOI-2818 b,TOI-2818,TIC 151483286,0.977,0.063,-0.049,11.937,0.035,-0.035,10.403,0.025,-0.025,0.0493,0.001,-0.0008,0.0,,
Kepler-240 b,Kepler-240,TIC 122712446,0.868,0.017,-0.019,15.953,1.133,-1.133,13.464,0.033,-0.033,0.048,,,0.0,,
Kepler-42 d,Kepler-42,TIC 63126862,0.13,0.05,-0.05,16.7,0.2,-0.2,11.465,0.018,-0.018,0.0154,,,0.02,0.22,-0.02
Kepler-230 c,Kepler-230,TIC 377782363,0.784,0.032,-0.028,15.264,0.126,-0.126,13.299,0.037,-0.037,0.38,,,0.0,,
HD 14067 b,HD 14067,TIC 246937460,2.4,0.2,-0.2,6.53329,0.023,-0.023,4.097,0.036,-0.036,5.15,0.14,-0.15,0.65,0.027,-0.028
WASP-184 b,WASP-184,TIC 112099249,1.23,0.07,-0.07,12.771,0.08,-0.08,11.262,0.025,-0.025,0.0627,0.0012,-0.0012,0.0,,
GJ 160.2 b,GJ 160.2,TIC 178351350,0.69,,,9.7,0.03,-0.03,6.702,0.017,-0.017,0.053,0.004,-0.007,0.06,0.2,-0.06
GJ 180 b,GJ 180,TIC 246902275,0.43,,,10.914,0.026,-0.026,6.598,0.021,-0.021,0.092,0.003,-0.003,0.07,0.04,-0.04
TOI-125 d,TOI-125,TIC 52368076,0.859,0.044,-0.038,11.023,0.008,-0.008,8.995,0.021,-0.021,0.137,0.0022,-0.0022,0.168,0.088,-0.062
GJ 422 b,GJ 422,TIC 450545735,0.35,,,11.66,0.1,-0.1,7.035,0.031,-0.031,0.111,0.004,-0.004,0.11,0.04,-0.04
TOI-1753 b,TOI-1753,TIC 289580577,0.9483,0.0343,-0.033,11.831,0.026,-0.026,10.175,0.023,-0.023,0.059,0.001,-0.001,0.0,,
Kepler-130 c,Kepler-130,TIC 121603794,1.0,0.09,-0.1,11.572,0.017,-0.017,10.49,0.02,-0.02,0.178,0.005,-0.005,0.0,0.07,0.0
Kepler-885 b,Kepler-885,TIC 299030528,1.21,0.069,-0.046,12.948,0.069,-0.069,11.535,0.021,-0.021,0.14403,0.00112,-0.00112,0.0,,
TOI-3819 b,TOI-3819,TIC 95660472,1.242,0.057,-0.076,12.542,0.057,-0.057,11.077,0.017,-0.017,0.04611,0.00069,-0.00096,0.0,,
Kepler-302 b,Kepler-302,TIC 270951852,1.021,0.032,-0.035,15.694,0.103,-0.103,13.9,0.055,-0.055,0.193,,,0.0,,
TOI-4551 b,TOI-4551,TIC 204650483,1.31,0.07,-0.18,9.973,0.006,-0.006,7.524,0.026,-0.026,0.0994,0.003,-0.0032,0.101,0.034,-0.033
Kepler-168 b,Kepler-168,TIC 378087276,1.113,0.069,-0.085,14.842,0.126,-0.126,13.206,0.037,-0.037,0.056,,,0.0,,
TOI-4860 b,TOI-4860,TIC 335590096,0.34,0.009,-0.009,16.47,0.2,-0.2,11.175,0.026,-0.026,0.01808,0.00015,-0.00015,0.008,0.013,-0.006
Kepler-286 d,Kepler-286,TIC 290035455,0.83,0.031,-0.029,15.863,0.229,-0.229,14.121,0.071,-0.071,0.061,,,0.0,,
HIP 97233 b,HIP 97233,TIC 251662732,1.81,0.104,-0.104,7.34,0.03,-0.03,5.09,0.027,-0.027,2.491,0.049,-0.051,0.63,0.044,-0.042
Kepler-1439 b,Kepler-1439,TIC 120578712,0.46,0.041,-0.056,17.0484,0.0461,-0.0461,12.744,0.026,-0.026,0.0594,,,0.0,,
KIC 10001893 d,KIC 10001893,TIC 158488181,0.47,0.03,-0.03,15.829,0.15,-0.15,16.612,,,,,,,,
7 CMa c,7 CMa,TIC 48237215,1.34,0.11,-0.12,3.95,0.03,-0.03,1.564,0.252,-0.252,2.153,0.003,-0.08,0.08,0.05,-0.04
HD 97048 b,HD 97048,TIC 454291762,2.4,,,8.44,0.03,-0.03,5.941,0.029,-0.029,130.0,,,,,
TOI-1768.01,TOI-1768,TIC 137906197,1.1,0.15,-0.15,10.419,0.005,-0.005,8.995,0.02,-0.02,0.076381,0.003268,-0.003577,,,
TOI-2084 b,TOI-2084,TIC 441738827,0.453,0.029,-0.027,15.115,0.065,-0.065,11.148,0.02,-0.02,0.05006,0.00103,-0.00103,,,
TOI-2088 b,TOI-2088,TIC 441765914,0.9027,0.0223,-0.0254,11.638,0.034,-0.034,9.521,0.015,-0.015,0.472,0.009,-0.009,0.0,,
Kepler-1753 b,Kepler-1753,TIC 158664331,0.86,0.057,-0.092,15.59,0.103,-0.103,13.521,0.033,-0.033,0.1179,,,0.0,,
TOI-3837 b,TOI-3837,TIC 308073360,0.89,0.05,-0.05,11.673,0.029,-0.029,10.316,0.017,-0.017,0.099,0.006,-0.005,0.221,0.042,-0.046
NGTS-30 b,NGTS-30,TIC 322807371,0.94,0.06,-0.06,12.537,0.214,-0.214,10.501,0.022,-0.022,0.408,0.019,-0.019,0.294,0.014,-0.01
Kepler-244 d,Kepler-244,TIC 158426969,0.933,0.021,-0.026,15.747,0.115,-0.115,13.73,0.047,-0.047,0.14,,,0.0,,
TOI-5218 b,TOI-5218,TIC 259172249,0.739,0.03,-0.03,16.044,0.16,-0.16,12.546,0.025,-0.025,0.0469,0.0006,-0.0006,0.0,,
Kepler-253 b,Kepler-253,TIC 63065911,0.86,0.023,-0.028,15.778,0.115,-0.115,13.534,0.048,-0.048,0.046,,,0.0,,
WASP-82 b,WASP-82,TIC 452808876,1.48,0.37,-0.37,10.073,0.005,-0.005,8.759,0.023,-0.023,0.0447,0.0007,-0.0007,0.0,,
HD 5319 c,HD 5319,TIC 344627954,1.27,,,8.05,0.03,-0.03,5.699,0.02,-0.02,1.93,0.13,-0.13,0.183,0.064,-0.064
EPIC 201841433 b,EPIC 201841433,TIC 380583651,0.802,0.081,-0.163,14.983,0.114,-0.114,12.454,0.03,-0.03,0.035,0.0009,-0.001,,,
EPIC 201497682 b,EPIC 201497682,TIC 301610040,0.78,0.085,-0.17,13.948,0.183,-0.183,11.438,0.026,-0.026,,,,,,
TOI-1775 b,TOI-1775,TIC 9348006,0.9218,0.0143,-0.0154,11.648,0.02,-0.02,9.722,0.013,-0.013,0.08,0.002,-0.002,0.0,,
TOI-4562 b,TOI-4562,TIC 349576261,1.192,0.057,-0.057,12.14,0.217,-0.217,10.619,0.023,-0.023,0.768,0.005,-0.005,0.76,0.02,-0.02
TOI-5573 b,TOI-5573,TIC 459762279,0.619,0.023,-0.023,15.508,0.036,-0.036,11.448,0.022,-0.022,0.0712,0.0008,-0.0008,0.072,0.067,-0.048
Kepler-265 c,Kepler-265,TIC 122445076,0.97,0.029,-0.034,15.47,0.16,-0.16,13.897,0.051,-0.051,0.127,,,0.0,,
TOI-1782.01,TOI-1782,TIC 160045097,0.68,0.08,-0.08,12.329,0.057,-0.057,9.552,0.02,-0.02,0.05024,0.001827,-0.001972,,,
TOI-2120 b,TOI-2120,TIC 389900760,0.211,0.005,-0.005,15.648,0.105,-0.105,10.205,0.023,-0.023,0.0377,0.0013,-0.0013,0.32,0.08,-0.08
Kepler-32 f,Kepler-32,TIC 273590427,0.58,0.05,-0.05,16.36,0.549,-0.549,12.757,0.024,-0.024,0.013,,,0.0,,
TOI-3912 b,TOI-3912,TIC 156648452,1.088,0.086,-0.07,12.507,0.069,-0.069,10.922,0.018,-0.018,0.0463,0.0012,-0.001,0.0,,
TOI-4582 b,TOI-4582,TIC 219854519,1.34,0.06,-0.06,11.27,0.014,-0.014,9.329001,0.02,-0.02,,,,0.51,0.05,-0.05
Kepler-254 c,Kepler-254,TIC 158665380,0.849,0.034,-0.027,16.012,0.218,-0.218,14.254,0.068,-0.068,0.105,,,0.0,,
Kepler-1936 b,Kepler-1936,TIC 159451957,1.419,0.21,-0.256,13.393,0.103,-0.103,12.201,0.019,-0.019,0.52662,0.00522,-0.00522,0.0,,
Kepler-117 b,Kepler-117,TIC 299032847,1.129,0.13,-0.023,14.282,0.126,-0.126,13.011,0.031,-0.031,0.1445,0.0047,-0.0014,0.0493,0.0062,-0.0062
CoRoT-29 b,CoRoT-29,TIC 370736259,0.97,0.14,-0.14,15.408,0.126,-0.126,13.048,0.031,-0.031,0.0386,0.0059,-0.0059,0.082,0.081,-0.081
CoRoT-28 b,CoRoT-28,TIC 106352250,1.01,0.14,-0.14,13.783,0.069,-0.069,11.032,0.025,-0.025,0.0603,0.005,-0.005,0.047,0.055,-0.038
Kepler-309 b,Kepler-309,TIC 273373488,0.816,0.011,-0.023,15.418,0.114,-0.114,12.852,0.028,-0.028,0.059,,,0.0,,
Kepler-119 c,Kepler-119,TIC 271964647,0.918,0.034,-0.034,14.375,0.08,-0.08,12.58,0.021,-0.021,0.049,,,0.0,,
Kepler-46 d,Kepler-46,TIC 158992508,0.883,0.02,-0.025,15.312,0.114,-0.114,13.347,0.028,-0.028,0.067,,,0.0,,
Kepler-207 c,Kepler-207,TIC 159217436,1.313,0.025,-0.028,13.164,0.103,-0.103,11.805,0.016,-0.016,0.044,,,0.0,,
TOI-2498 b,TOI-2498,TIC 263179590,1.12,0.02,-0.02,11.196,0.027,-0.027,9.933,0.023,-0.023,0.0491,0.003,-0.003,0.089,0.075,-0.075
KOI-1599.01,KOI-1599,TIC 170647523,1.02,,,14.795,0.126,-0.126,13.238,0.031,-0.031,0.14728,,,0.014,,
TOI-3976 A b,TOI-3976 A,TIC 154293917,1.254,0.067,-0.072,12.403,0.15,-0.15,11.048,,,0.0743,0.0013,-0.0014,0.0,,
Kepler-121 c,Kepler-121,TIC 120765800,0.859,0.036,-0.036,14.904,0.092,-0.092,12.796,0.023,-0.023,0.216,,,0.0,,
Kepler-181 b,Kepler-181,TIC 27767452,0.81,0.026,-0.03,14.854,0.103,-0.103,12.876,0.03,-0.03,0.04,,,0.0,,
Kepler-758 c,Kepler-758,TIC 137968594,1.16,0.122,-0.082,14.379,0.149,-0.149,13.11,0.035,-0.035,0.05768,0.00071,-0.00071,0.0,,
Kepler-218 d,Kepler-218,TIC 271662623,1.01,0.038,-0.037,14.035,0.114,-0.114,12.311,0.022,-0.022,0.49884,0.00487,-0.00487,0.0,,
Kepler-756 b,Kepler-756,TIC 122597885,0.82,0.055,-0.059,15.986,0.013,-0.013,13.535,0.04,-0.04,0.0219,,,0.0,,
HATS-9 b,HATS-9,TIC 12611594,1.1,0.05,-0.05,13.256,0.126,-0.126,11.479,0.022,-0.022,0.0312,0.0004,-0.0005,0.075,,
Kepler-450 d,Kepler-450,TIC 27534138,1.19,0.197747,-0.142064,11.991,0.029,-0.029,10.429,0.017,-0.017,0.0827,0.00047,-0.00047,0.14,0.24,-0.14
TOI-2525 b,TOI-2525,TIC 149601126,0.849,0.042,-0.042,14.216,0.092,-0.092,11.905,0.024,-0.024,0.1511,0.002,-0.002,0.17,0.011,-0.01
TOI-3984 A b,TOI-3984 A,TIC 20182780,0.49,0.02,-0.02,15.694,0.117,-0.117,11.052,0.02,-0.02,0.041,0.002,-0.001,0.23,,
Kepler-15 b,Kepler-15,TIC 27774415,1.018,0.044,-0.052,13.81,0.137,-0.137,12.216,0.028,-0.028,0.05714,0.00086,-0.00093,0.06,,
alf Tau b,alf Tau,TIC 245873777,1.13,0.11,-0.11,0.872,0.023,-0.023,-3.044,0.14,-0.14,1.46,0.27,-0.27,0.1,0.05,-0.05
HIP 65891 b,HIP 65891,TIC 68418284,2.49,0.239,-0.239,6.75,0.03,-0.03,4.453,0.023,-0.023,2.794,0.093,-0.098,0.128,0.04,-0.036
Gl 49 b,Gl 49,TIC 256419669,0.515,0.019,-0.019,9.56,0.1,-0.1,5.371,0.02,-0.02,0.0905,0.0011,-0.0011,0.363,0.099,-0.096
TOI-2196 b,TOI-2196,TIC 372172128,1.032,0.038,-0.038,12.297,0.028,-0.028,10.346,0.023,-0.023,0.02234,0.0006,-0.0006,0.0,,
TOI-2545 b,TOI-2545,TIC 149845414,1.055,0.139439,-0.114804,9.521,0.004,-0.004,8.06,0.02,-0.02,,,,,,
HD 52265 b,HD 52265,TIC 268565917,1.204,,,6.29351,0.023,-0.023,4.953,0.017,-0.017,0.52,0.009,-0.009,0.27,0.02,-0.02
TOI-1820 b,TOI-1820,TIC 393831507,1.04,0.13,-0.13,10.899,0.011,-0.011,9.508,0.022,-0.022,0.061,0.003,-0.003,0.043,0.008,-0.008
TOI-2158 b,TOI-2158,TIC 342642208,1.12,0.12,-0.12,10.887,0.006,-0.006,9.071,0.018,-0.018,0.075,0.004,-0.004,0.07,,
TOI-2025 b,TOI-2025,TIC 394050135,1.199,0.074,-0.092,11.599,0.021,-0.021,10.01,0.021,-0.021,0.0892,0.0018,-0.0023,0.394,0.035,-0.038
Kepler-85 d,Kepler-85,TIC 159580705,0.947,0.016,-0.017,14.89,0.057,-0.057,13.083,0.023,-0.023,0.13,,,0.0,,
Kepler-598 c,Kepler-598,TIC 137969066,0.9,,,14.829,0.035,-0.035,12.931,0.029,-0.029,0.36672,0.00383,-0.00383,0.0,,
LHS 1678 d,LHS 1678,TIC 77156829,0.345,0.014,-0.014,12.6,0.2,-0.2,8.264,0.029,-0.029,0.04,0.0018,-0.0017,0.036,0.06,-0.027
Kepler-907 b,Kepler-907,TIC 120576846,1.08,0.073,-0.064,11.16,0.015,-0.015,10.282,0.018,-0.018,0.1225,,,0.0,,
TOI-1472 b,TOI-1472,TIC 306955329,0.9154,0.0197,-0.0221,11.302,0.014,-0.014,9.277,0.021,-0.021,0.065,0.001,-0.001,0.0,,
TOI-2570 b,TOI-2570,TIC 239816546,1.063,0.063,-0.065,12.569,0.057,-0.057,10.905,0.02,-0.02,0.04145,0.00081,-0.00086,0.0,0.048,-0.052
TOI-3364 b,TOI-3364,TIC 280655495,1.186,0.059,-0.083,11.875,0.024,-0.024,9.783,0.019,-0.019,0.0675,0.0011,-0.0016,0.0,,
Kepler-273 c,Kepler-273,TIC 159726559,0.756,0.026,-0.017,15.1,0.103,-0.103,13.217,0.027,-0.027,0.073,,,0.0,,
TOI-1260 d,TOI-1260,TIC 355867695,0.679,0.095,-0.057,11.922,0.034,-0.034,8.95,0.022,-0.022,0.1116,0.0033,-0.0033,0.0,,
HATS-50 b,HATS-50,TIC 301031110,1.168,0.042,-0.042,14.045,0.069,-0.069,12.289,0.027,-0.027,0.05046,0.0006,-0.0006,0.516,,
K2-4 b,K2-4,TIC 49462779,0.635026,0.063503,-0.063503,14.855,0.114,-0.114,11.571,0.023,-0.023,0.078,0.003,-0.003,0.08,0.161192,-0.068641
K2-7 b,K2-7,TIC 53210555,1.056,0.098,-0.068,13.453,0.092,-0.092,11.564,0.021,-0.021,0.1867,0.0056,-0.0041,0.24,0.4,-0.17
WASP-74 b,WASP-74,TIC 244089109,0.98,0.24,-0.24,9.75,0.005,-0.005,8.221,0.023,-0.023,0.03443,0.00036,-0.00036,0.0,,
Kepler-133 b,Kepler-133,TIC 28089143,1.02,0.052,-0.052,12.896,0.069,-0.069,11.32,0.016,-0.016,0.083,,,0.0,,
K2-13 b,K2-13,TIC 363479723,0.8,0.04,-0.04,12.882,0.046,-0.046,11.169,0.026,-0.026,0.2114,0.0061,-0.0061,,,
K2-8 b,K2-8,TIC 38114658,0.78,0.04,-0.04,14.801,0.32,-0.32,12.245,0.03,-0.03,0.0856,0.0014,-0.0014,,,
TOI-1855 b,TOI-1855,TIC 81247740,0.987,0.058,-0.045,11.197,0.016,-0.016,9.523,0.016,-0.016,0.02398,0.00046,-0.00037,0.033,0.038,-0.023
Kepler-1987 d,Kepler-1987,TIC 271958892,0.799,0.041,-0.081,15.477,0.389,-0.389,13.154,0.029,-0.029,0.0571,,,0.0,,
Kepler-306 c,Kepler-306,TIC 121660143,0.75,0.024,-0.018,15.575,0.057,-0.057,13.503,0.039,-0.039,0.067,,,0.0,,
Kepler-87 c,Kepler-87,TIC 273592336,1.1,0.05,-0.05,14.681,0.137,-0.137,12.981,0.024,-0.024,0.676,0.037,-0.04,0.039,0.012,-0.012
Kepler-152 c,Kepler-152,TIC 158387462,0.779,0.029,-0.03,14.379,0.103,-0.103,12.301,0.02,-0.02,0.356,,,0.0,,
Kepler-218 b,Kepler-218,TIC 271662623,1.019,0.021,-0.021,14.035,0.114,-0.114,12.311,0.022,-0.022,0.046,,,0.0,,
TOI-1680 b,TOI-1680,TIC 259168516,0.1798,0.0044,-0.0044,15.87,0.2,-0.2,10.821,0.02,-0.02,0.03144,0.00025,-0.00026,,,
TOI-1883 b,TOI-1883,TIC 348755728,0.492,0.021,-0.021,15.792,0.069,-0.069,10.994,0.023,-0.023,0.0468,0.001,-0.0021,,,
TOI-1859 b,TOI-1859,TIC 229742722,1.287,0.061,-0.061,10.33,0.006,-0.006,9.243,0.015,-0.015,0.337,0.044,-0.036,0.57,0.12,-0.16
TOI-2295 b,TOI-2295,TIC 48018596,1.168,0.07,-0.071,9.595,0.004,-0.004,8.111,0.013,-0.013,0.1992,0.0039,-0.0041,0.334,0.012,-0.012
TOI-4127 b,TOI-4127,TIC 141488193,1.23,0.07,-0.07,11.441,0.01,-0.01,10.245,0.016,-0.016,0.3081,0.0055,-0.0058,0.7471,0.0078,-0.0086
Kepler-153 c,Kepler-153,TIC 48188777,0.756,0.027,-0.029,14.388,0.092,-0.092,12.418,0.023,-0.023,0.237,,,0.0,,
Kepler-224 d,Kepler-224,TIC 159642189,0.777,0.02,-0.022,15.801,0.126,-0.126,13.703,0.039,-0.039,0.089,,,0.0,,
Kepler-286 c,Kepler-286,TIC 290035455,0.83,0.031,-0.029,15.863,0.229,-0.229,14.121,0.071,-0.071,0.042,,,0.0,,
Kepler-227 c,Kepler-227,TIC 26539443,0.954,0.035,-0.034,15.623,0.126,-0.126,13.648,0.054,-0.054,0.29,,,0.0,,
TOI-5110 b,TOI-5110,TIC 239977528,1.469,0.089,-0.088,11.06,0.012,-0.012,9.318,0.021,-0.021,0.2157,0.0042,-0.0044,0.745,0.03,-0.027
Kepler-107 d,Kepler-107,TIC 27988327,1.238,0.029,-0.029,12.543,0.057,-0.057,11.06,0.016,-0.016,0.08377,0.00065,-0.00065,0.11,,
HD 110537 b,HD 110537,TIC 51739133,1.02,0.125,-0.125,7.83,0.03,-0.03,6.2,0.017,-0.017,16.714,4.538,-3.907,0.401,0.115,-0.152
Kepler-1763 b,Kepler-1763,TIC 138575125,1.026,0.093,-0.069,13.634,0.08,-0.08,12.134,0.021,-0.021,0.0257,,,0.0,,
Kepler-4 b,Kepler-4,TIC 350814622,1.223,0.053,-0.091,12.285,0.057,-0.057,10.805,0.023,-0.023,0.0456,0.0009,-0.0009,0.0,,
Kepler-27 b,Kepler-27,TIC 137556626,0.65,0.16,-0.16,15.822,0.069,-0.069,14.118,0.065,-0.065,0.118,,,0.0,,
Kepler-1670 b,Kepler-1670,TIC 159375845,1.05,,,15.743,0.149,-0.149,14.019,0.059,-0.059,0.1528,,,0.0,,
HD 74698 b,HD 74698,TIC 308087983,1.039,0.025,-0.025,7.78,0.03,-0.03,6.23,0.027,-0.027,0.121,0.001,-0.001,0.1,0.1,-0.1
Kepler-1773 b,Kepler-1773,TIC 120763491,1.241,0.088,-0.088,13.085,0.092,-0.092,11.692,0.02,-0.02,0.24831,0.00158,-0.00158,0.0,,
2MASS J11550485-7919108 b,2MASS J11550485-7919108,TIC 357014373,0.58846,0.020331,-0.020331,16.957,0.309,-0.309,10.079,0.021,-0.021,587.0,2.0,-2.0,,,
HD 4203 c,HD 4203,TIC 434225151,0.99,0.116237,-0.132736,8.7,0.03,-0.03,7.047,0.029,-0.029,6.95,1.93,-0.56,0.24,0.13,-0.13
Kepler-385 b,Kepler-385,TIC 27082352,0.992,0.034,-0.032,15.76,0.572,-0.572,13.819,0.056,-0.056,0.097,,,0.0,,
Kepler-932 b,Kepler-932,TIC 272715773,0.87,0.057,-0.052,14.308,0.137,-0.137,12.21,0.021,-0.021,0.02876,0.00033,-0.00033,0.0,,
Kepler-20 b,Kepler-20,TIC 158554588,0.929,0.053,-0.053,12.61,0.069,-0.069,10.871,0.013,-0.013,0.04565,0.00089,-0.00089,0.083,,
Kepler-1050 b,Kepler-1050,TIC 48216453,1.09,0.082,-0.067,13.198,0.092,-0.092,11.717,0.019,-0.019,0.12353,0.00105,-0.00105,0.0,,
WASP-99 b,WASP-99,TIC 166836920,1.21,0.28,-0.28,9.475,0.003,-0.003,8.088,0.024,-0.024,0.0717,0.0016,-0.0016,0.0,,
WASP-97 b,WASP-97,TIC 230982885,1.18,0.24,-0.24,10.57,0.006,-0.006,9.03,0.029,-0.029,0.03303,0.00056,-0.00056,0.0,,
HD 136118 b,HD 136118,TIC 38991680,1.18,0.159,-0.159,6.9456,0.023,-0.023,5.599,0.02,-0.02,2.327,0.1,-0.11,0.344,0.014,-0.014
Kepler-342 c,Kepler-342,TIC 63293562,1.213,0.031,-0.018,13.2,0.08,-0.08,11.957,0.021,-0.021,0.185,,,0.0,,
Kepler-313 b,Kepler-313,TIC 28448998,1.114,0.064,-0.043,14.304,0.137,-0.137,12.517,0.032,-0.032,0.125,,,0.0,,
2MASS J11011926-7732383 b,2MASS J11011926-7732383,TIC 454227159,,,,,,,11.632,0.026,-0.026,266.0,8.0,-8.0,,,
Kepler-348 b,Kepler-348,TIC 169180792,1.189,0.049,-0.019,12.676,0.069,-0.069,11.377,0.021,-0.021,0.076,,,0.0,,
Kepler-385 d,Kepler-385,TIC 27082352,1.05,,,15.76,0.572,-0.572,13.819,0.056,-0.056,0.2872,0.00321,-0.00321,0.0,,
Kepler-1012 b,Kepler-1012,TIC 158986490,0.95,0.033,-0.035,13.486,0.114,-0.114,11.664,0.016,-0.016,0.06066,0.00042,-0.00042,0.0,,
CoRoT-16 b,CoRoT-16,TIC 218299481,1.098,0.082,-0.078,16.052,0.217,-0.217,12.847,0.037,-0.037,0.0618,0.0015,-0.0015,0.33,0.09,-0.1
HD 166724 b,HD 166724,TIC 87989721,0.81,0.02,-0.02,9.33,0.03,-0.03,7.246,0.024,-0.024,5.42,0.43,-0.43,0.734,0.02,-0.02
HD 180314 b,HD 180314,TIC 392658786,2.6,0.3,-0.3,6.61519,0.023,-0.023,4.312,0.02,-0.02,1.448,0.0,0.0,0.247,0.009,-0.009
CoRoT-26 b,CoRoT-26,TIC 322388624,1.09,0.06,-0.06,15.861,0.195,-0.195,13.261,0.034,-0.034,0.0526,0.001,-0.001,0.0,,
HAT-P-45 b,HAT-P-45,TIC 167227214,1.259,0.058,-0.058,12.783,0.08,-0.08,10.201,0.023,-0.023,0.0452,0.0007,-0.0007,0.049,0.063,-0.063
GU Psc b,GU Psc,TIC 408263079,0.325,0.025,-0.025,14.146,0.099,-0.099,9.345,0.015,-0.015,2000.0,200.0,-200.0,,,
HD 97037 b,HD 97037,TIC 143046056,1.06,0.129,-0.129,6.81828,0.023,-0.023,5.271,0.018,-0.018,6.925,0.283,-0.318,0.357,0.027,-0.03
TOI-1136 g,TOI-1136,TIC 142276270,1.022,0.027,-0.027,9.534,0.003,-0.003,8.034,0.021,-0.021,0.229,0.003,-0.003,0.04,0.01,-0.01
Kepler-68 e,Kepler-68,TIC 417676622,1.057,0.022,-0.02,10.077,0.004,-0.004,8.588,0.022,-0.022,4.6,0.32,-0.16,0.33,0.11,-0.11
GJ 806 b,GJ 806,TIC 239332587,0.413,0.011,-0.011,10.79,0.1,-0.1,6.533,0.016,-0.016,0.01406,0.0003,-0.0003,,,
TOI-2458 c,TOI-2458,TIC 449197831,1.05,0.03,-0.03,9.202,0.003,-0.003,7.891,0.023,-0.023,0.129,0.002,-0.002,0.29,0.16,-0.16
Kepler-1057 b,Kepler-1057,TIC 169463893,1.07,0.153,-0.106,15.825,0.309,-0.309,13.924,0.043,-0.043,0.1138,,,0.0,,
HD 27631 b,HD 27631,TIC 7652514,0.944,0.032,-0.032,8.26,0.03,-0.03,6.646,0.021,-0.021,3.242,0.07,-0.068,0.141,0.062,-0.065
HIP 5158 c,HIP 5158,TIC 268634769,0.78,0.123522,-0.073427,10.16,0.03,-0.03,7.669,0.02,-0.02,7.7,1.88,-1.88,0.14,0.1,-0.1
HU Aqr AB c,HU Aqr,TIC 364173220,0.88,,,16.183,0.334,-0.334,13.634,0.044,-0.044,5.4,0.9,-0.9,0.51,0.15,-0.15
HD 220689 b,HD 220689,TIC 9156146,1.016,0.048,-0.048,7.74,0.03,-0.03,6.326,0.031,-0.031,3.396,0.084,-0.081,0.054,0.061,-0.038
bet UMi b,bet UMi,TIC 229540730,1.4,0.2,-0.2,2.0569,0.023,-0.023,-1.287,0.204,-0.204,1.4,0.1,-0.1,0.19,0.02,-0.02
Kepler-24 d,Kepler-24,TIC 122376177,1.046,0.035,-0.034,15.04,0.08,-0.08,13.372,0.037,-0.037,0.051,,,0.0,,
XO-2 S b,XO-2 S,TIC 356473029,0.98,0.2,-0.2,11.196,0.012,-0.012,9.272,0.021,-0.021,0.13,0.0,0.0,0.18,0.04,-0.04
mu Leo b,mu Leo,TIC 82204610,1.5,0.1,-0.1,3.86648,0.023,-0.023,1.364,0.224,-0.224,1.1,0.1,-0.1,0.09,0.06,-0.06
GJ 680 b,GJ 680,TIC 325624908,0.456,0.046,-0.046,10.129,0.077,-0.077,5.829,0.021,-0.021,10.138,1.836,-1.696,0.381,0.095,-0.145
HD 22946 d,HD 22946,TIC 100990000,1.098,0.04,-0.039,8.270001,0.03,-0.03,6.981,0.029,-0.029,0.2958,0.0044,-0.0042,,,
2MASS J0249-0557 c,2MASS J0249-0557 A,TIC 10930507,0.046,0.012,-0.011,18.3,0.2,-0.2,11.055,0.021,-0.021,1950.0,200.0,-200.0,,,
TOI-771 c,TOI-771,TIC 277634430,0.22,0.03,-0.035,14.888,0.08,-0.08,9.664,0.021,-0.021,0.046,0.002,-0.002,0.065,0.062,-0.045
SR 12 AB c,SR 12 AB,TIC 175629526,,,,13.355,1.133,-1.133,8.408,0.036,-0.036,,,,,,
HATS-1 b,HATS-1,TIC 219698950,0.986,0.054,-0.054,12.155,0.08,-0.08,10.58,0.023,-0.023,0.0444,0.0008,-0.0008,0.12,0.092,-0.092
NN Ser d,NN Ser,TIC 172608008,0.535,,,16.943,0.09,-0.09,16.168,0.286,-0.286,3.43,0.14,-0.14,0.19,0.05,-0.05
HD 155918 b,HD 155918,TIC 311649327,1.03,0.132,-0.132,7.0,0.03,-0.03,5.459,0.02,-0.02,0.03,0.001,-0.001,0.194,0.197,-0.129
TOI-1288 c,TOI-1288,TIC 365733349,0.9552,0.0319,-0.0304,10.445,0.007,-0.007,8.779,0.021,-0.021,1.07,0.03,-0.03,0.0,,
TOI-815 c,TOI-815,TIC 102840239,0.776,0.036,-0.036,10.217,0.005,-0.005,7.999,0.029,-0.029,0.193,0.004,-0.004,0.22,,
HD 110067 d,HD 110067,TIC 347332255,0.798,0.042,-0.042,8.419,0.002,-0.002,6.492,0.018,-0.018,0.1362,0.0017,-0.0017,,,
Kepler-1520 b,Kepler-1520,TIC 417679385,0.76,0.029,-0.035,16.002,0.469,-0.469,13.319,0.035,-0.035,0.0129,,,0.0,,
Kepler-322 c,Kepler-322,TIC 123313142,0.908,0.013,-0.018,13.687,0.103,-0.103,11.837,0.016,-0.016,0.051,,,0.0,,
Kepler-139 d,Kepler-139,TIC 123450224,1.078,0.0255,-0.0255,12.775,0.092,-0.092,11.167,0.016,-0.016,0.0755533961,,,0.0,,
HD 115404 A c,HD 115404 A,TIC 373765355,0.83,0.102,-0.102,6.50066,0.023,-0.023,4.381,0.036,-0.036,11.364,3.301,-1.905,0.211,0.173,-0.102
HD 110067 e,HD 110067,TIC 347332255,0.798,0.042,-0.042,8.419,0.002,-0.002,6.492,0.018,-0.018,0.1785,0.0022,-0.0022,,,
HD 284149 AB b,HD 284149 A,TIC 15817487,1.13,0.226407,-0.137486,9.57,0.03,-0.03,8.1,0.029,-0.029,431.16,2.93,-2.93,,,
Kepler-199 b,Kepler-199,TIC 184090767,0.96,0.019,-0.024,13.796,0.069,-0.069,12.083,0.02,-0.02,0.158,,,0.0,,
HD 77338 b,HD 77338,TIC 37533318,1.37,0.32,-0.32,8.63,0.03,-0.03,6.761,0.016,-0.016,0.06,0.0,0.0,0.09,0.22,-0.22
HAT-P-41 b,HAT-P-41,TIC 398895470,2.56,1.9,-1.9,11.365,0.02,-0.02,9.728,0.029,-0.029,0.04258,0.00047,-0.00048,0.0,,
HD 219415 b,HD 219415,TIC 323819453,1.0,0.1,-0.1,8.909,0.003,-0.003,6.421,0.02,-0.02,3.2,,,0.4,0.09,-0.09
HD 16905 b,HD 16905,TIC 358070171,0.85,0.04,-0.04,9.44,0.03,-0.03,7.086,0.018,-0.018,8.8,0.4,-0.3,0.68,0.02,-0.01
HD 18143 c,HD 18143,TIC 436933294,0.85,0.103,-0.103,7.518,0.091,-0.091,5.427,0.018,-0.018,17.53,6.587,-3.447,0.194,0.021,-0.097
TOI-2000 c,TOI-2000,TIC 371188886,1.082,0.059,-0.05,10.984,0.012,-0.012,9.303001,0.021,-0.021,0.0878,0.0016,-0.0014,0.063,0.023,-0.022
TOI-4527.01,TOI-4527,TIC 380887434,0.483901,,,10.917,0.015,-0.015,7.02,0.018,-0.018,0.008332353,,,,,
omi CrB b,omi CrB,TIC 357502856,1.3,0.95,-0.36,5.5052,0.023,-0.023,2.934,0.322,-0.322,0.699,0.0,0.0,0.105,0.036,-0.079
HD 102888 b,HD 102888,TIC 397394991,2.42,0.06,-0.06,6.48,0.03,-0.03,4.269,0.036,-0.036,1.05,0.001,-0.001,0.11,0.03,-0.03
Kepler-1784 b,Kepler-1784,TIC 273690421,0.887,0.101,-0.074,15.423,0.137,-0.137,13.244,0.029,-0.029,0.1072,,,0.0,,
Kepler-1056 b,Kepler-1056,TIC 268935452,1.12,0.197,-0.115,14.772,0.172,-0.172,12.827,0.019,-0.019,0.1629,,,0.0,,
Kepler-493 b,Kepler-493,TIC 139104940,1.36,0.159,-0.143,15.268,0.137,-0.137,13.727,0.049,-0.049,0.0439,,,0.0,,
HD 40307 g,HD 40307,TIC 374859347,0.77,0.05,-0.05,7.17,0.03,-0.03,4.793,0.016,-0.016,0.6,0.034,-0.033,0.29,0.31,-0.29
Kepler-350 b,Kepler-350,TIC 120498491,1.19,0.117,-0.075,13.965,0.103,-0.103,12.393,0.025,-0.025,0.104,,,0.0,,
HAT-P-38 b,HAT-P-38,TIC 285272237,0.886,0.044,-0.044,12.525,0.103,-0.103,10.501,0.017,-0.017,0.0523,0.0009,-0.0009,0.067,0.047,-0.047
HD 204313 e,HD 204313,TIC 99734092,1.03,0.132,-0.132,7.99,0.03,-0.03,6.459,0.018,-0.018,7.457,0.399,-0.427,0.253,0.071,-0.065
HIP 948 b,HIP 948,TIC 120523708,0.71,0.08,-0.08,9.92,0.03,-0.03,7.188,0.021,-0.021,15.037,3.315,-4.464,0.23,0.161,-0.11
Kepler-319 d,Kepler-319,TIC 121786630,0.933,0.012,-0.016,13.926,0.114,-0.114,12.208,0.02,-0.02,0.191,,,0.0,,
Kepler-11 f,Kepler-11,TIC 169175503,0.961,0.025,-0.025,13.817,0.092,-0.092,12.18,0.02,-0.02,0.25,0.002,-0.002,0.013,0.011,-0.009
Kepler-411 b,Kepler-411,TIC 399954349,0.87,0.039,-0.039,12.448,0.069,-0.069,10.062,0.023,-0.023,0.0375,0.0008,-0.0008,0.146,0.005,-0.004
TIC 241249530 b,TIC 241249530,TIC 241249530,1.271,0.061,-0.068,11.908,0.029,-0.029,10.192,0.021,-0.021,0.641,0.01,-0.012,0.9412,0.0009,-0.0009
KOBE-1 c,KOBE-1,TIC 16917838,0.629,0.017,-0.017,10.1,0.03,-0.03,6.656,0.018,-0.018,0.16071,0.00099,-0.00099,0.0,,
Kepler-51 b,Kepler-51,TIC 27846348,1.04,0.12,-0.12,14.885,0.126,-0.126,13.197,0.037,-0.037,0.2514,0.0097,-0.0097,0.04,0.01,-0.01
BD-06 1339 c,BD-06 1339,TIC 66914642,0.7,,,9.7,0.03,-0.03,6.305,0.018,-0.018,0.435,0.007,-0.007,0.31,0.11,-0.11
HD 184010 c,HD 184010,TIC 113329742,1.35,0.19,-0.21,5.88639,0.023,-0.023,3.98,0.306,-0.306,1.334,0.013,-0.005,0.0,,
Kepler-52 c,Kepler-52,TIC 399825554,0.54,,,15.513,0.217,-0.217,12.36,0.027,-0.027,0.10379,0.00444,-0.00444,0.012,0.018,-0.009
TIC 434398831 c,TIC 434398831,TIC 434398831,0.992,0.014,-0.018,11.682,0.027,-0.027,10.138,0.017,-0.017,0.06572,0.00024,-0.00024,0.013,0.025,-0.01
Kepler-1674 b,Kepler-1674,TIC 271256817,0.96,,,15.697,0.103,-0.103,13.806,0.047,-0.047,0.3017,,,0.0,,
GJ 163 b,GJ 163,TIC 219221189,0.4,0.02,-0.02,11.79,0.1,-0.1,7.135,0.021,-0.021,0.0607,1e-05,-1e-05,0.073,0.05,-0.05
KELT-3 b,KELT-3,TIC 67666096,1.96,0.5,-0.5,9.816,0.004,-0.004,8.662,0.019,-0.019,0.04123,0.00066,-0.00066,0.0,,
TIC 279401253 b,TIC 279401253,TIC 279401253,1.13,0.02,-0.03,11.938,0.037,-0.037,10.345,0.019,-0.019,0.369,0.003,-0.003,0.448,0.029,-0.028
NGTS-33 b,NGTS-33,TIC 97921547,1.6,0.11,-0.11,11.604,0.016,-0.016,10.408,0.021,-0.021,0.048,0.002,-0.002,0.0,,
Kepler-732 c,Kepler-732,TIC 164555597,0.49,0.025,-0.034,16.53,0.2,-0.2,11.721,0.018,-0.018,0.0143,,,0.0,,
Kepler-333 b,Kepler-333,TIC 137556197,0.601,0.015,-0.015,15.052,0.08,-0.08,12.118,0.025,-0.025,0.087,,,0.0,,
Kepler-1051 b,Kepler-1051,TIC 138968338,1.43,0.221,-0.159,13.212,0.057,-0.057,12.01,0.025,-0.025,0.18395,0.00111,-0.00111,0.0,,
HD 25912 c,HD 25912,TIC 237356930,1.08,0.13,-0.13,8.2,0.03,-0.03,6.71,0.026,-0.026,17.848,1.147,-1.484,0.051,0.048,-0.025
HD 169142 b,HD 169142,TIC 51077087,1.85,,,8.156,0.002,-0.002,6.41,0.024,-0.024,37.2,1.5,-1.5,,,
Kepler-919 b,Kepler-919,TIC 28361491,1.15,0.153,-0.087,14.806,0.137,-0.137,13.306,0.043,-0.043,0.0981,,,0.0,,
Kepler-107 c,Kepler-107,TIC 27988327,1.238,0.029,-0.029,12.543,0.057,-0.057,11.06,0.016,-0.016,0.06064,0.00048,-0.00048,0.08,,
GJ 504 b,GJ 504,TIC 397587084,1.22,0.08,-0.08,5.18799,0.023,-0.023,4.033,0.238,-0.238,43.5,,,,,
Kepler-78 b,Kepler-78,TIC 270701667,0.779,0.032,-0.046,11.717,0.034,-0.034,9.586,0.015,-0.015,0.00901,0.00012,-0.00019,0.0,,
HD 203030 b,HD 203030,TIC 25559430,0.94,0.129811,-0.121731,8.45,0.03,-0.03,6.653,0.023,-0.023,487.1,1.8,-1.8,,,
GJ 667 C g,GJ 667 C,TIC 154385809,0.33,0.02,-0.02,10.602,0.023,-0.023,6.036,0.02,-0.02,0.549,0.052,-0.058,0.08,0.41,-0.08
HD 29985 b,HD 29985,TIC 170867837,0.75,0.085,-0.085,9.98,0.03,-0.03,6.972,0.024,-0.024,13.39,2.071,-3.68,0.261,0.144,-0.169
Kepler-1762 b,Kepler-1762,TIC 122447896,1.298,0.163,-0.2,15.239,0.149,-0.149,13.874,0.048,-0.048,0.204,,,0.0,,
WASP-84 c,WASP-84,TIC 350293646,0.853,0.038,-0.038,10.825,0.011,-0.011,8.855,0.023,-0.023,0.02359,0.001,-0.001,,,
Kepler-109 c,Kepler-109,TIC 122441003,1.094,0.086,-0.078,12.398,0.057,-0.057,11.001,0.017,-0.017,0.1546,0.0042,-0.0042,0.098,,
Kepler-1671 b,Kepler-1671,TIC 137337090,0.866,0.129148,-0.088845,13.439,0.092,-0.092,11.512,0.02,-0.02,0.04946,0.0004,-0.0004,0.0,,
TOI-4562 c,TOI-4562,TIC 349576261,1.192,0.057,-0.057,12.14,0.217,-0.217,10.619,0.023,-0.023,5.219,0.002,-0.002,0.122,0.027,-0.026
Kepler-351 c,Kepler-351,TIC 158218178,0.81,0.047,-0.063,16.229,0.035,-0.035,14.097,0.063,-0.063,0.287,,,0.0,,
Kepler-1016 b,Kepler-1016,TIC 271164596,0.99,0.079,-0.069,15.531,0.092,-0.092,13.728,0.047,-0.047,0.03044,0.00033,-0.00033,0.0,,
HATS-3 b,HATS-3,TIC 336732616,1.209,0.036,-0.036,12.433,0.034,-0.034,10.694,0.021,-0.021,0.0485,0.0004,-0.0006,0.0,,
HATS-2 b,HATS-2,TIC 413376180,0.904,0.052,-0.052,13.565,0.092,-0.092,11.386,0.023,-0.023,0.02317,0.00044,-0.00044,0.0,,
HD 457 b,HD 457,TIC 120506209,1.15,0.152,-0.152,7.72,0.03,-0.03,6.338,0.021,-0.021,15.369,5.561,-3.797,0.565,0.195,-0.245
WASP-149 b,WASP-149,TIC 19342878,1.05,0.06,-0.06,11.687,0.026,-0.026,9.825,0.021,-0.021,0.024,0.001,-0.001,0.0,,
Barnard c,Barnard's star,TIC 325554331,0.162,0.007,-0.007,9.54,0.1,-0.1,4.524,0.02,-0.02,0.0274,0.0004,-0.0004,0.08,0.06,-0.05
Kepler-986 b,Kepler-986,TIC 275494853,0.96,0.038,-0.036,13.69,0.08,-0.08,12.107,0.025,-0.025,0.29131,0.00246,-0.00246,0.0,,
Kepler-981 b,Kepler-981,TIC 158984916,0.98,0.045,-0.052,14.875,0.16,-0.16,13.169,0.027,-0.027,0.0535,,,0.0,,
WASP-148 b,WASP-148,TIC 115524421,0.954,0.03,-0.052,12.036,0.05,-0.05,10.506,0.017,-0.017,0.08215,0.00086,-0.0015,0.208,0.02,-0.025
WASP-65 b,WASP-65,TIC 444013020,0.93,0.14,-0.14,11.869,0.046,-0.046,10.346,0.021,-0.021,0.0334,0.0016,-0.0017,0.0,,
HD 13908 b,HD 13908,TIC 12906712,1.29,0.04,-0.04,7.52,0.03,-0.03,6.21,0.021,-0.021,0.154,0.0025,-0.0025,0.02,0.018,-0.018
HIP 91258 b,HIP 91258,TIC 383675945,0.97,0.28,-0.28,8.65,0.03,-0.03,6.893,0.021,-0.021,0.06,0.0,0.0,0.02,0.01,-0.01
Kepler-923 b,Kepler-923,TIC 138574253,1.11,0.071,-0.044,14.124,0.114,-0.114,12.665,0.026,-0.026,0.07592,0.0006,-0.0006,0.0,,
BD-210397 c,BD-210397,TIC 268804174,0.69,0.01,-0.01,9.84,0.03,-0.03,6.504,0.018,-0.018,5.9,0.1,-0.1,0.43,0.05,-0.05
IRAS 04125+2902 b,IRAS 04125+2902,TIC 56658270,0.7,0.04,-0.04,15.642,0.206,-0.206,9.376,0.028,-0.028,0.077,0.0069,-0.01,,,
MOA-2022-BLG-091L b,MOA-2022-BLG-091L,,0.75,0.42,-0.35,,,,,,,3.44,1.92,-1.6,,,
Kepler-963 c,Kepler-963,TIC 272605867,0.821,0.12,-0.065,15.091,0.126,-0.126,13.158,0.035,-0.035,,,,,,
Kepler-352 c,Kepler-352,TIC 269271535,0.798,0.01,-0.02,13.142,0.114,-0.114,11.132,0.022,-0.022,0.118,,,0.0,,
Kepler-969 b,Kepler-969,TIC 158785055,0.92,0.016,-0.016,13.865,0.149,-0.149,11.897,0.016,-0.016,0.19726,0.00097,-0.00097,0.0,,
HD 154857 c,HD 154857,TIC 173552927,1.718,0.03,-0.022,7.24,0.03,-0.03,5.509,0.018,-0.018,5.36,0.09,-0.09,0.06,0.05,-0.05
Kepler-177 c,Kepler-177,TIC 158172348,0.921,0.025,-0.023,15.171,0.149,-0.149,13.421,0.04,-0.04,0.25655,0.00218,-0.00218,0.0,,
HD 122562 c,HD 122562,TIC 233435627,1.241,0.071,-0.071,7.659,0.024,-0.024,5.51,0.017,-0.017,0.406,0.008,-0.008,0.228,0.139,-0.113
HD 62549 b,HD 62549,TIC 68061731,1.08,0.134,-0.134,7.72,0.03,-0.03,6.258,0.018,-0.018,11.842,2.146,-1.979,0.15,0.13,-0.099
NGTS-23 b,NGTS-23,TIC 77287067,1.01,0.06,-0.07,14.126,0.16,-0.16,12.73,0.036,-0.036,0.0504,0.012,-0.012,0.0,,
Kepler-517 b,Kepler-517,TIC 138297129,0.95,0.043,-0.043,12.372,0.034,-0.034,10.631,0.018,-0.018,0.28682,0.00162,-0.00162,0.0,,
Kepler-212 b,Kepler-212,TIC 158551888,1.166,0.037,-0.037,13.129,0.08,-0.08,11.62,0.011,-0.011,0.133,,,0.0,,
Kepler-381 b,Kepler-381,TIC 164884235,1.144,0.032,-0.033,10.47,0.006,-0.006,9.504,0.014,-0.014,0.066,,,0.0,,
Kepler-313 c,Kepler-313,TIC 28448998,1.114,0.064,-0.043,14.304,0.137,-0.137,12.517,0.032,-0.032,0.208,,,0.0,,
Kepler-341 b,Kepler-341,TIC 159179987,0.976,0.03,-0.029,14.739,0.137,-0.137,12.994,0.026,-0.026,0.06,,,0.0,,
Kepler-1809 b,Kepler-1809,TIC 122300177,0.807,0.028,-0.056,14.271,0.15,-0.15,12.16,,,0.04444,0.0003,-0.0003,0.0,,
Kepler-189 b,Kepler-189,TIC 158494327,0.803,0.018,-0.032,14.971,0.183,-0.183,12.921,0.024,-0.024,0.088,,,0.0,,
Kepler-213 c,Kepler-213,TIC 159521326,1.07,0.029,-0.028,13.705,0.126,-0.126,12.122,0.017,-0.017,0.057,,,0.0,,
Kepler-1340 b,Kepler-1340,TIC 272183546,1.27,0.201,-0.137,15.003,0.137,-0.137,13.24,0.028,-0.028,0.01523,0.00011,-0.00011,0.0,,
Kepler-142 c,Kepler-142,TIC 27394293,0.978,0.035,-0.031,13.277,0.08,-0.08,11.762,0.021,-0.021,0.057,,,0.0,,
Kepler-352 b,Kepler-352,TIC 269271535,0.798,0.01,-0.02,13.142,0.114,-0.114,11.132,0.022,-0.022,0.085,,,0.0,,
Kepler-351 b,Kepler-351,TIC 158218178,0.81,0.047,-0.063,16.229,0.035,-0.035,14.097,0.063,-0.063,0.214,,,0.0,,
Kepler-1889 b,Kepler-1889,TIC 169178161,0.864,0.097,-0.088,15.715,0.217,-0.217,13.731,0.05,-0.05,0.2082,,,0.0,,
Kepler-365 b,Kepler-365,TIC 27530849,1.02,0.057,-0.056,14.771,0.08,-0.08,13.145,0.036,-0.036,0.098,,,0.0,,
Kepler-1991 b,Kepler-1991,TIC 164831457,0.914,0.061,-0.042,15.048,0.16,-0.16,13.067,0.034,-0.034,0.1065,,,0.0,,
Kepler-387 b,Kepler-387,TIC 158559417,0.85,0.019,-0.013,14.129,0.149,-0.149,12.536,0.022,-0.022,0.068,,,0.0,,
Kepler-1664 b,Kepler-1664,TIC 399860388,0.944,0.074,-0.056,13.621,0.149,-0.149,12.054,0.026,-0.026,0.1137,,,0.0,,
Kepler-384 c,Kepler-384,TIC 158114249,0.882,0.015,-0.014,13.734,0.08,-0.08,12.038,0.018,-0.018,0.236,,,0.0,,
Kepler-317 c,Kepler-317,TIC 138890353,0.865,0.064,-0.032,15.665,0.183,-0.183,13.668,0.047,-0.047,0.083,,,0.0,,
Kepler-233 c,Kepler-233,TIC 27843776,0.855,0.024,-0.024,15.477,0.069,-0.069,13.453,0.039,-0.039,0.287,,,0.0,,
Kepler-1151 b,Kepler-1151,TIC 63204022,0.88,0.046,-0.059,15.005,0.08,-0.08,13.126,0.04,-0.04,0.3197,,,0.0,,
Kepler-288 b,Kepler-288,TIC 121785939,0.842,0.022,-0.015,15.283,0.252,-0.252,13.587,0.042,-0.042,0.065,,,0.0,,
Kepler-299 d,Kepler-299,TIC 48304460,1.004,0.032,-0.035,15.232,0.298,-0.298,13.436,0.044,-0.044,0.118,,,0.0,,
Kepler-1187 b,Kepler-1187,TIC 121021644,1.06,0.091,-0.069,14.73,0.115,-0.115,13.151,0.034,-0.034,0.1401,,,0.0,,
Kepler-1841 b,Kepler-1841,TIC 121329580,0.823,0.064,-0.032,14.855,0.206,-0.206,12.745,0.025,-0.025,0.1606,,,0.0,,
Kepler-389 b,Kepler-389,TIC 63074796,0.765,0.018,-0.02,15.769,0.218,-0.218,13.896,0.062,-0.062,0.041,,,0.0,,
Kepler-155 c,Kepler-155,TIC 298969755,0.635,0.016,-0.016,14.654,0.183,-0.183,11.805,0.03,-0.03,0.242,,,0.0,,
Kepler-1875 b,Kepler-1875,TIC 27912377,0.95,0.095,-0.116,15.201,0.115,-0.115,13.425,0.04,-0.04,0.2039,,,0.0,,
Kepler-355 c,Kepler-355,TIC 279915745,0.933,0.029,-0.027,15.242,0.092,-0.092,13.673,0.043,-0.043,0.179,,,0.0,,
Kepler-380 b,Kepler-380,TIC 48132154,0.99,0.028,-0.028,13.74,0.114,-0.114,12.289,0.024,-0.024,0.05,,,0.0,,
Kepler-1195 b,Kepler-1195,TIC 120252007,0.74,0.051,-0.058,16.003,0.343,-0.343,13.712,0.042,-0.042,0.0726,,,0.0,,
Kepler-81 c,Kepler-81,TIC 270611154,0.64,0.38,-0.23,15.258,0.092,-0.092,12.392,0.021,-0.021,0.08347,0.00353,-0.00353,0.0,,
Kepler-250 d,Kepler-250,TIC 159098652,0.806,0.02,-0.029,15.819,0.035,-0.035,13.483,0.037,-0.037,0.127,,,0.0,,
Kepler-393 c,Kepler-393,TIC 159580535,1.256,0.023,-0.021,13.258,0.103,-0.103,11.995,0.017,-0.017,0.124,,,0.0,,
Kepler-321 b,Kepler-321,TIC 271046140,1.024,0.028,-0.031,12.918,0.092,-0.092,11.249,0.016,-0.016,0.057,,,0.0,,
Kepler-186 c,Kepler-186,TIC 268159861,0.478,0.055,-0.055,15.138,0.08,-0.08,11.605,0.018,-0.018,0.0451,0.007,-0.007,0.0,,
Kepler-1183 b,Kepler-1183,TIC 137550938,1.0,0.062,-0.068,15.968,0.412,-0.412,14.006,0.063,-0.063,0.1793,,,0.0,,
Kepler-1067 c,Kepler-1067,TIC 351910733,0.981,0.048,-0.066,14.395,0.08,-0.08,12.656,0.033,-0.033,0.06069,0.00031,-0.00031,0.0,,
Kepler-381 c,Kepler-381,TIC 164884235,1.144,0.032,-0.033,10.47,0.006,-0.006,9.504,0.014,-0.014,0.117,,,0.0,,
Kepler-137 c,Kepler-137,TIC 123415819,0.85,0.032,-0.026,13.063,0.103,-0.103,11.165,0.011,-0.011,0.13,,,0.0,,
Kepler-161 b,Kepler-161,TIC 159444082,0.853,0.009,-0.011,14.406,0.206,-0.206,12.246,0.018,-0.018,0.054,,,0.0,,
Kepler-445 c,Kepler-445,TIC 268060194,0.18,0.04,-0.04,18.19,0.2,-0.2,12.61,0.028,-0.028,0.0301,,,0.0,,
Kepler-33 d,Kepler-33,TIC 158935283,1.291,0.063,-0.121,14.099,0.08,-0.08,12.591,0.022,-0.022,0.1662,0.0035,-0.0035,0.0,,
Kepler-733 b,Kepler-733,TIC 240179452,0.9,0.042,-0.046,15.561,0.126,-0.126,13.648,0.044,-0.044,0.1483,,,0.0,,
Kepler-219 b,Kepler-219,TIC 158838045,1.164,0.035,-0.033,13.823,0.103,-0.103,12.389,0.02,-0.02,0.057,,,0.0,,
Kepler-357 c,Kepler-357,TIC 159649595,0.794,0.012,-0.021,15.735,0.229,-0.229,13.408,0.032,-0.032,0.12,,,0.0,,
Kepler-678 b,Kepler-678,TIC 27533282,0.94,0.043,-0.047,15.161,0.115,-0.115,13.26,0.034,-0.034,0.0732,,,0.0,,
Kepler-1023 b,Kepler-1023,TIC 299154193,0.93,0.042,-0.045,14.7121,0.0459,-0.0459,12.762,0.03,-0.03,0.30284,0.00321,-0.00321,0.0,,
Kepler-368 b,Kepler-368,TIC 63066763,1.165,0.022,-0.018,12.946,0.069,-0.069,11.175,0.018,-0.018,0.186,,,0.0,,
Kepler-417 c,Kepler-417,TIC 270705374,0.9,,,15.864,1.03,-1.03,13.922,0.058,-0.058,0.1194,,,0.0,,
Kepler-98 b,Kepler-98,TIC 120629799,0.99,0.06,-0.06,12.996,0.08,-0.08,11.253,0.017,-0.017,0.02614,0.00019,-0.00019,0.0,,
Kepler-1844 b,Kepler-1844,TIC 137817056,0.939,0.098,-0.12,15.995,0.309,-0.309,14.062,0.063,-0.063,0.0478,,,0.0,,
Kepler-1883 b,Kepler-1883,TIC 63121790,1.086,0.141,-0.155,15.642,0.138,-0.138,14.097,0.073,-0.073,0.4438,,,0.0,,
Kepler-252 b,Kepler-252,TIC 271769940,0.61,0.015,-0.015,15.406,0.069,-0.069,12.466,0.018,-0.018,0.058,,,0.0,,
Kepler-298 d,Kepler-298,TIC 48217868,0.66,0.015,-0.015,15.617,0.126,-0.126,13.075,0.031,-0.031,0.305,,,0.0,,
Kepler-325 d,Kepler-325,TIC 267671250,0.914,0.014,-0.016,15.175,0.092,-0.092,13.351,0.035,-0.035,0.22,,,0.0,,
Kepler-142 d,Kepler-142,TIC 27394293,0.978,0.035,-0.031,13.277,0.08,-0.08,11.762,0.021,-0.021,0.242,,,0.0,,
K2-37 b,K2-37,TIC 68504570,0.84,0.03,-0.03,12.573,0.046,-0.046,10.142,0.021,-0.021,0.05105,0.00076,-0.00076,,,
HD 224018 b,HD 224018,TIC 248608315,1.013,0.069,-0.061,9.715,0.005,-0.005,8.145001,0.027,-0.027,0.0952,0.002,-0.002,0.06,0.07,-0.04
Kepler-1864 b,Kepler-1864,TIC 394172692,1.03,0.063,-0.076,12.123,0.08,-0.08,10.666,0.018,-0.018,0.049,0.00039,-0.00039,0.0,,
Kepler-401 b,Kepler-401,TIC 267746315,1.173,0.068,-0.048,13.366,0.08,-0.08,11.987,0.021,-0.021,0.122,,,0.0,,
Kepler-195 b,Kepler-195,TIC 298837729,0.867,0.017,-0.027,14.863,0.114,-0.114,12.959,0.029,-0.029,0.077,,,0.0,,
Kepler-660 b,Kepler-660,TIC 158662352,0.75,0.035,-0.049,15.559,0.172,-0.172,13.033,0.023,-0.023,0.0759,,,0.0,,
Kepler-260 c,Kepler-260,TIC 137348863,1.013,0.021,-0.018,14.253,0.069,-0.069,12.494,0.026,-0.026,0.332,,,0.0,,
Kepler-417 b,Kepler-417,TIC 270705374,0.9,,,15.864,1.03,-1.03,13.922,0.058,-0.058,0.1006,,,0.0,,
Kepler-299 b,Kepler-299,TIC 48304460,1.004,0.032,-0.035,15.232,0.298,-0.298,13.436,0.044,-0.044,0.04,,,0.0,,
Kepler-370 c,Kepler-370,TIC 137411225,0.982,0.037,-0.035,15.467,0.024,-0.024,13.55,0.048,-0.048,0.14,,,0.0,,
Kepler-1813 b,Kepler-1813,TIC 424864367,0.812,0.046,-0.046,15.639,0.103,-0.103,13.643,0.051,-0.051,0.0364,,,0.0,,
Kepler-144 c,Kepler-144,TIC 123409401,1.154,0.019,-0.019,12.195,0.027,-0.027,10.792,0.011,-0.011,0.094,,,0.0,,
Kepler-1691 b,Kepler-1691,TIC 120819731,1.11,,,14.893,0.183,-0.183,13.464,0.036,-0.036,0.0495,,,0.0,,
Kepler-1693 b,Kepler-1693,TIC 406948151,0.95,,,14.857,0.092,-0.092,13.101,0.026,-0.026,0.1011,,,0.0,,
Kepler-264 c,Kepler-264,TIC 137347078,1.426,0.023,-0.029,13.15,0.114,-0.114,11.591,0.02,-0.02,0.566,,,0.0,,
Kepler-363 c,Kepler-363,TIC 258349590,1.226,0.031,-0.075,13.472,0.046,-0.046,11.697,0.021,-0.021,0.079,,,0.0,,
Kepler-416 d,Kepler-416,TIC 137217372,0.949,0.067,-0.055,14.166,0.092,-0.092,12.51,0.027,-0.027,0.0407,,,0.0,,
Kepler-769 c,Kepler-769,TIC 137815803,1.19,0.172,-0.106,14.984,0.046,-0.046,13.392,0.04,-0.04,0.1297,,,0.0,,
Kepler-1220 b,Kepler-1220,TIC 272944301,1.0,0.116,-0.084,15.194,0.092,-0.092,13.208,0.033,-0.033,0.0734,,,0.0,,
Kepler-402 c,Kepler-402,TIC 158725491,1.072,0.036,-0.029,13.27,0.092,-0.092,11.993,0.018,-0.018,0.068,,,0.0,,
Kepler-1877 b,Kepler-1877,TIC 271355270,1.022,0.043,-0.074,12.29,0.046,-0.046,10.642,0.018,-0.018,0.03472,0.00045,-0.00045,0.0,,
Kepler-237 b,Kepler-237,TIC 258348597,0.696,0.017,-0.017,15.689,0.08,-0.08,13.172,0.036,-0.036,0.05,,,0.0,,
Kepler-364 b,Kepler-364,TIC 123358019,1.076,0.03,-0.03,13.754,0.103,-0.103,12.388,0.018,-0.018,0.178,,,0.0,,
Kepler-329 b,Kepler-329,TIC 268713285,0.602,0.014,-0.014,15.886,0.057,-0.057,12.693,0.02,-0.02,0.061,,,0.0,,
Kepler-282 b,Kepler-282,TIC 164779321,0.86,0.017,-0.013,15.444,0.263,-0.263,13.65,0.046,-0.046,0.082,,,0.0,,
Kepler-270 c,Kepler-270,TIC 123417308,1.17,0.036,-0.033,13.9,0.114,-0.114,12.627,0.019,-0.019,0.18,,,0.0,,
Kepler-784 c,Kepler-784,TIC 272078218,1.016,0.093,-0.084,13.392,0.092,-0.092,11.617,0.014,-0.014,0.1309,,,0.0,,
Kepler-1047 b,Kepler-1047,TIC 299029323,1.08,0.046,-0.042,13.46,0.126,-0.126,11.803,0.026,-0.026,0.29871,0.00545,-0.00545,0.0,,
Kepler-1136 b,Kepler-1136,TIC 164671623,0.72,0.029,-0.043,16.037,0.115,-0.115,13.174,0.038,-0.038,0.0299,,,0.0,,
Kepler-145 b,Kepler-145,TIC 159721091,1.32,0.1,-0.1,11.977,0.034,-0.034,10.628,0.016,-0.016,0.17308,0.00276,-0.00276,0.43,0.18,-0.25
Kepler-1353 b,Kepler-1353,TIC 271960006,0.76,0.042,-0.046,15.734,0.103,-0.103,13.141,0.028,-0.028,0.153,,,0.0,,
Kepler-306 d,Kepler-306,TIC 121660143,0.75,0.024,-0.018,15.575,0.057,-0.057,13.503,0.039,-0.039,0.12,,,0.0,,
Kepler-295 d,Kepler-295,TIC 164890864,0.89,0.037,-0.044,14.631,0.137,-0.137,12.717,0.028,-0.028,0.192,,,0.0,,
Kepler-286 e,Kepler-286,TIC 290035455,0.83,0.031,-0.029,15.863,0.229,-0.229,14.121,0.071,-0.071,0.176,,,0.0,,
Kepler-372 c,Kepler-372,TIC 350810559,1.202,0.0082,-0.0082,14.928,0.149,-0.149,13.559,0.039,-0.039,0.154,,,0.0,,
Kepler-1165 c,Kepler-1165,TIC 158326744,1.13,0.159,-0.159,14.521,0.114,-0.114,13.07,0.029,-0.029,0.1969,,,0.0,,
Kepler-1851 b,Kepler-1851,TIC 352013607,0.967,0.118,-0.129,15.699,0.206,-0.206,13.962,0.052,-0.052,0.1016,,,0.0,,
Kepler-266 c,Kepler-266,TIC 271046092,0.947,0.067,-0.044,15.787,0.366,-0.366,13.811,0.05,-0.05,0.457,,,0.0,,
Kepler-331 d,Kepler-331,TIC 351063265,0.653,0.014,-0.014,16.199,0.149,-0.149,13.343,0.035,-0.035,0.159,,,0.0,,
Kepler-124 d,Kepler-124,TIC 399860218,0.706,0.01,-0.006,14.4,0.126,-0.126,12.233,0.026,-0.026,0.17,,,0.0,,
Kepler-1138 b,Kepler-1138,TIC 405685914,0.95,0.04,-0.04,15.885,0.355,-0.355,13.754,0.045,-0.045,0.0415,,,0.0,,
Kepler-82 c,Kepler-82,TIC 63372898,0.91,0.03,-0.03,15.131,0.492,-0.492,13.518,0.048,-0.048,0.2626,0.0032,-0.0032,0.007,0.0016,-0.0018
Kepler-436 c,Kepler-436,TIC 185408817,0.75,0.045,-0.042,15.971,0.115,-0.115,13.333,0.036,-0.036,0.11452,0.00107,-0.00107,0.0,,
Kepler-137 b,Kepler-137,TIC 123415819,0.85,0.032,-0.026,13.063,0.103,-0.103,11.165,0.011,-0.011,0.077,,,0.0,,
Kepler-1329 b,Kepler-1329,TIC 47977416,0.72,0.02,-0.024,15.958,1.133,-1.133,13.435,0.044,-0.044,0.0747,,,0.0,,
Kepler-529 b,Kepler-529,TIC 158108219,1.07,0.056,-0.057,13.779,0.149,-0.149,12.418,0.018,-0.018,0.0309,,,0.0,,
Kepler-369 b,Kepler-369,TIC 26961231,0.5,0.025,-0.028,16.429,0.286,-0.286,12.395,0.024,-0.024,0.03,,,0.0,,
Kepler-84 f,Kepler-84,TIC 170646917,1.06,0.057,-0.06,14.92,0.092,-0.092,13.193,0.026,-0.026,0.25,,,0.0,,
Kepler-221 c,Kepler-221,TIC 272601375,0.854,0.012,-0.016,13.97,0.149,-0.149,11.9,0.019,-0.019,0.059,,,0.0,,
Kepler-399 c,Kepler-399,TIC 172373693,0.902,0.065,-0.033,14.686,0.16,-0.16,12.698,0.025,-0.025,0.155,,,0.0,,
Kepler-400 c,Kepler-400,TIC 122707140,1.08,0.04,-0.037,13.762,0.16,-0.16,12.296,0.023,-0.023,0.134,,,0.0,,
Kepler-362 c,Kepler-362,TIC 63069779,0.904,0.021,-0.016,14.608,0.16,-0.16,12.784,0.031,-0.031,0.207,,,0.0,,
Kepler-1226 b,Kepler-1226,TIC 27845000,1.02,0.079,-0.073,14.324,0.103,-0.103,12.645,0.024,-0.024,0.13945,0.00126,-0.00126,0.0,,
Kepler-1852 b,Kepler-1852,TIC 121465404,0.927,0.046,-0.093,15.726,0.149,-0.149,13.427,0.035,-0.035,0.0762,,,0.0,,
Kepler-1867 b,Kepler-1867,TIC 271348323,0.911,0.09,-0.1,13.549,0.057,-0.057,11.897,0.019,-0.019,0.0872,,,0.0,,
Kepler-1333 b,Kepler-1333,TIC 138219367,0.94,0.058,-0.061,15.421,0.103,-0.103,13.406,0.042,-0.042,0.4382,,,0.0,,
Kepler-275 d,Kepler-275,TIC 137634395,1.189,0.036,-0.037,15.289,0.115,-0.115,13.957,0.057,-0.057,0.224,,,0.0,,
Kepler-160 c,Kepler-160,TIC 158555483,1.003,0.036,-0.034,14.816,0.16,-0.16,13.052,0.026,-0.026,0.1192,0.004,-0.008,0.0,,
Kepler-833 b,Kepler-833,TIC 159397031,0.64,0.028,-0.026,15.755,0.114,-0.114,12.885,0.023,-0.023,0.1139,,,0.0,,
Kepler-402 d,Kepler-402,TIC 158725491,1.072,0.036,-0.029,13.27,0.092,-0.092,11.993,0.018,-0.018,0.087,,,0.0,,
Kepler-540 b,Kepler-540,TIC 159452015,1.02,0.055,-0.054,12.293,0.057,-0.057,10.81,0.014,-0.014,0.58822,0.00553,-0.00553,0.0,,
Kepler-1836 b,Kepler-1836,TIC 137556026,1.053,0.14,-0.14,15.558,0.24,-0.24,14.032,0.067,-0.067,0.0602,,,0.0,,
Kepler-1684 b,Kepler-1684,TIC 270789362,0.75,,,15.951,0.149,-0.149,13.434,0.036,-0.036,0.2253,,,0.0,,
Kepler-1854 b,Kepler-1854,TIC 120825566,0.8,0.038,-0.048,14.381,0.126,-0.126,12.146,0.024,-0.024,0.20894,0.00088,-0.00088,0.0,,
Kepler-1857 b,Kepler-1857,TIC 184556217,0.873,0.108,-0.081,14.36,0.126,-0.126,12.593,0.024,-0.024,0.08308,0.00082,-0.00082,0.0,,
Kepler-182 b,Kepler-182,TIC 267672183,1.114,0.033,-0.035,14.942,0.126,-0.126,13.518,0.038,-0.038,0.096,,,0.0,,
Kepler-172 d,Kepler-172,TIC 237157751,1.081,0.027,-0.034,14.703,0.08,-0.08,12.793,0.036,-0.036,0.118,,,0.0,,
Kepler-226 d,Kepler-226,TIC 63204017,0.904,0.029,-0.03,15.563,0.172,-0.172,13.633,0.053,-0.053,0.076,,,0.0,,
Kepler-345 b,Kepler-345,TIC 271546191,0.61,0.014,-0.014,14.344,0.08,-0.08,11.551,0.017,-0.017,0.066,,,0.0,,
Kepler-374 b,Kepler-374,TIC 270863576,1.033,0.033,-0.029,14.701,0.035,-0.035,13.136,0.032,-0.032,0.029,,,0.0,,
Kepler-310 b,Kepler-310,TIC 158840828,0.854,0.034,-0.032,14.376,0.057,-0.057,12.626,0.02,-0.02,0.111,,,0.0,,
Kepler-338 d,Kepler-338,TIC 258203303,1.105,0.026,-0.021,12.19,0.028,-0.028,10.756,0.021,-0.021,0.257,,,0.03,0.22,-0.03
Kepler-1786 b,Kepler-1786,TIC 137687477,1.058,0.105,-0.073,14.088,0.115,-0.115,12.627,0.04,-0.04,0.35722,0.00364,-0.00364,0.0,,
Kepler-490 b,Kepler-490,TIC 271424111,1.08,0.105,-0.075,14.843,0.092,-0.092,13.469,0.037,-0.037,0.0453,,,0.0,,
Kepler-1793 b,Kepler-1793,TIC 351070059,0.85,0.068,-0.093,15.949,0.092,-0.092,13.877,0.057,-0.057,0.0787,,,0.0,,
Kepler-230 b,Kepler-230,TIC 377782363,0.784,0.032,-0.028,15.264,0.126,-0.126,13.299,0.037,-0.037,0.191,,,0.0,,
Kepler-151 c,Kepler-151,TIC 137410997,0.87,0.043,-0.05,14.957,0.229,-0.229,12.864,0.03,-0.03,0.16,,,0.0,,
Kepler-1236 b,Kepler-1236,TIC 271758949,0.86,0.051,-0.052,16.145,0.149,-0.149,14.018,0.054,-0.054,0.1803,,,0.0,,
Kepler-1998 b,Kepler-1998,TIC 164525250,0.962,0.054,-0.068,12.74,0.08,-0.08,11.076,0.016,-0.016,0.0405,,,0.0,,
Kepler-185 b,Kepler-185,TIC 123490444,0.763,0.024,-0.029,14.562,0.126,-0.126,12.515,0.013,-0.013,0.026,,,0.0,,
Kepler-1689 b,Kepler-1689,TIC 137218786,1.023,0.084746,-0.169567,12.227,0.08,-0.08,10.706,0.019,-0.019,0.0784,0.00092,-0.00092,0.0,,
Kepler-1879 b,Kepler-1879,TIC 121944984,1.023,0.098,-0.08,12.825,0.092,-0.092,11.444,0.018,-0.018,0.0957,0.00085,-0.00085,0.0,,
Kepler-1050 c,Kepler-1050,TIC 48216453,1.09,0.082,-0.067,13.198,0.092,-0.092,11.717,0.019,-0.019,0.15264,0.00132,-0.00132,0.0,,
Kepler-1887 b,Kepler-1887,TIC 158844032,0.961,0.092,-0.127,15.955,0.081,-0.081,14.298,0.069,-0.069,0.1421,,,0.0,,
Kepler-12 b,Kepler-12,TIC 405717754,1.166,0.051,-0.054,13.468,0.217,-0.217,12.066,0.023,-0.023,0.0553,0.001,-0.0012,0.0,,
Kepler-169 d,Kepler-169,TIC 120689253,0.825,0.007,-0.013,14.424,0.137,-0.137,12.186,0.021,-0.021,0.075,,,0.0,,
Kepler-441 b,Kepler-441,TIC 267667567,0.572,0.049,-0.053,15.567,0.16,-0.16,12.288,0.024,-0.024,0.64,0.32,-0.13,0.1,0.11,-0.1
Kepler-1619 b,Kepler-1619,TIC 279913760,1.0,0.061,-0.074,13.438,0.149,-0.149,11.858,0.024,-0.024,0.15413,0.00075,-0.00075,0.0,,
Kepler-1656 b,Kepler-1656,TIC 120255950,1.03,0.04,-0.04,11.64,0.017,-0.017,9.64,0.017,-0.017,0.1974,0.0026,-0.0026,0.838,0.045,-0.029
Kepler-172 e,Kepler-172,TIC 237157751,1.081,0.027,-0.034,14.703,0.08,-0.08,12.793,0.036,-0.036,0.211,,,0.0,,
Kepler-1988 b,Kepler-1988,TIC 268160366,1.127,0.189,-0.172,12.128,0.057,-0.057,10.521,0.025,-0.025,0.1038,,,0.0,,
Kepler-1442 b,Kepler-1442,TIC 350811132,1.34,0.054,-0.051,12.114,0.057,-0.057,10.967,0.021,-0.021,0.40814,0.00223,-0.00223,0.0,,
Kepler-1620 b,Kepler-1620,TIC 273045068,1.15,0.159,-0.102,13.69,0.103,-0.103,12.198,0.02,-0.02,0.4322,,,0.0,,
Kepler-1894 c,Kepler-1894,TIC 27531854,0.999,0.114,-0.125,15.452,0.092,-0.092,13.648,0.052,-0.052,0.0576,,,0.0,,
TOI-1117 c,TOI-1117,TIC 295541511,0.97,0.02,-0.02,11.016,0.023,-0.023,9.385,0.022,-0.022,0.0534,0.0003,-0.0003,0.0,,
Luhman 16 b,Luhman 16 A,TIC 119862115,0.0338,0.0002,-0.0002,,,,8.841,0.021,-0.021,3.52,0.43,-0.4,0.344,0.05,-0.09
Kepler-215 e,Kepler-215,TIC 271352188,0.788,0.018,-0.012,13.678,0.126,-0.126,11.996,0.019,-0.019,0.314,,,0.0,,
Kepler-1443 b,Kepler-1443,TIC 164525743,1.19,0.046,-0.046,12.313,0.08,-0.08,11.021,0.018,-0.018,0.03783,0.00038,-0.00038,0.0,,
Kepler-1419 b,Kepler-1419,TIC 137548281,1.01,0.063,-0.067,15.96,0.229,-0.229,14.081,0.067,-0.067,0.2391,,,0.0,,
Kepler-156 c,Kepler-156,TIC 122374620,0.864,0.025,-0.027,14.339,0.114,-0.114,12.155,0.023,-0.023,0.117,,,0.0,,
Kepler-62 c,Kepler-62,TIC 164458488,0.69,0.02,-0.02,13.965,0.092,-0.092,11.659,0.021,-0.021,0.0929,0.0009,-0.0009,0.0,,
Kepler-62 f,Kepler-62,TIC 164458488,0.69,0.02,-0.02,13.965,0.092,-0.092,11.659,0.021,-0.021,0.718,0.007,-0.007,0.0,,
Kepler-154 c,Kepler-154,TIC 416282268,0.933,0.032,-0.03,14.646,0.092,-0.092,12.986,0.029,-0.029,0.303,,,0.0,,
Kepler-220 d,Kepler-220,TIC 159759306,0.729,0.0185,-0.0185,13.049,0.092,-0.092,10.55,0.014,-0.014,0.163,,,0.0,,
Kepler-1543 b,Kepler-1543,TIC 272843289,1.39,0.231,-0.14,13.495,0.092,-0.092,12.291,0.021,-0.021,0.0867,,,0.0,,
Kepler-1986 b,Kepler-1986,TIC 240184288,0.776,0.089,-0.065,15.661,0.195,-0.195,13.908,0.057,-0.057,0.1307,,,0.0,,
Kepler-1898 b,Kepler-1898,TIC 121124617,0.837,0.13,-0.07,13.387,0.092,-0.092,11.532,0.021,-0.021,0.05063,0.00017,-0.00017,0.0,,
Kepler-1902 b,Kepler-1902,TIC 63370825,0.52,0.037,-0.03,16.113,0.126,-0.126,12.677,0.028,-0.028,0.0385,,,0.0,,
Kepler-431 d,Kepler-431,TIC 123231081,1.071,0.059,-0.037,12.139,0.028,-0.028,10.649,0.011,-0.011,0.1045,,,0.0,,
Kepler-371 c,Kepler-371,TIC 137550286,0.876,0.018,-0.013,13.997,0.206,-0.206,12.344,0.025,-0.025,0.313,,,0.0,,
Kepler-372 d,Kepler-372,TIC 350810559,1.202,0.0082,-0.0082,14.928,0.149,-0.149,13.559,0.039,-0.039,0.201,,,0.0,,
Kepler-974 b,Kepler-974,TIC 120418600,0.52,0.02,-0.021,15.295,0.058,-0.058,11.056,0.017,-0.017,0.0419,,,0.0,,
Kepler-1427 b,Kepler-1427,TIC 271665352,1.01,0.065,-0.066,15.601,0.16,-0.16,13.711,0.043,-0.043,0.0197,,,0.0,,
Kepler-431 c,Kepler-431,TIC 123231081,1.071,0.059,-0.037,12.139,0.028,-0.028,10.649,0.011,-0.011,0.0847,,,0.0,,
Kepler-1546 b,Kepler-1546,TIC 169466684,0.95,0.107,-0.073,15.596,0.16,-0.16,13.511,0.034,-0.034,0.1366,,,0.0,,
Kepler-379 b,Kepler-379,TIC 184167421,1.125,0.027,-0.031,13.475,0.069,-0.069,12.005,0.018,-0.018,0.152,,,0.0,,
Kepler-1942 b,Kepler-1942,TIC 271350547,0.852,0.095,-0.086,14.91,0.114,-0.114,13.035,0.028,-0.028,0.0516,,,0.0,,
Kepler-1181 c,Kepler-1181,TIC 394176812,1.336,0.2,-0.2,13.549,0.114,-0.114,12.363,0.022,-0.022,0.0928,,,0.0,,
Kepler-1814 c,Kepler-1814,TIC 399821831,0.79,0.073,-0.054,15.814,0.332,-0.332,13.393,0.043,-0.043,0.0133,,,0.0,,
Kepler-1430 b,Kepler-1430,TIC 159105397,0.77,0.035,-0.048,15.567,0.172,-0.172,12.932,0.023,-0.023,0.0304,,,0.0,,
Kepler-1945 b,Kepler-1945,TIC 123408849,0.767,0.087,-0.06,13.586,0.057,-0.057,11.366,0.011,-0.011,0.0597,,,0.0,,
Kepler-1567 b,Kepler-1567,TIC 121013472,0.95,0.055,-0.062,15.92,0.217,-0.217,13.992,0.053,-0.053,0.552,,,0.0,,
Kepler-1577 b,Kepler-1577,TIC 240177285,0.78,0.035,-0.04,15.228,0.183,-0.183,12.862,0.031,-0.031,0.0657,,,0.0,,
Kepler-430 c,Kepler-430,TIC 26748113,1.166,0.134,-0.095,13.908,0.16,-0.16,12.391,0.03,-0.03,0.4757,,,0.0,,
Kepler-468 b,Kepler-468,TIC 299087490,0.96,0.023,-0.025,13.852,0.126,-0.126,12.029,0.022,-0.022,0.2213,,,0.0,,
Kepler-575 b,Kepler-575,TIC 121022533,0.97,0.055,-0.057,14.864,0.114,-0.114,13.078,0.032,-0.032,0.0788,,,0.0,,
Kepler-556 b,Kepler-556,TIC 122449752,1.0,0.033,-0.035,14.316,0.069,-0.069,12.668,0.023,-0.023,0.09833,0.00125,-0.00125,0.0,,
Kepler-1584 b,Kepler-1584,TIC 158556108,1.1,0.089,-0.075,15.105,0.08,-0.08,13.524,0.037,-0.037,0.1168,,,0.0,,
Kepler-1859 c,Kepler-1859,TIC 270790094,1.09,0.07,-0.078,15.178,0.126,-0.126,13.714,0.048,-0.048,0.0473,,,0.0,,
Kepler-392 c,Kepler-392,TIC 158796434,0.874,0.024,-0.023,13.528,0.092,-0.092,12.121,0.016,-0.016,0.093,,,0.0,,
Kepler-1953 b,Kepler-1953,TIC 158625687,0.786,0.054,-0.081,15.936,0.24,-0.24,13.163,0.029,-0.029,0.0607,,,0.0,,
Kepler-1951 b,Kepler-1951,TIC 122446866,0.923,0.065,-0.038,14.367,0.172,-0.172,12.389,0.024,-0.024,0.1435,,,0.0,,
Kepler-134 c,Kepler-134,TIC 48448369,0.956,0.0225,-0.0225,12.318,0.057,-0.057,10.951,0.019,-0.019,0.092,,,0.0,,
Kepler-446 c,Kepler-446,TIC 123417850,0.22,0.05,-0.05,17.5041,0.0472,-0.0472,12.827,0.024,-0.024,0.0283,,,0.0,,
Kepler-1955 b,Kepler-1955,TIC 172372582,1.049,0.098,-0.071,12.609,0.069,-0.069,11.08,0.02,-0.02,0.11959,0.00114,-0.00114,0.0,,
Kepler-1702 b,Kepler-1702,TIC 164830907,0.85,,,16.231,0.206,-0.206,13.959,0.066,-0.066,0.1275,,,0.0,,
Kepler-524 c,Kepler-524,TIC 27914389,1.09,0.035,-0.042,14.082,0.114,-0.114,12.384,0.024,-0.024,0.03046,0.00023,-0.00023,0.0,,
Kepler-1602 b,Kepler-1602,TIC 138299395,1.22,0.205,-0.108,13.362,0.114,-0.114,12.06,0.021,-0.021,0.09744,0.00105,-0.00105,0.0,,
Kepler-183 c,Kepler-183,TIC 138214374,0.99,0.036,-0.035,14.993,0.024,-0.024,13.308,0.039,-0.039,0.103,,,0.0,,
Kepler-444 c,Kepler-444,TIC 394172596,0.758,0.043,-0.043,8.87,0.03,-0.03,6.703,0.02,-0.02,0.04881,0.00093,-0.00093,0.31,0.12,-0.15
Kepler-1609 b,Kepler-1609,TIC 122302031,1.18,0.161,-0.087,15.159,0.137,-0.137,13.508,0.039,-0.039,0.4679,,,0.0,,
Kepler-150 b,Kepler-150,TIC 121598758,0.956,0.018,-0.021,15.161,0.252,-0.252,13.367,0.032,-0.032,0.044,,,0.0,,
Kepler-624 b,Kepler-624,TIC 138972811,1.1,0.054,-0.056,13.637,0.126,-0.126,12.205,0.021,-0.021,0.11638,0.0011,-0.0011,0.0,,
Kepler-158 b,Kepler-158,TIC 120103325,0.655,0.015,-0.015,14.743,0.126,-0.126,12.057,0.021,-0.021,0.111,,,0.0,,
Kepler-1653 b,Kepler-1653,TIC 184561612,0.719,0.035,-0.029,15.864,0.172,-0.172,13.211,0.029,-0.029,0.4706,0.0098,-0.0041,0.0,,
Kepler-1468 d,Kepler-1468,TIC 138219758,1.072,0.112,-0.084,15.111,0.217,-0.217,13.458,0.042,-0.042,0.1456,,,0.0,,
Kepler-1514 b,Kepler-1514,TIC 137685450,1.196,0.065,-0.063,11.766,0.022,-0.022,10.688,0.018,-0.018,0.753,0.013,-0.014,0.401,0.013,-0.014
Kepler-212 c,Kepler-212,TIC 158551888,1.166,0.037,-0.037,13.129,0.08,-0.08,11.62,0.011,-0.011,0.207,,,0.0,,
Kepler-120 b,Kepler-120,TIC 121458707,0.654,0.014,-0.014,14.995,0.012,-0.012,12.307,0.024,-0.024,0.055,,,0.0,,
Kepler-715 b,Kepler-715,TIC 164552984,1.04,0.06,-0.059,15.204,0.137,-0.137,13.592,0.046,-0.046,0.0933,,,0.0,,
Kepler-434 b,Kepler-434,TIC 270611401,1.198,0.093,-0.093,14.49,0.092,-0.092,13.039,0.03,-0.03,0.1143,0.003,-0.003,0.131,0.072,-0.072
EPIC 206317286 c,EPIC 206317286,TIC 250956593,0.832,0.253,-0.367,14.005,0.08,-0.08,11.635,0.025,-0.025,,,,,,
Kepler-1976 b,Kepler-1976,TIC 26584326,0.976,0.073,-0.055,15.445,0.32,-0.32,13.805,0.06,-0.06,0.0565,,,0.0,,
K2-72 b,K2-72,TIC 38337202,0.271365,0.079196,-0.090624,15.37,0.126,-0.126,10.962,0.021,-0.021,0.04,0.004,-0.005,0.11,0.196982,-0.087659
OGLE-2012-BLG-0358L b,OGLE-2012-BLG-0358L,,0.022,0.002,-0.002,,,,,,,0.87,0.03,-0.03,,,
WASP-16 b,WASP-16,TIC 46096489,1.78,0.54,-0.54,11.288,0.033,-0.033,9.589,0.023,-0.023,0.0415,0.00077,-0.00077,0.0,,
Kepler-1916 b,Kepler-1916,TIC 26751240,1.18,0.158,-0.173,15.779,0.252,-0.252,14.365,0.094,-0.094,0.2053,,,0.0,,
Kepler-1516 b,Kepler-1516,TIC 159763612,1.04,0.074,-0.064,14.65,0.08,-0.08,12.815,0.021,-0.021,0.0718,,,0.0,,
Kepler-202 b,Kepler-202,TIC 258202719,0.683,0.018,-0.018,14.178,0.114,-0.114,11.639,0.023,-0.023,0.045,,,0.0,,
Kepler-1047 c,Kepler-1047,TIC 299029323,1.08,0.046,-0.042,13.46,0.126,-0.126,11.803,0.026,-0.026,0.04413,0.0008,-0.0008,0.0,,
Kepler-395 b,Kepler-395,TIC 270520765,0.622827,0.021315,-0.021315,16.5919,0.046,-0.046,12.948,0.03,-0.03,0.061,,,0.0,,
Kepler-1638 b,Kepler-1638,TIC 27529656,0.97,0.049,-0.059,14.769,0.206,-0.206,13.138,0.035,-0.035,0.745,0.021,-0.02,0.0,,
Kepler-718 b,Kepler-718,TIC 268924036,1.18,0.234,-0.139,15.399,0.092,-0.092,13.604,0.033,-0.033,0.0322,,,0.0,,
K2-72 d,K2-72,TIC 38337202,0.271365,0.079196,-0.090624,15.37,0.126,-0.126,10.962,0.021,-0.021,0.05,0.004,-0.006,0.11,0.207832,-0.09233
K2-37 d,K2-37,TIC 68504570,0.84,0.03,-0.03,12.573,0.046,-0.046,10.142,0.021,-0.021,0.1102,0.0016,-0.0016,,,
OGLE-2013-BLG-0341L B b,OGLE-2013-BLG-0341L B,,0.1127,0.0089,-0.0089,,,,,,,0.702,0.022,-0.022,,,
OGLE-2005-BLG-071L b,OGLE-2005-BLG-071L,,0.46,0.04,-0.04,,,,,,,3.6,0.2,-0.2,,,
Kepler-1471 c,Kepler-1471,TIC 416282121,0.934,0.063,-0.045,15.421,0.149,-0.149,13.604,0.039,-0.039,0.0981,,,0.0,,
KIC 5437945 b,KIC 5437945,TIC 121603086,1.07,0.17,-0.17,13.834,0.114,-0.114,12.367,0.027,-0.027,1.19671,0.0094,-0.0094,0.0,,
Kepler-170 b,Kepler-170,TIC 120253745,1.066,0.016,-0.028,14.344,0.103,-0.103,12.677,0.024,-0.024,0.08,,,0.0,,
Kepler-1928 b,Kepler-1928,TIC 122450696,1.01,0.03,-0.03,12.679,0.069,-0.069,11.107,0.019,-0.019,0.194,0.032,-0.039,0.43,0.18,-0.14
Kepler-1929 b,Kepler-1929,TIC 269029175,1.006,0.098,-0.08,11.788,0.022,-0.022,10.453,0.02,-0.02,0.30883,0.0019,-0.0019,0.0,,
Kepler-1639 b,Kepler-1639,TIC 48217852,1.12,0.113,-0.077,14.593,0.16,-0.16,13.211,0.036,-0.036,0.0932,,,0.0,,
Kepler-187 c,Kepler-187,TIC 269264648,1.081,0.063,-0.03,14.297,0.08,-0.08,12.566,0.023,-0.023,0.099,,,0.0,,
Kepler-175 b,Kepler-175,TIC 159099116,0.969,0.029,-0.029,15.225,0.137,-0.137,13.496,0.035,-0.035,0.105,,,0.0,,
K2-81 b,K2-81,TIC 59040029,0.745273,0.074527,-0.074527,14.314,0.103,-0.103,11.316,0.019,-0.019,0.059,0.002,-0.002,0.06,0.144406,-0.051854
K2-174 b,K2-174,TIC 243014114,0.7,0.025,-0.023,12.456,0.069,-0.069,9.496,0.017,-0.017,0.126,0.001,-0.001,,,
K2-84 c,K2-84,TIC 434133930,0.95,0.07,-0.07,13.386,0.103,-0.103,11.059,0.02,-0.02,0.1768,0.0043,-0.0043,,,
K2-80 b,K2-80,TIC 242961495,0.9,0.08,-0.08,12.694,0.092,-0.092,10.313,0.017,-0.017,0.135,0.004,-0.004,,,
OGLE-2006-BLG-109L b,OGLE-2006-BLG-109L,,0.51,0.05,-0.04,,,,,,,2.3,0.5,-0.5,,,
HD 69830 c,HD 69830,TIC 307624961,0.86,0.03,-0.03,5.96004,0.023,-0.023,4.165,0.036,-0.036,0.186,,,0.13,0.06,-0.06
HD 70573 b,HD 70573,TIC 455235218,1.0,0.1,-0.1,8.667,0.002,-0.002,7.191,0.024,-0.024,1.76,0.05,-0.05,0.4,0.1,-0.1
HD 68988 b,HD 68988,TIC 73312938,1.28,0.09,-0.09,8.2,0.03,-0.03,6.743,0.024,-0.024,0.07,0.0,0.0,0.12,0.01,-0.01
Kepler-1930 b,Kepler-1930,TIC 169560572,0.844,0.058,-0.065,13.447,0.114,-0.114,11.289,0.018,-0.018,0.10233,0.00039,-0.00039,0.0,,
Kepler-1533 b,Kepler-1533,TIC 271970605,1.31,0.216,-0.15,13.289,0.057,-0.057,11.926,0.018,-0.018,0.93416,0.01565,-0.01565,0.0,,
Kepler-172 b,Kepler-172,TIC 237157751,1.081,0.027,-0.034,14.703,0.08,-0.08,12.793,0.036,-0.036,0.04,,,0.0,,
Kepler-1530 d,Kepler-1530,TIC 298892283,1.015,0.122,-0.111,14.15,0.149,-0.149,12.3,0.025,-0.025,0.08276,0.00042,-0.00042,0.0,,
Kepler-189 c,Kepler-189,TIC 158494327,0.803,0.018,-0.032,14.971,0.183,-0.183,12.921,0.024,-0.024,0.137,,,0.0,,
K2-90 c,K2-90,TIC 14111411,0.704613,0.070461,-0.070461,13.707,0.103,-0.103,10.36,0.02,-0.02,0.035,0.001,-0.001,0.19,0.211462,-0.153189
K2-371 b,K2-371,TIC 366622912,0.958,0.44,-0.298,14.492,0.206,-0.206,12.391,0.027,-0.027,,,,,,
K2-419 A b,K2-419 A,TIC 437054764,0.562,0.024,-0.024,16.52,0.2,-0.2,12.555,0.024,-0.024,0.1208,0.0016,-0.0017,0.042,0.045,-0.029
HD 70642 b,HD 70642,TIC 183356952,1.078,0.015,-0.015,7.17,0.03,-0.03,5.574,0.02,-0.02,3.318,0.022,-0.021,0.175,0.044,-0.044
HD 72659 b,HD 72659,TIC 121284864,1.09,0.134,-0.134,7.46,0.03,-0.03,5.982,0.024,-0.024,4.691,0.185,-0.202,0.257,0.014,-0.016
HD 75289 b,HD 75289,TIC 181741837,1.29,0.1,-0.1,6.35,0.03,-0.03,5.012,0.02,-0.02,0.05,0.0,0.0,0.03,0.03,-0.03
WASP-37 b,WASP-37,TIC 368805700,0.925,0.12,-0.12,12.815,0.103,-0.103,11.093,0.023,-0.023,0.0446,0.0019,-0.0019,0.0,,
WASP-41 b,WASP-41,TIC 398943781,0.81,0.15,-0.15,11.632,0.018,-0.018,9.677,0.019,-0.019,0.04022,0.00044,-0.00044,0.0,,
Kepler-209 b,Kepler-209,TIC 159652365,0.971,0.026,-0.028,14.132,0.114,-0.114,12.362,0.021,-0.021,0.122,,,0.0,,
Kepler-361 b,Kepler-361,TIC 272601590,1.191,0.021,-0.046,13.635,0.103,-0.103,12.198,0.02,-0.02,0.086,,,0.0,,
Kepler-1321 b,Kepler-1321,TIC 271165895,0.54,0.072,-0.036,17.5054,0.0466,-0.0466,13.884,0.054,-0.054,0.0781,,,0.0,,
Kepler-1642 c,Kepler-1642,TIC 273036122,0.88,0.056,-0.053,14.319,0.046,-0.046,12.066,0.017,-0.017,0.0678,,,0.0,,
Kepler-401 d,Kepler-401,TIC 267746315,1.17,0.068,-0.053,13.366,0.08,-0.08,11.987,0.021,-0.021,0.66886,0.011,-0.011,0.0,,
Kepler-1641 c,Kepler-1641,TIC 184426431,1.12,0.162,-0.118,14.49,0.126,-0.126,12.735,0.028,-0.028,0.2065,,,0.0,,
Kepler-1642 b,Kepler-1642,TIC 273036122,0.88,0.056,-0.053,14.319,0.046,-0.046,12.066,0.017,-0.017,0.1016,,,0.0,,
K2-336 b,K2-336,TIC 46382728,0.86,0.03,-0.05,12.803,0.114,-0.114,10.796,0.019,-0.019,,,,,,
K2-271 b,K2-271,TIC 60286662,0.83,0.03,-0.03,13.845,0.103,-0.103,12.154,0.022,-0.022,0.077,0.0008,-0.0009,,,
HD 76700 b,HD 76700,TIC 302368715,0.99,0.17,-0.17,8.16,0.03,-0.03,6.5,0.024,-0.024,0.05,0.0,0.0,0.09,0.08,-0.08
HD 7924 b,HD 7924,TIC 468723402,0.65,0.05,-0.05,7.17896,0.023,-0.023,5.159,0.02,-0.02,0.06,0.0,0.0,0.06,0.05,-0.05
HD 75898 b,HD 75898,TIC 302580456,1.295,0.015,-0.015,8.03,0.03,-0.03,6.662,0.026,-0.026,1.2025,0.0047,-0.0047,0.105,0.009,-0.009
WASP-45 b,WASP-45,TIC 120610833,0.85,0.076,-0.07,11.801,0.062,-0.062,10.294,0.021,-0.021,0.03963,0.00114,-0.00112,0.0,,
WASP-7 b,WASP-7,TIC 389352124,1.276,0.065,-0.065,9.504,0.003,-0.003,8.396,0.023,-0.023,0.0617,0.0011,-0.0011,0.034,0.045,-0.024
Kepler-1512 b,Kepler-1512,TIC 158989438,0.73,0.022,-0.095,13.451,0.08,-0.08,10.623,0.014,-0.014,0.13693,0.00052,-0.00052,0.0,,
KOI-1831 d,Kepler-324,TIC 243271716,0.901,0.017,-0.027,14.222,0.069,-0.069,12.291,0.025,-0.025,0.19924,0.00163,-0.00163,0.0,,
Kepler-1542 d,Kepler-1542,TIC 279915941,0.94,0.032,-0.031,12.734,0.092,-0.092,10.989,0.019,-0.019,0.0629,0.00045,-0.00045,0.0,,
Kepler-109 b,Kepler-109,TIC 122441003,1.094,0.086,-0.078,12.398,0.057,-0.057,11.001,0.017,-0.017,0.0701,0.0019,-0.0019,0.11,,
Kepler-648 b,Kepler-648,TIC 164560223,1.05,0.031,-0.027,14.027,0.195,-0.195,12.44,0.023,-0.023,0.13324,0.00091,-0.00091,0.0,,
K2-119 b,K2-119,TIC 293460551,0.76,0.02,-0.02,14.818,0.172,-0.172,12.174,0.02,-0.02,0.0698,0.0006,-0.0006,0.07,0.151978,-0.057297
K2-338 b,K2-338,TIC 186814470,0.66,0.02,-0.02,13.322,0.126,-0.126,10.613,0.017,-0.017,,,,,,
OGLE-2012-BLG-0724L b,OGLE-2012-BLG-0724L,,0.29,0.33,-0.16,,,,,,,1.6,0.4,-0.3,,,
OGLE-2007-BLG-349L AB c,OGLE-2007-BLG-349L A,,0.41,0.07,-0.07,24.73,0.34,-0.34,,,,2.59,0.43,-0.34,,,
HD 80606 b,HD 80606,TIC 457134360,1.15,0.27,-0.27,9.06,0.03,-0.03,7.316,0.02,-0.02,0.4565,0.0051,-0.0053,0.93,0.0,0.0
Kepler-320 c,Kepler-320,TIC 275575525,1.072,0.03,-0.029,13.494,0.103,-0.103,12.307,0.03,-0.03,0.142,,,0.0,,
Kepler-173 c,Kepler-173,TIC 378160351,1.067,0.035,-0.034,14.357,0.172,-0.172,12.668,0.034,-0.034,0.074,,,0.0,,
Kepler-215 d,Kepler-215,TIC 271352188,0.788,0.018,-0.012,13.678,0.126,-0.126,11.996,0.019,-0.019,0.185,,,0.0,,
Kepler-730 b,Kepler-730,TIC 352013543,1.047,0.072,-0.054,15.782,0.069,-0.069,14.102,0.049,-0.049,0.0694,0.0016,-0.0012,0.0,,
Kepler-1972 c,Kepler-1972,TIC 121604440,1.12,0.03,-0.03,11.23,0.034,-0.034,9.792,0.017,-0.017,0.10493,0.00067,-0.00067,0.043,0.046,-0.028
K2-124 b,K2-124,TIC 197221381,0.39,0.013,-0.042,16.692,0.183,-0.183,11.975,0.018,-0.018,0.049,0.002,-0.002,0.08,0.15519,-0.06663
K2-351 b,K2-351,TIC 187273748,1.02,0.02,-0.02,14.195,0.092,-0.092,12.497,0.033,-0.033,,,,,,
Kepler-672 b,Kepler-672,TIC 26491504,0.95,0.044,-0.054,15.513,0.229,-0.229,13.497,0.047,-0.047,0.2163,,,0.0,,
HD 86264 b,HD 86264,TIC 348964243,1.26,0.185,-0.185,7.41,0.03,-0.03,6.224,0.023,-0.023,2.763,0.145,-0.155,0.821,0.101,-0.185
HD 88133 b,HD 88133,TIC 27073220,1.26,,,8.01852,0.023,-0.023,6.199,0.017,-0.017,0.0479,0.0033,-0.0033,0.031,0.021,-0.021
HD 82943 c,HD 82943,TIC 405485269,1.08,0.118905,-0.147458,6.54993,0.023,-0.023,5.105,0.018,-0.018,0.74345,0.00012,-0.00012,0.3663,0.0097,-0.0097
Kepler-256 c,Kepler-256,TIC 63362772,1.037,0.024,-0.028,15.178,0.103,-0.103,13.424,0.043,-0.043,0.045,,,0.0,,
Kepler-39 b,Kepler-39,TIC 272836943,1.29,0.06,-0.07,14.355,0.172,-0.172,12.918,0.028,-0.028,0.164,0.003,-0.003,0.112,0.057,-0.057
Kepler-586 b,Kepler-586,TIC 275490218,0.94,0.054,-0.051,14.435,0.115,-0.115,12.742,0.036,-0.036,0.0331,,,0.0,,
Kepler-675 b,Kepler-675,TIC 27006665,0.79,0.036,-0.045,15.605,0.08,-0.08,13.195,0.037,-0.037,0.0325,,,0.0,,
Kepler-1798 b,Kepler-1798,TIC 137315414,0.593,0.034,-0.034,16.391,0.149,-0.149,12.776,0.028,-0.028,0.1082,,,0.0,,
K2-378 b,K2-378,TIC 741119,0.923,0.425,-0.291,16.029,0.275,-0.275,13.392,0.032,-0.032,,,,,,
OGLE-2017-BLG-1140L b,OGLE-2017-BLG-1140L,,0.211,0.032,-0.025,,,,,,,1.02,0.15,-0.15,,,
OGLE-2016-BLG-0613L AB b,OGLE-2016-BLG-0613L AB,,0.72,0.55,-0.42,,,,,,,6.4,2.51,-2.63,,,
Kepler-239 b,Kepler-239,TIC 138641300,0.757,0.019,-0.019,15.252,0.115,-0.115,13.133,0.035,-0.035,0.095,,,0.0,,
Kepler-968 c,Kepler-968,TIC 350814607,0.76,0.026,-0.04,14.626,0.126,-0.126,11.831,0.025,-0.025,0.052,,,0.0,,
Kepler-217 b,Kepler-217,TIC 240178935,1.342,0.023,-0.024,13.155,0.069,-0.069,12.103,0.024,-0.024,0.065,,,0.0,,
Kepler-741 b,Kepler-741,TIC 159050690,1.16,0.129,-0.078,15.186,0.08,-0.08,13.693,0.043,-0.043,0.0744,,,0.0,,
Kepler-216 c,Kepler-216,TIC 270698499,1.126,0.045,-0.043,14.054,0.195,-0.195,12.621,0.021,-0.021,0.136,,,0.0,,
Kepler-233 b,Kepler-233,TIC 27843776,0.855,0.024,-0.024,15.477,0.069,-0.069,13.453,0.039,-0.039,0.077,,,0.0,,
Kepler-234 c,Kepler-234,TIC 137318075,1.129,0.031,-0.033,15.747,0.149,-0.149,14.065,0.069,-0.069,0.077,,,0.0,,
HD 98219 b,HD 98219,TIC 437246853,1.41,,,8.05,0.03,-0.03,5.813,0.023,-0.023,1.26,0.12,-0.12,0.079,0.04,-0.04
Ross 176 b,Ross 176,TIC 193336820,0.577,0.024,-0.024,11.524,0.127,-0.127,8.419,0.016,-0.016,0.0464,0.0012,-0.001,0.25,0.04,-0.04
TOI-5795 b,TOI-5795,TIC 151724385,0.901,0.055,-0.037,10.708,0.009,-0.009,9.168,0.021,-0.021,0.064,0.002,-0.002,0.25,,
HD 89307 b,HD 89307,TIC 61125572,1.27,0.12,-0.12,7.02569,0.023,-0.023,5.564,0.026,-0.026,3.27,0.07,-0.07,0.2,0.05,-0.05
Kepler-1405 b,Kepler-1405,TIC 184166357,1.05,0.08,-0.077,16.028,0.435,-0.435,14.237,0.072,-0.072,0.1778,,,0.0,,
Kepler-565 b,Kepler-565,TIC 164556745,0.98,0.043,-0.055,15.231,0.172,-0.172,13.492,0.047,-0.047,0.0501,,,0.0,,
Kepler-7 b,Kepler-7,TIC 121660904,1.359,0.031,-0.031,13.008,0.103,-0.103,11.535,0.02,-0.02,0.06067,0.00059,-0.00059,0.0,,
Kepler-159 c,Kepler-159,TIC 169082553,0.628,0.015,-0.015,15.386,0.046,-0.046,12.357,0.02,-0.02,0.218,,,0.0,,
KOI-7913 b,KOI-7913 A,TIC 158320130,0.76,0.025,-0.025,14.23,0.15,-0.15,11.212,,,0.1456,,,0.0,,
HIP 57274 d,HIP 57274,TIC 5078530,0.73,0.05,-0.05,8.97,0.03,-0.03,6.286,0.021,-0.021,1.01,,,0.27,0.05,-0.05
HIP 79431 b,HIP 79431,TIC 49324530,0.49,0.05,-0.05,11.394,0.045,-0.045,6.589,0.018,-0.018,0.36,,,0.29,0.02,-0.02
HR 8799 d,HR 8799,TIC 245368902,1.5,0.3,-0.3,5.98,0.01,-0.01,5.24,0.018,-0.018,24.0,,,0.6,,
HIP 57274 b,HIP 57274,TIC 5078530,0.29,0.3,-0.3,8.97,0.03,-0.03,6.286,0.021,-0.021,0.07,0.0,0.0,0.19,0.1,-0.1
BD-13 2130 b,BD-13 2130,TIC 288474555,2.12,1.47,-1.47,10.038,0.009,-0.009,7.151,0.023,-0.023,1.66,0.12,-0.12,0.21,0.07,-0.07
Kepler-1489 b,Kepler-1489,TIC 123312978,0.93,0.048,-0.061,14.983,0.057,-0.057,13.247,0.029,-0.029,0.3679,,,0.0,,
Kepler-1801 c,Kepler-1801,TIC 139034625,0.936,0.114,-0.093,15.28,0.046,-0.046,13.405,0.04,-0.04,0.4572,,,0.0,,
Kepler-225 c,Kepler-225,TIC 63203294,0.593,0.014,-0.014,16.294,0.286,-0.286,13.253,0.039,-0.039,0.111,,,0.0,,
Kepler-203 c,Kepler-203,TIC 169084431,1.06,0.022,-0.036,14.14,0.137,-0.137,12.445,0.026,-0.026,0.061,,,0.0,,
OGLE-2016-BLG-1067L b,OGLE-2016-BLG-1067L,,0.3,0.15,-0.12,,,,,,,1.7,0.38,-0.39,,,
OGLE2-TR-L9 b,OGLE2-TR-L9,TIC 466840711,1.52,0.08,-0.08,14.718,0.069,-0.069,13.117,0.037,-0.037,0.0308,0.0005,-0.0005,,,
Kepler-1492 b,Kepler-1492,TIC 121660826,0.77,0.029,-0.04,14.689,0.149,-0.149,12.158,0.021,-0.021,0.1262,,,0.0,,
Kepler-241 b,Kepler-241,TIC 137899939,0.671,0.017,-0.017,15.708,0.195,-0.195,12.881,0.033,-0.033,0.094,,,0.0,,
Kepler-1538 b,Kepler-1538,TIC 164522561,1.03,0.052,-0.056,15.551,0.103,-0.103,13.751,0.057,-0.057,0.6095,,,0.0,,
Kepler-658 b,Kepler-658,TIC 164456041,0.63,0.022,-0.027,16.44,0.2,-0.2,12.627,0.027,-0.027,0.0188,,,0.0,,
Kepler-588 b,Kepler-588,TIC 164723136,1.01,0.053,-0.066,14.8,0.069,-0.069,13.187,0.038,-0.038,0.052,,,0.0,,
Kepler-184 c,Kepler-184,TIC 63119782,0.872,0.024,-0.028,14.42,0.069,-0.069,12.69,0.029,-0.029,0.141,,,0.0,,
KMT-2018-BLG-1990L b,KMT-2018-BLG-1990L,,0.094,0.036,-0.024,,,,,,,0.763,0.219,-0.145,,,
OGLE-TR-113 b,OGLE-TR-113,TIC 915110182,0.779,0.017,-0.015,15.8485,0.0464,-0.0464,,,,0.02289,0.00016,-0.00015,0.0,,
OGLE-TR-10 b,OGLE-TR-10,TIC 130150682,1.14,0.1,-0.12,16.006,0.15,-0.15,12.856,,,0.0434,0.0013,-0.0015,0.0,,
Kepler-1921 c,Kepler-1921,TIC 239287963,1.251,0.19,-0.233,13.103,0.069,-0.069,11.514,0.023,-0.023,0.0454,,,0.0,,
Kepler-143 b,Kepler-143,TIC 28364164,0.982,0.028,-0.027,13.882,0.08,-0.08,12.223,0.025,-0.025,0.127,,,0.0,,
Kepler-196 b,Kepler-196,TIC 164828012,0.839,0.017,-0.023,14.239,0.092,-0.092,12.235,0.023,-0.023,0.138,,,0.0,,
Kepler-226 c,Kepler-226,TIC 63204017,0.904,0.029,-0.03,15.563,0.172,-0.172,13.633,0.053,-0.053,0.058,,,0.0,,
Kepler-227 b,Kepler-227,TIC 26539443,0.954,0.035,-0.034,15.623,0.126,-0.126,13.648,0.054,-0.054,0.09,,,0.0,,
Kepler-622 b,Kepler-622,TIC 120254625,0.64,0.027,-0.025,15.052,0.137,-0.137,11.909,0.02,-0.02,0.0978,,,0.0,,
OGLE-2013-BLG-0911L b,OGLE-2013-BLG-0911L,,0.29,0.07,-0.05,26.42,1.15,-1.13,19.64,0.78,-0.76,0.39,0.05,-0.03,,,
OGLE-TR-211 b,OGLE-TR-211,TIC 390001646,1.33,0.05,-0.05,15.364,0.195,-0.195,13.379,0.045,-0.045,0.051,0.001,-0.001,0.0,,
Kepler-743 b,Kepler-743,TIC 271760755,0.94,0.025,-0.032,12.66,0.046,-0.046,10.777,0.012,-0.012,0.04166,0.00047,-0.00047,0.0,,
Kepler-240 c,Kepler-240,TIC 122712446,0.868,0.017,-0.019,15.953,1.133,-1.133,13.464,0.033,-0.033,0.074,,,0.0,,
K2-35 c,K2-35,TIC 363478257,0.701968,0.070197,-0.070197,14.166,0.172,-0.172,11.423,0.021,-0.021,0.055,0.002,-0.002,0.12,0.156754,-0.096124
K2-42 b,K2-42,TIC 82054726,0.702,0.046,-0.046,15.006,0.126,-0.126,12.284,0.019,-0.019,0.0617,0.0013,-0.0013,,,
K2-199 b,K2-199,TIC 2621212,0.711,0.022,-0.024,12.358,0.114,-0.114,9.625,0.019,-0.019,0.0382,0.0004,-0.0004,0.02,0.03,-0.02
Kepler-215 b,Kepler-215,TIC 271352188,0.788,0.018,-0.012,13.678,0.126,-0.126,11.996,0.019,-0.019,0.084,,,0.0,,
Kepler-274 c,Kepler-274,TIC 137892978,0.883,0.019,-0.014,15.238,0.057,-0.057,13.456,0.039,-0.039,0.204,,,0.0,,
Kepler-1658 b,Kepler-1658,TIC 377873569,1.447,0.058,-0.058,11.62,0.016,-0.016,10.195,0.023,-0.023,0.0544,0.0007,-0.0007,0.0628,0.0197,-0.0185
Kepler-460 c,KIC 5437945,TIC 121603086,1.17,0.155,-0.086,13.834,0.114,-0.114,12.367,0.027,-0.027,0.75318,0.00591,-0.00591,0.0,,
Kepler-591 b,Kepler-591,TIC 405686888,0.97,0.039,-0.045,14.628,0.137,-0.137,12.971,0.032,-0.032,0.3554,,,0.0,,
Kepler-553 b,Kepler-553,TIC 264508613,0.889,0.046,-0.036,15.034,0.229,-0.229,13.064,0.037,-0.037,0.04766,0.00081,-0.00065,0.0,,
PSR B1257+12 c,PSR B1257+12,,1.4,,,,,,,,,0.36,,,0.0186,0.0002,-0.0002
OGLE-2007-BLG-368L b,OGLE-2007-BLG-368L,,0.64,0.21,-0.26,17.71,0.18,,,,,2.8,0.5,-0.6,,,
OGLE-2012-BLG-0838L b,OGLE-2012-BLG-0838L,,0.4,0.29,-0.2,,,,,,,4.43,0.71,-0.81,,,
ups And c,ups And,TIC 189576919,1.3,,,4.09565,0.023,-0.023,2.859,0.274,-0.274,0.827774,1.5e-05,-1.5e-05,0.2596,0.0079,-0.0079
Kepler-1500 b,Kepler-1500,TIC 121786521,1.0,0.067,-0.068,14.728,0.08,-0.08,13.03,0.031,-0.031,0.1236,,,0.0,,
Kepler-710 b,Kepler-710,TIC 63120475,0.94,0.057,-0.061,15.071,0.08,-0.08,13.378,0.044,-0.044,0.0524,,,0.0,,
Kepler-246 b,Kepler-246,TIC 272484980,0.853,0.012,-0.015,15.197,0.08,-0.08,13.038,0.031,-0.031,0.052,,,0.0,,
Kepler-643 b,Kepler-643,TIC 159311390,1.0,0.066,-0.041,13.988,0.114,-0.114,11.583,0.011,-0.011,0.13485,0.002,-0.002,0.37,0.06,-0.06
K2-58 d,K2-58,TIC 437703489,0.89,0.08,-0.08,12.415,0.057,-0.057,10.215,0.021,-0.021,0.1517,0.0046,-0.0046,,,
K2-68 b,K2-68,TIC 38258419,0.73,0.096,-0.096,12.987,0.103,-0.103,10.53,0.019,-0.019,0.0708,0.0031,-0.0031,,,
K2-168 b,K2-168,TIC 437695245,0.877,0.06,-0.029,12.365,0.069,-0.069,10.549,0.024,-0.024,,,,,,
OGLE-2011-BLG-0251L b,OGLE-2011-BLG-0251L,,0.26,0.11,-0.11,,,,,,,2.72,0.75,-0.75,,,
KMT-2019-BLG-0842L b,KMT-2019-BLG-0842L,,0.76,0.42,-0.39,,,,,,,3.31,1.38,-1.47,,,
WASP-13 b,WASP-13,TIC 8767448,0.72,0.25,-0.25,10.424,0.008,-0.008,9.119,0.016,-0.016,0.05362,0.00074,-0.00085,0.0,,
KMT-2017-BLG-2509L b,KMT-2017-BLG-2509L,,0.46,0.37,-0.27,,,,,,,2.14,0.27,-0.39,,,
OGLE-2018-BLG-0383L b,OGLE-2018-BLG-0383L,,0.1,0.13,-0.05,,,,,,,1.8,0.2,-0.2,,,
OGLE-2019-BLG-0299L b,OGLE-2019-BLG-0299L,,0.59,0.36,-0.35,,,,,,,2.8,0.58,-0.89,,,
OGLE-2014-BLG-0676L b,OGLE-2014-BLG-0676L,,0.73,0.14,-0.29,,,,,,,4.53,1.49,-2.5,,,
OGLE-2019-BLG-0362L b,OGLE-2019-BLG-0362L,,0.42,0.34,-0.23,,,,,,,2.18,0.58,-0.72,,,
KMT-2021-BLG-0119L b,KMT-2021-BLG-0119L,,0.56,0.32,-0.24,,,,,,,2.92,0.67,-0.68,,,
KMT-2017-BLG-1194L b,KMT-2017-BLG-1194L,,0.41,0.23,-0.19,,,,,,,1.78,0.45,-0.46,,,
OGLE-2017-BLG-1806L b,OGLE-2017-BLG-1806L,,0.38,0.34,-0.2,,,,,,,1.75,0.46,-0.47,,,
OGLE-2018-BLG-0516L b,OGLE-2018-BLG-0516L,,0.47,0.38,-0.25,,,,,,,2.2,0.8,-0.7,,,
OGLE-2016-BLG-1093L b,OGLE-2016-BLG-1093L,,0.46,0.08,-0.08,,,,,,,2.13,0.33,-0.33,,,
KMT-2021-BLG-0748L b,KMT-2021-BLG-0748L,,0.36,0.32,-0.2,,,,,,,2.43,0.67,-0.67,,,
KMT-2021-BLG-0909L b,KMT-2021-BLG-0909L,,0.38,0.3,-0.2,,,,,,,1.75,0.42,-0.42,,,
OGLE-2018-BLG-1647L b,OGLE-2018-BLG-1647L,,0.092,0.17,-0.053,,,,,,,1.36,0.2,-0.17,,,
OGLE-2018-BLG-0932L b,OGLE-2018-BLG-0932L,,0.72,0.29,-0.25,,,,,,,1.75,0.24,-0.23,,,
KMT-2022-BLG-1013L b,KMT-2022-BLG-1013L,,0.18,0.28,-0.1,,,,,,,1.38,0.18,-0.2,,,
KMT-2019-BLG-0371L b,KMT-2019-BLG-0371L,,0.09,0.14,-0.05,,,,,,,0.79,0.14,-0.16,,,
KMT-2023-BLG-1431L b,KMT-2023-BLG-1431L,,0.57,0.33,-0.29,,,,,,,3.2,0.7,-0.8,,,
MOA-2022-BLG-563L b,MOA-2022-BLG-563L,,0.48,0.36,-0.3,,,,,,,2.15,0.37,-0.52,,,
MOA-2016-BLG-526L b,MOA-2016-BLG-526L,,0.37,0.13,-0.13,,,,,,,2.07,0.35,-0.35,,,
KMT-2018-BLG-1743L b,KMT-2018-BLG-1743L,,0.193,0.268,-0.107,,,,,,,1.449,0.209,-0.229,,,
KMT-2023-BLG-1743L b,KMT-2023-BLG-1743L,,0.11,0.16,-0.06,,,,,,,1.16,0.17,-0.21,,,
OGLE-2019-BLG-0304L b,OGLE-2019-BLG-0304L,,0.27,0.27,-0.12,,,,,,,1.23,1.39,-1.07,,,
KMT-2016-BLG-2605L b,KMT-2016-BLG-2605L,,0.064,0.099,-0.033,,,,,,,0.681,0.102,-0.11,,,
OGLE-2018-BLG-0962L b,OGLE-2018-BLG-0962L,,0.54,0.33,-0.28,,,,,,,3.59,0.81,-1.12,,,
HD 40979 b,HD 40979,TIC 440489582,1.45,0.15,-0.15,6.75512,0.023,-0.023,5.452,0.02,-0.02,0.85,0.01,-0.01,0.25,0.01,-0.01
Kepler-272 c,Kepler-272,TIC 268704766,0.91,0.014,-0.011,14.811,0.137,-0.137,12.708,0.025,-0.025,0.061,,,0.0,,
HD 43691 b,HD 43691,TIC 258444495,1.32,0.25,-0.25,8.03,0.03,-0.03,6.7,0.023,-0.023,0.238,0.015,-0.015,0.0796,0.0067,-0.0067
HD 45652 b,HD 45652,TIC 206948365,0.92,0.13,-0.13,8.1,0.03,-0.03,6.263,0.023,-0.023,0.237,0.011,-0.011,0.607,0.026,-0.026
HD 47186 c,HD 47186,TIC 101145648,0.96,0.05,-0.05,7.63,0.03,-0.03,6.005,0.027,-0.027,2.395,,,0.249,0.073,-0.073
HD 48265 b,HD 48265,TIC 255781806,1.312,0.064,-0.064,8.05,0.03,-0.03,6.449,0.02,-0.02,1.814,0.03,-0.031,0.211,0.089,-0.096
HD 45350 b,HD 45350,TIC 144132551,0.98,0.114243,-0.156137,7.89,0.03,-0.03,6.224,0.017,-0.017,1.92,0.07,-0.07,0.778,0.009,-0.009
Kepler-617 b,Kepler-617,TIC 164557035,0.51,0.024,-0.028,15.549,0.114,-0.114,11.573,0.023,-0.023,0.0219,,,0.0,,
HD 60532 b,HD 60532,TIC 456871289,1.5,0.09,-0.09,4.44,0.03,-0.03,3.355,0.286,-0.286,0.77,0.02,-0.02,0.26,0.02,-0.02
HD 60532 c,HD 60532,TIC 456871289,1.5,0.09,-0.09,4.44,0.03,-0.03,3.355,0.286,-0.286,1.6,0.04,-0.04,0.03,0.02,-0.02
HD 63765 b,HD 63765,TIC 340697083,0.65,0.01,-0.01,8.1,0.03,-0.03,6.316,0.021,-0.021,0.94,0.02,-0.02,0.24,0.04,-0.04
Kepler-1739 b,Kepler-1739,TIC 272279981,0.865,0.087,-0.096,14.899,0.16,-0.16,13.024,0.028,-0.028,0.0697,,,0.0,,
HD 92788 b,HD 92788,TIC 169248301,1.15,0.07,-0.07,7.31637,0.023,-0.023,5.721,0.02,-0.02,0.97,0.02,-0.02,0.35,0.004,-0.005
HD 96063 b,HD 96063,TIC 53178442,1.37,,,8.21,0.03,-0.03,6.05,0.031,-0.031,1.11,0.14,-0.14,0.17,0.11,-0.11
HD 96127 b,HD 96127,TIC 252803484,10.94,10.02,-10.02,7.40521,0.023,-0.023,3.911,0.036,-0.036,1.42,0.13,-0.13,0.3,0.1,-0.1
TOI-5181 A b,TOI-5181 A,TIC 346667887,1.25,0.06,-0.072,12.301,0.057,-0.057,10.627,0.017,-0.017,0.0522,0.0008,-0.001,0.15,,
WASP-94 A b,WASP-94 A,TIC 92352620,1.67,0.64,-0.64,10.051,0.006,-0.006,8.874,0.024,-0.024,0.055,0.001,-0.001,0.0,,
TOI-1453 c,TOI-1453,TIC 198390247,0.715,0.035,-0.035,11.113,0.014,-0.014,8.686,0.019,-0.019,,,,0.0,,
TOI-3474 b,TOI-3474,TIC 274367763,1.121,0.069,-0.067,12.531,0.08,-0.08,10.943,0.025,-0.025,0.0502,0.001,-0.001,0.13,,
TOI-1739 b,TOI-1739,TIC 159418353,0.78,0.09,-0.09,10.692,0.008,-0.008,8.388,0.015,-0.015,0.073872,0.00288,-0.003135,,,
TOI-1846 b,TOI-1846,TIC 198385543,0.418,0.025,-0.025,13.971,0.011,-0.011,9.596,0.016,-0.016,0.03646,0.00072,-0.00074,,,
TOI-2382 b,TOI-2382,TIC 2760219,1.26,0.064,-0.065,11.814,0.028,-0.028,10.578,0.023,-0.023,0.059,0.001,-0.001,0.18,,
TOI-2876 b,TOI-2876,TIC 10827386,0.939,0.041,-0.045,12.401,0.069,-0.069,10.443,0.023,-0.023,0.0654,0.0009,-0.0011,0.13,,
TOI-3593 b,TOI-3593,TIC 162289289,1.015,0.037,-0.043,12.201,0.046,-0.046,10.266,0.015,-0.015,0.0481,0.00058,-0.0007,0.105,0.052,-0.028
TOI-3135 b,TOI-3135,TIC 448098793,1.044,0.042,-0.047,11.79,0.021,-0.021,10.009,0.021,-0.021,0.04756,0.00063,-0.00073,0.24,,
TOI-3682 b,TOI-3682,TIC 28961316,1.32,0.05,-0.12,11.678,0.033,-0.033,10.062,0.021,-0.021,0.048,0.0006,-0.0015,0.22,,
HD 101581 c,HIP 56998,TIC 397362481,0.653,0.028,-0.028,7.77,0.03,-0.03,5.101,0.016,-0.016,0.0573,0.0009,-0.0009,,,
TOI-6894 b,TOI-6894,TIC 67512645,0.207,0.011,-0.011,,,,12.207,0.021,-0.021,0.02604,0.00045,-0.00045,0.029,0.03,-0.03
TOI-125 c,TOI-125,TIC 52368076,0.859,0.044,-0.038,11.023,0.008,-0.008,8.995,0.021,-0.021,0.0814,0.0013,-0.0013,0.066,0.07,-0.047
TOI-1836 c,TOI-1836,TIC 207468071,1.2518,0.0243,-0.0404,9.765,0.004,-0.004,8.531,0.018,-0.018,0.03089,0.0005,-0.0005,0.0,,
TOI-4734 b,TOI-4734,TIC 97714451,1.391,0.074,-0.097,12.358,0.069,-0.069,10.848,0.018,-0.018,0.074,0.0013,-0.0018,0.12,,
TOI-2368 b,TOI-2368,TIC 401125028,0.897,0.048,-0.049,12.486,0.069,-0.069,10.342,0.02,-0.02,0.05649,0.001,-0.001,0.061,0.066,-0.042
WASP-94 B b,WASP-94 B,TIC 92352621,1.24,0.09,-0.09,10.589,0.023,-0.023,9.188,0.023,-0.023,0.0335,0.0006,-0.0005,0.0,,
TOI-654.01,TOI-654,TIC 35009898,0.419,0.009,-0.009,14.54,0.1,-0.1,9.918,0.021,-0.021,0.01944,0.00015,-0.00015,0.0,,
BEBOP-3 b,BEBOP-3,TIC 289949453,1.083,0.026,-0.026,9.259,0.003,-0.003,7.86,0.017,-0.017,1.444,0.017,-0.017,0.247,0.077,-0.089
TOI-5800 b,TOI-5800,TIC 151759246,0.778,0.037,-0.032,9.553001,0.005,-0.005,7.191,0.02,-0.02,0.0344,0.0014,-0.0014,0.3,0.083,-0.082
Proxima Cen b,Proxima Cen,TIC 388857263,0.1221,0.0022,-0.0022,11.01,0.1,-0.1,4.384,0.033,-0.033,0.04848,0.00029,-0.00029,0.0,,
GJ 3512 b,GJ 3512,TIC 445064836,0.123,0.009,-0.009,15.18,0.2,-0.2,8.668,0.021,-0.021,0.3376,0.0082,-0.0084,0.4279,0.0036,-0.0035
TOI-942 b,TOI-942,TIC 146520535,0.822,0.0079,-0.0064,11.982,0.026,-0.026,9.639,0.023,-0.023,0.04866,0.00016,-0.00013,0.34,0.1,-0.14
TOI-4155 b,TOI-4155,TIC 467331291,1.16,0.22,-0.22,11.85,0.02,-0.02,10.265,0.021,-0.021,,,,,,
TOI-6324 b,TOI-6324,TIC 372207328,0.269,0.012,-0.012,13.386,0.026,-0.026,8.691,0.022,-0.022,,,,0.0,,
OGLE-2015-BLG-1609L b,OGLE-2015-BLG-1609L,,0.17,0.63,-0.12,,,,,,,,,,,,
MOA-2022-BLG-033L b,MOA-2022-BLG-033L,,0.51,0.39,-0.26,,,,,,,2.15,1.17,-0.75,,,
KMT-2023-BLG-1896L b,KMT-2023-BLG-1896L,,0.72,0.43,-0.37,,,,,,,2.86,1.12,-1.02,,,
KMT-2024-BLG-1209L b,KMT-2024-BLG-1209L,,0.77,0.46,-0.34,,,,,,,2.51,1.5,-1.1,,,
HD 15906 b,HD 15906,TIC 4646810,0.79,0.02,-0.036,9.78,0.03,-0.03,7.459,0.023,-0.023,0.09,0.001,-0.001,0.11,0.04,-0.03
Gaia-4 b,Gaia-4,TIC 166669918,0.644,0.025,-0.023,12.405,0.069,-0.069,9.135,0.019,-0.019,,,,0.338,0.026,-0.023
WASP-47 e,WASP-47,TIC 102264230,1.058,0.047,-0.047,11.936,0.046,-0.046,10.192,0.026,-0.026,0.01673,0.00053,-0.00053,0.0,,
K2-10 b,K2-10,TIC 363573185,0.88,0.04,-0.04,12.429,0.069,-0.069,10.645,0.021,-0.021,0.137,0.0015,-0.0015,0.31,0.16,-0.18
Kepler-103 c,Kepler-103,TIC 121865656,1.212,0.024,-0.033,11.883,0.024,-0.024,10.873,0.017,-0.017,0.6679,0.0193,-0.0082,0.103,0.092,-0.068
K2-73 c,K2-73,TIC 38354061,1.02,0.04,-0.04,11.345,0.034,-0.034,10.322,0.021,-0.021,,,,,,
Kepler-103 b,Kepler-103,TIC 121865656,1.212,0.024,-0.033,11.883,0.024,-0.024,10.873,0.017,-0.017,0.133,0.0039,-0.0016,0.171,0.288,-0.124
TOI-6054.01,TOI-6054,TIC 392681545,1.107,0.04,-0.04,8.020001,0.03,-0.03,6.673,0.024,-0.024,0.0763,0.0047,-0.0047,0.164,0.052,-0.055
TOI-178 f,TOI-178,TIC 251848941,0.65,0.027,-0.029,11.955,0.035,-0.035,8.656,0.021,-0.021,0.1039,0.0031,-0.0031,,,
TOI-1408 b,TOI-1408,TIC 364186197,1.312,0.009,-0.009,9.270001,0.003,-0.003,8.078,0.02,-0.02,0.05778,0.0001,-0.0001,0.0023,0.0005,-0.0005
KMT-2024-BLG-0404L c,KMT-2024-BLG-0404L,,0.09,0.133,-0.046,,,,,,,,,,,,
K2-19 b,K2-19,TIC 281885301,0.88,0.03,-0.03,13.024,0.092,-0.092,11.161,0.026,-0.026,0.074,0.0012,-0.0012,0.2,0.03,-0.03
TOI-2141 b,TOI-2141,TIC 287256467,0.896,0.059,-0.051,9.46,0.003,-0.003,7.87,0.024,-0.024,0.1322,0.003,-0.003,0.21,,
TOI-2141 d,TOI-2141,TIC 287256467,0.896,0.059,-0.051,9.46,0.003,-0.003,7.87,0.024,-0.024,0.2906,0.0055,-0.0057,,,
HD 171238 b,HD 171238,TIC 228217280,0.92,0.03,-0.03,8.61,0.03,-0.03,6.831,0.017,-0.017,2.518,0.032,-0.033,0.358,0.028,-0.026
TOI-1203 e,TOI-1203,TIC 23434737,0.886,0.036,-0.036,8.59,0.03,-0.03,6.997,0.021,-0.021,,,,0.152,0.029,-0.029
KOI-351 e,KOI-351,TIC 267667295,1.2,0.1,-0.1,13.883,0.069,-0.069,12.482,0.024,-0.024,0.42,0.06,-0.06,0.0,,
